Administrative,Administrative_Duration,Informational,Informational_Duration,ProductRelated,ProductRelated_Duration,PageValues,SpecialDay,OperatingSystems,Browser,Region,TrafficType,Weekend,Total_Pages_Viewed,Total_Duration,Avg_Duration_Per_Page,ProductRelated_Ratio,Page_Efficiency,Bounce_Exit_Ratio,Weekend_Returning,Is_Holiday_Season,Month_Dec,Month_Feb,Month_Jul,Month_June,Month_Mar,Month_May,Month_Nov,Month_Oct,Month_Sep,VisitorType_Returning_Visitor,Actual,Predicted,Probability
0,0.0,0,0.0,12,482.5,0.0,0.0,1,2,1,10,0,12,482.5,40.208333333333336,1.0,0.0,0.4998750312421894,0,1,0,0,0,0,0,0,1,0,0,1,0,0,0.07108816330592016
2,287.2,0,0.0,16,473.2833333,0.0,0.0,2,2,1,2,1,18,760.4833332999999,42.249074072222214,0.8888888888888888,0.0,0.0,0,0,0,0,0,0,0,0,0,1,0,0,0,0,0.0377923968970553
2,187.9,4,100.1,29,2107.033333,0.0,0.0,1,1,3,1,0,35,2395.033333,68.4295238,0.8285714285714286,0.0,0.0,0,0,0,0,0,0,0,0,0,1,0,1,0,0,0.07608453149984565
7,280.2666667,0,0.0,11,329.6833333,0.0,0.0,2,2,7,2,0,18,609.95,33.88611111111111,0.6111111111111112,0.0,0.0,0,1,1,0,0,0,0,0,0,0,0,1,0,0,0.09430446019663719
0,0.0,0,0.0,5,0.0,0.0,0.0,3,2,5,6,0,5,0.0,0.0,1.0,0.0,0.999950002499875,0,1,0,0,0,0,0,1,0,0,0,1,0,0,0.024438128369347105
11,250.25,0,0.0,169,8276.292565,8.174728678,0.0,4,1,1,8,1,180,8526.542565,47.36968091666667,0.9388888888888889,508.9494131073734,0.14982081584403703,1,1,0,0,0,0,0,0,1,0,0,1,0,1,0.5614144033195895
0,0.0,0,0.0,5,1377.25,0.0,0.0,3,2,6,1,0,5,1377.25,275.45,1.0,0.0,0.964234057167948,0,1,0,0,0,0,0,0,1,0,0,1,0,0,0.07587538345929087
10,519.0,0,0.0,89,2577.960349,0.0,0.0,3,2,7,1,0,99,3096.960349,31.28242776767677,0.898989898989899,0.0,0.3445592030779204,0,0,0,0,1,0,0,0,0,0,0,1,0,0,0.039972594679212124
0,0.0,0,0.0,2,180.1470588,0.0,0.0,6,2,3,8,0,2,180.1470588,90.0735294,1.0,0.0,0.5998920086393088,0,1,0,0,0,0,0,0,1,0,0,1,0,0,0.07108816330592016
0,0.0,0,0.0,6,161.6666667,0.0,0.0,2,2,9,3,0,6,161.6666667,26.944444450000002,1.0,0.0,0.0,0,1,1,0,0,0,0,0,0,0,0,0,0,0,0.03373776773280304
0,0.0,0,0.0,51,6505.333333,0.0,0.0,2,2,6,1,1,51,6505.333333,127.5555555490196,1.0,0.0,0.7150897220094664,1,1,1,0,0,0,0,0,0,0,0,1,0,0,0.03373776773280304
0,0.0,0,0.0,43,3747.833333,0.0,0.0,2,2,3,13,0,43,3747.833333,87.15891472093023,1.0,0.0,0.40901097225672134,0,0,0,0,1,0,0,0,0,0,0,1,0,0,0.03373776773280304
0,0.0,0,0.0,8,122.75,0.0,0.0,3,2,1,2,0,8,122.75,15.34375,1.0,0.0,0.0,0,1,0,0,0,0,0,0,1,0,0,0,0,0,0.06723129767552383
1,6.0,0,0.0,44,2011.305556,0.0,0.0,2,2,1,3,0,45,2017.305556,44.829012355555555,0.9777777777777777,0.0,0.0,0,1,0,0,0,0,0,0,1,0,0,1,0,0,0.1667738392166989
4,196.5,3,72.5,245,7569.248612,4.770910365,0.0,3,2,1,13,1,252,7838.248612,31.10416115873016,0.9722222222222222,289.5236215297475,0.46401331578803007,1,1,0,0,0,0,0,0,1,0,0,1,0,1,0.5699355597921311
0,0.0,0,0.0,2,0.0,0.0,0.0,1,1,1,1,0,2,0.0,0.0,1.0,0.0,0.999950002499875,0,1,0,0,0,0,0,1,0,0,0,1,0,0,0.024438128369347105
0,0.0,1,0.0,46,4053.092208,0.0,0.0,1,1,1,2,0,47,4053.092208,86.23600442553192,0.9787234042553191,0.0,0.47768195893154725,0,0,0,0,0,0,1,0,0,0,0,1,0,0,0.024385651554708697
0,0.0,0,0.0,33,663.2333333,0.0,0.8,3,2,3,13,0,33,663.2333333,20.097979796969696,1.0,0.0,0.44254894370578135,0,1,0,0,0,0,0,1,0,0,0,1,0,0,0.024438128369347105
0,0.0,0,0.0,14,158.5,0.0,0.0,2,2,6,6,1,14,158.5,11.321428571428571,1.0,0.0,0.0,1,1,0,0,0,0,0,1,0,0,0,1,0,0,0.024438128369347105
9,551.7944444,4,124.2,94,5579.315873,0.0,0.0,2,2,5,2,0,107,6255.3103174,58.46084408785047,0.8785046728971962,0.0,0.0,0,0,0,0,0,1,0,0,0,0,0,0,0,0,0.039972594679212124
3,31.6,0,0.0,17,372.8,2.3976,0.0,3,2,7,1,0,20,404.40000000000003,20.220000000000002,0.85,90.68568796702364,0.5043136786780192,0,0,0,0,0,0,1,0,0,0,0,1,0,1,0.572464036076836
0,0.0,0,0.0,6,285.5,18.1695357,0.0,1,1,1,8,0,6,285.5,47.583333333333336,1.0,454.1248612846788,0.0,0,1,0,0,0,0,0,0,1,0,0,0,1,1,0.7620124118205341
6,192.5,0,0.0,14,327.0,0.0,0.0,1,1,1,9,1,20,519.5,25.975,0.7,0.0,0.0,1,0,0,0,0,0,1,0,0,0,0,1,0,0,0.027559445376056948
0,0.0,0,0.0,12,168.2857143,0.0,0.8,2,2,2,2,0,12,168.2857143,14.023809524999999,1.0,0.0,0.0,0,1,0,0,0,0,0,1,0,0,0,1,0,0,0.024438128369347105
5,199.125,0,0.0,9,430.6071429,0.0,0.0,3,2,1,11,0,14,629.7321429,44.98086735,0.6428571428571429,0.0,0.0,0,1,0,0,0,0,0,0,1,0,0,1,0,0,0.08121823627195879
0,0.0,2,84.5,42,2762.408333,0.0,0.0,2,2,1,2,0,44,2846.908333,64.70246211363636,0.9545454545454546,0.0,0.18065108559639595,0,1,0,0,0,0,0,0,1,0,0,0,0,0,0.17426837535661518
10,471.06,0,0.0,171,5830.91,0.0,0.0,2,10,4,2,0,181,6301.97,34.8175138121547,0.9447513812154696,0.0,0.19963666124383575,0,0,0,0,0,0,0,0,0,1,0,1,1,0,0.039972594679212124
3,44.0,0,0.0,14,469.8761905,0.0,0.0,2,4,1,10,0,17,513.8761905,30.228011205882353,0.8235294117647058,0.0,0.0,0,0,0,0,0,0,1,0,0,0,0,1,0,0,0.02682579378132341
0,0.0,0,0.0,1,0.0,0.0,0.0,3,2,4,3,0,1,0.0,0.0,1.0,0.0,0.999950002499875,0,1,0,0,0,0,0,0,1,0,0,1,0,0,0.061158393045808314
0,0.0,0,0.0,26,955.375,0.0,0.0,2,2,7,2,1,26,955.375,36.74519230769231,1.0,0.0,0.0,0,1,1,0,0,0,0,0,0,0,0,0,0,0,0.03373776773280304
5,87.8,0,0.0,38,842.4235931,52.28594057,0.0,1,1,1,2,1,43,930.2235930999999,21.633106816279067,0.8837209302325582,4589.6609329927705,0.0,1,0,0,0,0,0,0,0,0,1,0,1,1,1,0.6660333537728644
0,0.0,0,0.0,10,122.1666667,0.0,0.0,1,1,1,5,1,10,122.1666667,12.216666669999999,1.0,0.0,0.0,0,1,0,0,0,0,0,0,1,0,0,0,0,0,0.06746516550394657
0,0.0,0,0.0,18,103.8333333,0.0,0.0,2,2,3,3,0,18,103.8333333,5.768518516666667,1.0,0.0,0.5998920086393088,0,1,0,0,0,0,0,1,0,0,0,1,0,0,0.024438128369347105
1,5.0,0,0.0,47,1480.233333,15.15643787,0.0,2,2,1,3,1,48,1485.233333,30.942361104166665,0.9791666666666666,544.5281876451144,0.3742415501230614,1,1,0,0,0,0,0,0,1,0,0,1,1,1,0.5168611536997038
6,148.2083333,2,139.5,98,3714.352664,0.0,0.0,2,2,1,2,0,106,4002.0609973,37.75529242735849,0.9245283018867925,0.0,0.37202569179665496,0,1,0,0,0,0,0,0,1,0,0,1,0,0,0.20524553422272854
4,539.5,0,0.0,1,0.0,0.0,0.0,3,2,8,8,0,5,539.5,107.9,0.2,0.0,0.0,0,0,0,0,0,0,1,0,0,0,0,0,0,0,0.027559445376056948
2,71.1,0,0.0,11,529.8,0.0,0.0,2,2,2,2,0,13,600.9,46.223076923076924,0.8461538461538461,0.0,0.0,0,0,0,0,0,0,0,0,0,1,0,1,0,0,0.07608453149984565
0,0.0,0,0.0,10,22.5,0.0,0.4,2,5,1,4,0,10,22.5,2.25,1.0,0.0,0.9374121146848354,0,1,0,0,0,0,0,1,0,0,0,1,0,0,0.024438128369347105
0,0.0,0,0.0,32,707.7,0.0,0.0,2,2,6,13,0,32,707.7,22.115625,1.0,0.0,0.2962611838596907,0,0,0,0,0,1,0,0,0,0,0,1,0,0,0.03373776773280304
0,0.0,0,0.0,6,279.0,0.0,0.0,1,2,3,10,1,6,279.0,46.5,1.0,0.0,0.0,1,1,1,0,0,0,0,0,0,0,0,1,0,0,0.03373776773280304
9,433.8,2,6.0,28,728.7,0.0,0.0,2,10,1,3,0,39,1168.5,29.96153846153846,0.717948717948718,0.0,0.0,0,0,0,0,0,0,0,0,0,1,0,1,0,0,0.08664988265574693
5,187.875,1,32.5,34,2719.525974,3.222261703,0.0,3,2,3,2,0,40,2939.900974,73.49752435,0.85,107.39908973498412,0.5482133585950674,0,1,0,0,0,0,0,0,1,0,0,1,0,0,0.3948886668085779
0,0.0,0,0.0,16,641.5,0.0,0.0,4,1,7,1,0,16,641.5,40.09375,1.0,0.0,0.0,0,1,0,0,0,0,0,1,0,0,0,1,0,0,0.024438128369347105
0,0.0,0,0.0,7,197.0,0.0,0.0,3,2,9,2,0,7,197.0,28.142857142857142,1.0,0.0,0.6665111551754218,0,1,1,0,0,0,0,0,0,0,0,1,0,0,0.03373776773280304
0,0.0,0,0.0,38,1185.986275,0.0,0.0,1,1,4,3,0,38,1185.986275,31.210165131578947,1.0,0.0,0.0,0,1,0,0,0,0,0,0,1,0,0,1,0,0,0.09824874642207838
2,25.65,0,0.0,13,343.625,0.0,0.0,2,2,2,2,0,15,369.275,24.618333333333332,0.8666666666666667,0.0,0.0,0,1,1,0,0,0,0,0,0,0,0,0,0,0,0.08536498998756806
0,0.0,0,0.0,74,1146.469048,0.408238132,0.0,2,2,1,1,0,74,1146.469048,15.492824972972972,1.0,13.035960627029253,0.6904269615963006,0,1,0,0,0,0,0,0,1,0,0,1,0,0,0.1772350552126767
0,0.0,0,0.0,22,681.58,14.63523974,0.0,1,1,1,3,1,22,681.58,30.980909090909094,1.0,576.0357596826836,0.3748524264641489,1,1,0,0,0,0,0,0,1,0,0,1,1,1,0.5898619782842217
7,66.0,0,0.0,6,146.5,0.0,0.0,2,4,1,2,0,13,212.5,16.346153846153847,0.46153846153846156,0.0,0.0,0,1,0,0,0,0,0,0,1,0,0,0,0,0,0.1393670336800452
12,217.6491228,4,1009.733333,38,1639.069361,5.287005762,0.0,3,2,6,1,1,54,2866.4518168000004,53.08244105185186,0.7037037037037037,167.1425211058696,0.6872572413224926,1,0,0,0,0,0,0,0,0,0,1,1,0,0,0.27685702909331045
0,0.0,0,0.0,2,0.0,0.0,0.0,3,2,1,13,1,2,0.0,0.0,1.0,0.0,0.999950002499875,1,1,0,0,0,0,0,0,1,0,0,1,0,0,0.06137252587406211
0,0.0,0,0.0,6,2017.166667,0.0,0.8,2,2,4,3,0,6,2017.166667,336.1944445,1.0,0.0,0.0,0,0,0,1,0,0,0,0,0,0,0,1,0,0,0.03373776773280304
0,0.0,0,0.0,8,191.0,0.0,0.0,2,2,2,13,1,8,191.0,23.875,1.0,0.0,0.0,1,1,0,0,0,0,0,1,0,0,0,1,0,0,0.024438128369347105
1,28.2,0,0.0,2,0.0,0.0,0.0,1,8,2,3,1,3,28.2,9.4,0.6666666666666666,0.0,0.4999625065619141,0,0,0,0,0,1,0,0,0,0,0,0,0,0,0.12106776172923307
0,0.0,0,0.0,5,73.0,0.0,0.4,2,2,1,3,0,5,73.0,14.6,1.0,0.0,0.4999375078115236,0,1,0,0,0,0,0,1,0,0,0,1,0,0,0.024438128369347105
0,0.0,0,0.0,6,161.0,0.0,0.2,2,2,1,4,0,6,161.0,26.833333333333332,1.0,0.0,0.0,0,1,0,0,0,0,0,1,0,0,0,1,0,0,0.024438128369347105
0,0.0,0,0.0,8,194.4,0.0,0.0,2,10,6,4,0,8,194.4,24.3,1.0,0.0,0.0,0,0,0,0,0,0,0,0,0,0,0,1,0,0,0.03373776773280304
0,0.0,0,0.0,21,331.0833333,0.0,0.0,2,2,1,2,0,21,331.0833333,15.765873014285713,1.0,0.0,0.22217039283443732,0,1,1,0,0,0,0,0,0,0,0,1,0,0,0.03373776773280304
1,5.0,1,25.0,81,1421.668627,0.0,0.6,2,4,3,4,0,83,1451.668627,17.489983457831325,0.9759036144578314,0.0,0.0,0,1,0,0,0,0,0,1,0,0,0,1,0,0,0.024438128369347105
4,100.6,2,5.0,93,2002.76,0.0,0.0,2,2,3,13,0,99,2108.36,21.296565656565658,0.9393939393939394,0.0,0.3067900240970611,0,0,0,0,0,0,0,0,0,0,1,1,0,0,0.04555951193374422
1,37.2,0,0.0,14,387.7666667,0.0,0.0,1,8,3,1,0,15,424.96666669999996,28.331111113333332,0.9333333333333333,0.0,0.4284337085523714,0,0,0,0,0,0,0,0,0,1,0,1,0,0,0.04261759467701968
2,50.5,0,0.0,29,2147.375,0.0,0.0,2,2,7,2,0,31,2197.875,70.8991935483871,0.9354838709677419,0.0,0.0,0,1,1,0,0,0,0,0,0,0,0,0,0,0,0.0377923968970553
8,217.4,2,67.4,24,428.3,0.0,0.0,2,4,4,5,0,34,713.1,20.973529411764705,0.7058823529411765,0.0,0.0,0,0,0,0,0,0,0,0,0,0,1,0,0,0,0.09148586902395077
0,0.0,1,0.0,124,4093.430519,0.0,0.0,2,2,8,13,0,125,4093.430519,32.747444152,0.992,0.0,0.13367635889234128,0,1,0,0,0,0,0,1,0,0,0,1,0,0,0.024438128369347105
3,283.375,4,590.0,110,5442.085417,9.294011981,0.0,2,2,4,2,1,117,6315.460417,53.97829416239316,0.9401709401709402,315.7756107314644,0.18378962861587922,1,1,0,0,0,0,0,0,1,0,0,1,1,1,0.5245447824515241
11,102.1666667,1,20.0,25,1222.625,0.0,0.0,2,2,1,2,0,37,1344.7916667,36.34572072162162,0.6756756756756757,0.0,0.0,0,1,1,0,0,0,0,0,0,0,0,1,0,0,0.08664988265574693
0,0.0,0,0.0,12,440.75,0.0,0.0,2,2,6,1,1,12,440.75,36.729166666666664,1.0,0.0,0.0,1,1,1,0,0,0,0,0,0,0,0,1,0,0,0.03373776773280304
14,416.2,0,0.0,90,8024.509197,10.31930868,0.0,3,2,8,2,0,104,8440.709197,81.16066535576923,0.8653846153846154,321.8924112336249,0.2572636363789494,0,0,0,0,0,0,0,0,0,0,1,1,0,0,0.27057394448195227
1,28.25,0,0.0,30,1862.333333,0.0,0.0,3,2,1,13,0,31,1890.583333,60.98655912903226,0.967741935483871,0.0,0.0,0,1,0,0,0,0,0,0,1,0,0,1,0,0,0.15939331514271457
2,53.0,0,0.0,4,46.0,0.0,0.4,3,2,1,2,0,6,99.0,16.5,0.6666666666666666,0.0,0.4761054633101232,0,1,0,0,0,0,0,1,0,0,0,1,0,0,0.02841979414021608
0,0.0,0,0.0,20,301.0,0.0,0.0,1,1,1,2,0,20,301.0,15.05,1.0,0.0,0.08332084145717722,0,1,1,0,0,0,0,0,0,0,0,1,0,0,0.03373776773280304
4,164.0,0,0.0,30,2136.0,0.0,0.2,2,2,1,2,0,34,2300.0,67.6470588235294,0.8823529411764706,0.0,0.0,0,1,0,0,0,0,0,1,0,0,0,0,0,0,0.024438128369347105
4,133.5833333,2,64.0,67,1222.470924,6.094324324,0.0,3,2,2,4,0,73,1420.0542573,19.45279804520548,0.9178082191780822,236.02373775169184,0.5582479187040252,0,1,0,0,0,0,0,1,0,0,0,1,1,0,0.2895621629126418
4,50.33333333,0,0.0,3,28.33333333,0.0,0.0,2,2,9,10,0,7,78.66666666,11.238095237142858,0.42857142857142855,0.0,0.0,0,1,1,0,0,0,0,0,0,0,0,1,0,0,0.11410080831451311
2,146.9,0,0.0,45,6707.54,4.023323663,0.0,2,2,8,2,0,47,6854.44,145.8391489361702,0.9574468085106383,202.4893803794969,0.571919091088582,0,0,0,0,0,0,0,0,0,1,0,1,0,0,0.34799760137332325
5,49.8,0,0.0,32,955.3333333,0.0,0.0,2,2,1,13,0,37,1005.1333333,27.165765764864865,0.8648648648648649,0.0,0.47987715144922893,0,0,0,0,0,0,0,0,0,0,0,1,0,0,0.07674696816490185
0,0.0,0,0.0,1,0.0,0.0,0.0,2,2,6,4,0,1,0.0,0.0,1.0,0.0,0.999950002499875,0,1,0,0,0,0,0,1,0,0,0,1,0,0,0.024438128369347105
5,471.25,0,0.0,21,883.0,44.98081787,0.0,1,1,2,8,1,26,1354.25,52.08653846153846,0.8076923076923077,4213.001854417676,0.0,0,1,0,0,0,0,0,0,1,0,0,0,1,1,0.7324100641559886
0,0.0,1,56.0,17,1385.833333,39.85866667,0.0,2,2,1,2,0,18,1441.833333,80.10185183333334,0.9444444444444444,2257.3785742008336,0.3331445514227483,0,0,0,0,0,0,1,0,0,0,0,1,1,1,0.7155259142452016
9,266.7433333,4,1312.4,26,743.4766667,9.284545518,0.0,2,7,1,2,1,39,2322.62,59.55435897435897,0.6666666666666666,422.4146273717968,0.0,1,1,0,0,0,0,0,0,1,0,0,1,1,0,0.36990843826914854
7,98.0,3,61.0,83,2355.682738,0.0,0.0,1,1,1,2,0,93,2514.682738,27.03959933333333,0.8924731182795699,0.0,0.12772926132989493,0,1,1,0,0,0,0,0,0,0,0,1,0,0,0.04555951193374422
0,0.0,0,0.0,40,4175.75,0.0,1.0,2,2,1,3,1,40,4175.75,104.39375,1.0,0.0,0.4559318271861145,1,1,0,0,0,0,0,1,0,0,0,1,0,0,0.024438128369347105
0,0.0,0,0.0,10,130.1666667,26.66133333,0.0,3,2,1,8,0,10,130.1666667,13.016666670000001,1.0,319.8976135259674,0.6665866842642351,0,0,0,0,0,0,1,0,0,0,0,1,0,1,0.6701408990333533
0,0.0,0,0.0,6,529.5,44.443614,0.0,2,2,2,1,0,6,529.5,88.25,1.0,1110.8126468382902,0.0,0,1,1,0,0,0,0,0,0,0,0,1,1,1,0.7924728046941346
12,271.3,3,627.75,40,1358.874152,10.0674357,0.0,1,2,2,2,0,55,2257.924152,41.0531664,0.7272727272727273,509.2731918194851,0.8382854175904969,0,1,1,0,0,0,0,0,0,0,0,1,0,0,0.23689465693967524
0,0.0,2,18.0,1,46.0,0.0,0.0,2,2,7,10,0,3,64.0,21.333333333333332,0.3333333333333333,0.0,0.0,0,0,0,0,0,0,1,0,0,0,0,1,0,0,0.03089449705975995
3,68.28571429,0,0.0,26,741.0555556,13.24667166,0.0,3,2,4,10,0,29,809.34126989,27.908319651379312,0.896551724137931,333.5258952000766,0.35968699705977814,0,1,0,0,0,0,0,0,1,0,0,1,1,0,0.47276000714482275
4,699.0,0,0.0,9,261.7,0.0,0.0,3,2,3,11,0,13,960.7,73.9,0.6923076923076923,0.0,0.0,0,1,0,0,0,0,0,1,0,0,0,0,0,0,0.025811145167664636
3,72.5,4,148.0,24,377.5,0.0,0.6,1,1,1,3,0,31,598.0,19.29032258064516,0.7741935483870968,0.0,0.33316676661669165,0,1,0,0,0,0,0,1,0,0,0,1,0,0,0.02579173006222376
2,191.0,1,100.0,46,2452.582143,0.0,0.0,3,2,9,3,1,49,2743.582143,55.99147230612245,0.9387755102040817,0.0,0.3254764460467988,1,0,0,0,0,0,1,0,0,0,0,1,0,0,0.024385651554708697
10,302.0833333,0,0.0,81,1778.663263,16.43784656,0.0,1,1,1,8,1,91,2080.7465963,22.86534721208791,0.8901098901098901,5733.17987976184,0.0,0,1,0,0,0,0,0,0,1,0,0,0,0,1,0.6080095337233268
0,0.0,0,0.0,2,0.0,0.0,0.0,3,2,1,10,0,2,0.0,0.0,1.0,0.0,0.999950002499875,0,0,0,0,0,0,1,0,0,0,0,1,0,0,0.024385651554708697
3,227.0,0,0.0,2,62.0,0.0,0.0,3,2,1,10,1,5,289.0,57.8,0.4,0.0,0.0,1,0,0,0,0,0,1,0,0,0,0,1,0,0,0.027559445376056948
4,95.75,12,886.25,154,7838.556598,0.0,0.0,3,2,6,2,1,170,8820.556598,51.88562704705882,0.9058823529411765,0.0,0.2520743581395321,1,1,0,0,0,0,0,0,1,0,0,1,0,0,0.18310737595361365
0,0.0,0,0.0,29,1131.315476,0.0,0.0,2,2,2,6,1,29,1131.315476,39.01087848275862,1.0,0.0,0.4650153318813095,1,1,0,0,0,0,0,1,0,0,0,1,0,0,0.024438128369347105
0,0.0,0,0.0,9,246.5,0.0,0.0,1,1,3,1,0,9,246.5,27.38888888888889,1.0,0.0,0.9066013911745543,0,1,0,0,0,0,0,0,1,0,0,1,0,0,0.07064861781474875
0,0.0,0,0.0,18,346.5666667,0.0,0.0,2,2,3,2,0,18,346.5666667,19.253703705555555,1.0,0.0,0.4705135122830413,0,1,0,0,0,0,0,0,1,0,0,1,0,0,0.0876249225624166
0,0.0,0,0.0,19,154.2166667,0.0,0.0,2,2,1,3,0,19,154.2166667,8.116666668421052,1.0,0.0,0.642595514688538,0,0,0,1,0,0,0,0,0,0,0,1,0,0,0.03373776773280304
17,446.9333333,8,597.5833333,62,2350.667857,79.48403933,0.0,1,1,7,10,0,87,3395.1845236,39.02510946666666,0.7126436781609196,2337.984945589313,0.21921392398711245,0,1,1,0,0,0,0,0,0,0,0,1,0,0,0.38639633980821436
7,51.70833333,2,280.5,149,7569.182143,11.37726052,0.0,2,2,2,2,0,158,7901.39047633,50.00880048310126,0.9430379746835443,697.6665357869229,0.004911822966371918,0,1,0,0,0,0,0,0,1,0,0,1,1,0,0.49265225173664784
5,33.66666667,0,0.0,4,21.66666667,0.0,0.0,2,2,1,5,0,9,55.333333339999996,6.148148148888889,0.4444444444444444,0.0,0.0,0,1,0,0,0,0,0,1,0,0,0,0,0,0,0.02841979414021608
0,0.0,0,0.0,25,610.3095238,0.0,0.0,2,2,3,2,0,25,610.3095238,24.412380952,1.0,0.0,0.0,0,1,0,0,0,0,0,0,1,0,0,1,0,0,0.0876249225624166
0,0.0,0,0.0,26,781.5,0.0,0.2,2,2,2,3,0,26,781.5,30.057692307692307,1.0,0.0,0.2499187845206399,0,1,0,0,0,0,0,1,0,0,0,1,0,0,0.024438128369347105
7,159.5,0,0.0,14,249.0,0.0,0.0,1,1,3,2,1,21,408.5,19.452380952380953,0.6666666666666666,0.0,0.2856449148070977,1,0,0,0,0,0,1,0,0,0,0,1,0,0,0.027559445376056948
0,0.0,2,485.8333333,89,3747.814286,0.0,0.0,1,1,1,2,1,91,4233.6476193,46.52360021208791,0.978021978021978,0.0,0.4512208862177108,1,1,0,0,0,0,0,0,1,0,0,1,1,0,0.22641960743882428
0,0.0,0,0.0,21,304.5416667,0.0,0.0,2,2,3,10,0,21,304.5416667,14.50198412857143,1.0,0.0,0.399832087324667,0,1,1,0,0,0,0,0,0,0,0,1,0,0,0.03373776773280304
2,14.75,0,0.0,32,839.4305556,13.91276554,0.0,2,2,6,1,0,34,854.1805556,25.12295751764706,0.9411764705882353,486.25374373286377,0.45097014901116667,0,1,0,0,0,0,0,0,1,0,0,1,1,0,0.4913183748486445
0,0.0,0,0.0,1,0.0,0.0,0.0,2,2,5,3,1,1,0.0,0.0,1.0,0.0,0.999950002499875,1,0,0,0,0,0,1,0,0,0,0,1,0,0,0.024385651554708697
9,181.375,0,0.0,116,4426.650649,84.30663844,0.0,2,2,2,6,1,125,4608.025649,36.864205192,0.928,10441.076398882607,0.0,1,1,0,0,0,0,0,1,0,0,0,1,1,1,0.6219566241794431
0,0.0,0,0.0,18,286.0,0.0,0.8,2,2,9,3,0,18,286.0,15.88888888888889,1.0,0.0,0.18178843313237547,0,1,0,0,0,0,0,1,0,0,0,1,0,0,0.024438128369347105
0,0.0,0,0.0,4,57.0,0.0,0.0,2,2,6,2,0,4,57.0,14.25,1.0,0.0,0.0,0,0,0,0,0,0,1,0,0,0,0,1,0,0,0.024385651554708697
0,0.0,0,0.0,39,1346.966667,67.02771302,0.0,1,1,4,2,0,39,1346.966667,34.53760684615384,1.0,13044.96667999817,0.0,0,1,1,0,0,0,0,0,0,0,0,0,1,1,0.8452830986548888
0,0.0,0,0.0,88,5093.3,0.0,0.0,2,2,1,2,0,88,5093.3,57.878409090909095,1.0,0.0,0.21040315561877215,0,1,0,0,0,0,0,0,1,0,0,1,0,0,0.22276204164365024
5,119.15,0,0.0,17,457.2333333,0.0,0.0,3,2,3,2,0,22,576.3833333,26.199242422727274,0.7727272727272727,0.0,0.0,0,1,0,0,0,0,0,1,0,0,0,1,0,0,0.02579173006222376
0,0.0,0,0.0,58,2498.029762,0.0,0.4,2,6,3,20,0,58,2498.029762,43.06947865517242,1.0,0.0,0.44710832139295775,0,1,0,0,0,0,0,1,0,0,0,1,0,0,0.024438128369347105
0,0.0,0,0.0,10,190.0,0.0,0.0,2,6,7,20,0,10,190.0,19.0,1.0,0.0,0.0,0,1,1,0,0,0,0,0,0,0,0,1,0,0,0.03373776773280304
3,120.6666667,0,0.0,8,261.6,0.0,0.0,2,7,1,2,0,11,382.26666670000003,34.75151515454546,0.7272727272727273,0.0,0.0,0,1,0,0,0,0,0,1,0,0,0,0,0,0,0.025811145167664636
8,111.0,0,0.0,32,1206.833333,19.27621155,0.0,2,2,1,2,0,40,1317.833333,32.945833325,0.8,1330.891474158094,0.3633853099805271,0,1,0,0,0,0,0,0,1,0,0,1,1,1,0.5395264983624681
11,362.3,0,0.0,41,1081.713333,27.5128393,0.0,2,2,1,1,1,52,1444.0133329999999,27.76948717307692,0.7884615384615384,953.9684163286311,0.3467357207035448,1,0,0,0,0,0,0,0,0,0,1,1,0,0,0.33263942357699255
3,62.0,2,193.0,4,139.0,0.0,0.0,3,2,1,10,0,9,394.0,43.77777777777778,0.4444444444444444,0.0,0.0,0,0,0,0,0,0,1,0,0,0,0,1,0,0,0.027559445376056948
4,120.0,4,64.0,52,1859.083333,17.24870115,0.0,2,2,2,13,0,60,2043.083333,34.05138888333333,0.8666666666666667,937.3883995836052,0.5621943170421078,0,1,0,0,0,0,0,1,0,0,0,1,1,0,0.3109449726951689
10,130.55,1,23.2,7,128.2333333,0.0,0.0,2,2,6,5,0,18,281.9833333,15.665740738888891,0.3888888888888889,0.0,0.4372131076045893,0,0,0,0,0,0,0,0,0,1,0,0,0,0,0.09937829684465455
0,0.0,3,121.25,89,3296.602091,0.0,0.0,1,1,4,2,0,92,3417.852091,37.15056620652174,0.967391304347826,0.0,0.1885169248813643,0,1,1,0,0,0,0,0,0,0,0,1,0,0,0.04506311585774993
9,215.2333333,5,450.0,35,1974.352381,15.32910159,0.0,2,2,3,2,0,49,2639.5857143,53.86909621020408,0.7142857142857143,812.0856439795419,0.25227014550005344,0,0,0,0,0,0,1,0,0,0,0,1,0,0,0.3656029338042265
10,274.25,5,247.75,61,2267.330952,48.6094789,0.0,2,2,1,2,0,76,2789.330952,36.70172305263158,0.8026315789473685,9070.643529964327,0.5112393401068747,0,1,0,0,0,0,0,0,1,0,0,1,1,1,0.5380140875839874
4,130.5,2,51.0,43,2265.529221,14.792,0.0,3,2,4,2,0,49,2447.029221,49.93937185714285,0.8775510204081632,3688.778054862843,0.9975062344139652,0,1,0,0,0,0,0,1,0,0,0,1,0,0,0.4395759836319935
7,46.3,0,0.0,2,9.0,0.0,0.0,2,4,1,2,0,9,55.3,6.144444444444444,0.2222222222222222,0.0,0.0,0,0,0,0,0,0,0,0,0,0,1,0,0,0,0.19195444715481677
9,331.1666667,4,154.0,154,8038.325302,0.0,0.0,2,2,1,5,0,167,8523.4919687,51.038874064071855,0.9221556886227545,0.0,0.2621414789624319,0,1,0,0,0,0,0,1,0,0,0,1,0,0,0.024438128369347105
8,199.625,2,10.0,81,4272.607937,0.0,0.0,2,2,1,2,0,91,4482.232937,49.255306999999995,0.8901098901098901,0.0,0.12624800462252053,0,1,0,0,0,0,0,0,1,0,0,1,0,0,0.22439482631920665
11,196.15,0,0.0,141,2623.580864,12.50786523,0.0,2,2,6,2,0,152,2819.730864,18.55086094736842,0.9276315789473685,2940.2404568094053,0.0,0,1,0,0,0,0,0,0,1,0,0,1,0,0,0.4897533941480961
2,25.0,0,0.0,36,1445.6,0.0,1.0,3,3,3,2,1,38,1470.6,38.699999999999996,0.9473684210526315,0.0,0.15785112880836152,1,1,0,0,0,0,0,1,0,0,0,1,0,0,0.024438128369347105
2,112.8,0,0.0,27,1555.967143,44.85638692,0.0,1,1,4,2,0,29,1668.767143,57.5436945862069,0.9310344827586207,25866.676654337774,0.0,0,1,0,0,0,0,0,0,1,0,0,0,1,1,0.7649586336931802
0,0.0,0,0.0,12,338.75,0.0,0.0,2,4,1,2,0,12,338.75,28.229166666666668,1.0,0.0,0.0,0,1,0,0,0,0,0,0,1,0,0,1,0,0,0.07108816330592016
2,11.0,3,123.3333333,34,448.75,0.0,0.0,2,10,6,1,0,39,583.0833333,14.9508547,0.8717948717948718,0.0,0.4443531097626652,0,0,0,0,0,0,1,0,0,0,0,1,0,0,0.024385651554708697
0,0.0,0,0.0,1,0.0,0.0,0.0,1,1,9,5,0,1,0.0,0.0,1.0,0.0,0.999950002499875,0,0,0,0,0,1,0,0,0,0,0,1,0,0,0.03183788113276797
1,7.0,0,0.0,11,98.1,0.0,0.0,1,1,1,20,0,12,105.1,8.758333333333333,0.9166666666666666,0.0,0.6085914758678211,0,0,0,0,0,1,0,0,0,0,0,1,0,0,0.04415147167032154
6,224.875,0,0.0,21,845.75,0.0,0.0,8,13,9,20,0,27,1070.625,39.65277777777778,0.7777777777777778,0.0,0.0,0,1,1,0,0,0,0,0,0,0,0,0,0,0,0.07608453149984565
0,0.0,0,0.0,30,484.672619,0.0,0.0,2,6,7,1,0,30,484.672619,16.155753966666666,1.0,0.0,0.0,0,0,0,0,0,0,1,0,0,0,0,1,0,0,0.024385651554708697
3,28.125,0,0.0,50,1032.008333,0.0,0.0,2,2,1,2,1,53,1060.133333,20.002515716981133,0.9433962264150944,0.0,0.5656375339532769,1,1,0,0,0,0,0,0,1,0,0,1,0,0,0.10381520971330298
9,126.2631579,2,50.83333333,59,2004.371491,0.0,0.0,2,2,6,3,0,70,2181.46798223,31.16382831757143,0.8428571428571429,0.0,0.2807603770553541,0,1,1,0,0,0,0,0,0,0,0,1,0,0,0.07616709577258549
0,0.0,4,399.3333333,46,1814.583333,0.0,0.0,2,2,2,2,0,50,2213.9166663,44.278333326,0.92,0.0,0.1372368297669887,0,0,0,0,0,0,1,0,0,0,0,1,0,0,0.024385651554708697
4,155.0,0,0.0,31,2130.693837,0.0,0.0,3,2,8,3,0,35,2285.693837,65.3055382,0.8857142857142857,0.0,0.7694017421348215,0,1,0,0,0,0,0,0,1,0,0,1,0,0,0.14427174107288637
0,0.0,0,0.0,1,0.0,0.0,0.0,3,2,1,1,0,1,0.0,0.0,1.0,0.0,0.999950002499875,0,1,1,0,0,0,0,0,0,0,0,1,0,0,0.03183788113276797
0,0.0,0,0.0,13,517.4,4.856377111,0.0,2,2,1,20,1,13,517.4,39.8,1.0,141.6030326996545,0.0,1,1,0,0,0,0,0,0,1,0,0,1,1,1,0.6268649423706311
0,0.0,2,6.0,50,3831.1,0.0,0.0,2,2,1,10,0,52,3837.1,73.79038461538461,0.9615384615384616,0.0,0.0,0,1,0,0,0,0,0,0,1,0,0,1,0,0,0.18080757872355477
0,0.0,0,0.0,11,684.3333333,0.0,0.0,2,4,6,1,0,11,684.3333333,62.21212120909092,1.0,0.0,0.2856693903205531,0,0,0,1,0,0,0,0,0,0,0,1,0,0,0.03373776773280304
0,0.0,0,0.0,15,325.5,0.0,0.0,2,2,1,1,0,15,325.5,21.7,1.0,0.0,0.34085098937197644,0,1,1,0,0,0,0,0,0,0,0,1,0,0,0.03373776773280304
0,0.0,0,0.0,10,192.75,0.0,0.0,1,2,3,1,1,10,192.75,19.275,1.0,0.0,1.1534468678017344,1,1,1,0,0,0,0,0,0,0,0,1,0,0,0.03373776773280304
4,102.0833333,0,0.0,21,863.1666667,0.0,0.0,1,1,1,8,0,25,965.25,38.61,0.84,0.0,0.0,0,1,1,0,0,0,0,0,0,0,0,1,0,0,0.07608453149984565
3,83.0,4,220.25,106,2974.734799,19.03391341,0.0,2,2,7,2,0,113,3277.984799,29.00871503539823,0.9380530973451328,930.6686092763156,0.252552211607056,0,1,0,0,0,0,0,0,1,0,0,1,1,1,0.5399423534272403
0,0.0,0,0.0,8,170.0,0.0,0.0,1,1,7,3,1,8,170.0,21.25,1.0,0.0,0.9373828271466067,1,0,0,0,0,0,1,0,0,0,0,1,0,0,0.024385651554708697
0,0.0,0,0.0,8,204.75,0.0,0.0,1,1,1,1,1,8,204.75,25.59375,1.0,0.0,0.0,1,1,1,0,0,0,0,0,0,0,0,1,0,0,0.03373776773280304
9,241.8416667,0,0.0,25,673.0333333,27.97341787,0.0,1,1,3,2,0,34,914.875,26.908088235294116,0.7352941176470589,5345.851302588666,0.4109778941562862,0,1,0,0,0,0,0,0,1,0,0,0,0,1,0.5848486109815867
2,41.5,0,0.0,10,264.25,0.0,0.0,1,4,8,8,1,12,305.75,25.479166666666668,0.8333333333333334,0.0,0.6664001199520192,0,1,0,0,0,0,0,0,1,0,0,0,1,0,0.08232511917119546
0,0.0,0,0.0,13,646.7916667,0.0,0.8,1,1,2,1,0,13,646.7916667,49.753205130769224,1.0,0.0,0.09432226916770584,0,1,0,0,0,0,0,1,0,0,0,1,0,0,0.024438128369347105
0,0.0,0,0.0,4,47.0,0.0,0.0,2,2,3,11,1,4,47.0,11.75,1.0,0.0,0.0,1,1,0,0,0,0,0,0,1,0,0,1,0,0,0.06746516550394657
21,1079.184314,4,176.5,67,2162.840879,0.548811351,0.0,3,2,1,11,1,92,3418.525193,37.157882532608696,0.7282608695652174,30.03918702767462,0.4054443915157035,1,1,0,0,0,0,0,0,1,0,0,1,0,0,0.2262054710453136
1,11.0,1,10.0,74,3487.12471,0.0,0.0,3,2,4,3,1,76,3508.12471,46.159535657894736,0.9736842105263158,0.0,0.2875006256912117,1,1,0,0,0,0,0,0,1,0,0,1,0,0,0.190839347393476
0,0.0,0,0.0,20,438.3333333,0.0,0.0,2,2,7,1,0,20,438.3333333,21.916666665,1.0,0.0,0.4998750312421894,0,0,0,0,0,0,1,0,0,0,0,1,0,0,0.024385651554708697
7,221.0,0,0.0,27,1753.583333,0.0,0.2,1,1,1,3,0,34,1974.583333,58.075980382352945,0.7941176470588235,0.0,0.0,0,1,0,0,0,0,0,1,0,0,0,1,0,0,0.02579173006222376
0,0.0,0,0.0,4,104.0,0.0,0.0,2,10,2,2,0,4,104.0,26.0,1.0,0.0,0.0,0,1,0,0,0,0,0,1,0,0,0,1,0,0,0.024438128369347105
8,98.4,0,0.0,16,156.3333333,0.0,0.0,2,2,3,1,0,24,254.7333333,10.6138888875,0.6666666666666666,0.0,0.0,0,0,0,0,0,0,0,0,0,1,0,1,0,0,0.09430446019663719
0,0.0,0,0.0,4,93.5,0.0,0.0,2,2,1,2,1,4,93.5,23.375,1.0,0.0,0.0,1,1,0,0,0,0,0,1,0,0,0,1,0,0,0.024438128369347105
0,0.0,0,0.0,12,250.25,0.0,0.0,1,1,1,3,1,12,250.25,20.854166666666668,1.0,0.0,0.5999280110383876,1,1,1,0,0,0,0,0,0,0,0,1,0,0,0.03373776773280304
0,0.0,0,0.0,5,14.0,0.0,0.6,2,4,2,3,0,5,14.0,2.8,1.0,0.0,0.7499531279295043,0,1,0,0,0,0,0,1,0,0,0,1,0,0,0.024438128369347105
9,335.1666667,5,219.0,107,6235.06603,0.0,0.0,1,1,1,2,0,121,6789.2326967,56.10936112975207,0.8842975206611571,0.0,0.32708697448791396,0,1,0,0,0,0,0,0,1,0,0,1,0,0,0.20524553422272854
0,0.0,0,0.0,91,4766.021032,0.0,0.0,2,2,1,2,0,91,4766.021032,52.37385749450549,1.0,0.0,0.0,0,1,1,0,0,0,0,0,0,0,0,0,0,0,0.04070682677972187
2,42.0,0,0.0,17,275.702381,0.0,0.6,3,2,8,2,0,19,317.702381,16.72117794736842,0.8947368421052632,0.0,0.6665555740709882,0,1,0,0,0,0,0,1,0,0,0,1,0,0,0.024438128369347105
1,72.66666667,4,345.0,24,879.9090909,6.482798269,0.0,2,4,4,1,0,29,1297.57575757,44.743991640344824,0.8275862068965517,180.54194315071675,0.0,0,0,0,0,0,0,1,0,0,0,0,1,1,1,0.5415780943091366
3,109.0,0,0.0,70,2002.25,0.0,0.0,2,2,1,2,0,73,2111.25,28.921232876712327,0.958904109589041,0.0,0.0,0,1,0,0,0,0,0,0,1,0,0,0,0,0,0.17596551302167016
0,0.0,0,0.0,3,26.0,0.0,0.0,3,3,1,3,0,3,26.0,8.666666666666666,1.0,0.0,0.4999625065619141,0,1,0,0,0,0,0,1,0,0,0,1,0,0,0.024438128369347105
11,100.0965368,0,0.0,122,6141.432139,0.0,0.2,3,2,1,1,0,133,6241.528675799999,46.92878703609022,0.9172932330827067,0.0,0.4520719672237021,0,1,0,0,0,0,0,1,0,0,0,1,0,0,0.024438128369347105
0,0.0,0,0.0,32,875.9333333,0.0,0.0,1,1,3,3,0,32,875.9333333,27.372916665625,1.0,0.0,0.4387883086712088,0,0,0,0,0,0,0,0,0,1,0,1,0,0,0.03373776773280304
0,0.0,0,0.0,21,987.9,0.0,0.0,2,4,2,1,0,21,987.9,47.042857142857144,1.0,0.0,0.599640203884865,0,1,1,0,0,0,0,0,0,0,0,1,0,0,0.03373776773280304
0,0.0,0,0.0,80,1566.333333,0.720181023,0.0,2,2,6,1,0,80,1566.333333,19.5791666625,1.0,25.788291277294206,0.1790403416204304,0,0,0,0,0,0,0,0,0,0,1,1,1,0,0.09511207533192165
0,0.0,1,22.0,81,2253.799603,0.0,0.0,3,2,1,2,1,82,2275.799603,27.75365369512195,0.9878048780487805,0.0,0.7216420309191295,1,1,0,0,0,0,0,0,1,0,0,1,1,0,0.21572382448485497
6,634.5,3,312.75,172,7017.192635,0.0,0.0,2,4,1,2,0,181,7964.442635,44.002445497237574,0.9502762430939227,0.0,0.07027027516563965,0,1,0,0,0,0,0,0,1,0,0,1,0,0,0.20524553422272854
3,61.4,1,0.0,19,381.6,8.330574815,0.0,1,1,4,1,0,23,443.0,19.26086956521739,0.8260869565217391,146.59231602728377,0.7198733015953246,0,0,0,0,0,0,0,0,0,0,0,1,1,0,0.4196666426006391
0,0.0,0,0.0,25,934.3666667,0.0,0.6,2,2,6,13,0,25,934.3666667,37.374666668,1.0,0.0,0.4443621551564525,0,1,0,0,0,0,0,1,0,0,0,1,0,0,0.024438128369347105
10,515.6133333,3,85.14,50,1558.62,12.12586885,0.0,3,2,4,4,1,63,2159.3733333,34.275767195238096,0.7936507936507936,1019.9415491301553,0.30586498808793633,1,0,0,0,0,0,0,0,0,0,0,1,1,0,0.2954955013759137
0,0.0,0,0.0,10,627.5,0.0,0.0,3,3,1,4,1,10,627.5,62.75,1.0,0.0,0.3999200159968006,1,0,0,1,0,0,0,0,0,0,0,1,0,0,0.03373776773280304
6,51.0,0,0.0,26,536.0,0.0,0.0,2,2,1,4,0,32,587.0,18.34375,0.8125,0.0,0.5995143609671311,0,1,0,0,0,0,0,1,0,0,0,1,0,0,0.02579173006222376
7,99.8,5,466.4,28,839.7333333,0.0,0.0,2,2,3,1,0,40,1405.9333333,35.1483333325,0.7,0.0,0.18983960459721957,0,1,0,0,0,0,0,0,1,0,0,1,1,0,0.09269073442891021
1,6.0,1,7.0,25,591.8928571,165.6204667,0.0,1,1,8,4,1,27,604.8928571,22.403439151851853,0.9259259259259259,7945.968463872838,0.0,1,1,0,0,0,0,0,1,0,0,0,1,1,1,0.775933325480698
1,32.3,1,26.5,51,1068.357692,7.570470024,0.0,2,10,2,2,0,53,1127.157692,21.267126264150942,0.9622641509433962,173.20765684060615,0.3140306948382907,0,1,0,0,0,0,0,0,1,0,0,1,0,1,0.513707922330892
3,216.5,3,127.5,151,7700.501461,4.074920999,0.0,2,2,3,2,0,157,8044.501461,51.2388628089172,0.9617834394904459,318.55175038004154,0.2030486658012314,0,1,1,0,0,0,0,0,0,0,0,1,0,0,0.25793267718654606
1,25.75,3,189.5,22,2297.801282,18.99561538,0.4,3,2,1,13,0,26,2513.051282,96.65581853846153,0.8461538461538461,1088.8299627127228,0.845103579368834,0,1,0,0,0,0,0,1,0,0,0,1,1,0,0.37716625720921404
5,66.6,0,0.0,13,523.6,0.0,0.0,2,2,6,3,0,18,590.2,32.78888888888889,0.7222222222222222,0.0,0.0,0,0,0,0,0,0,0,0,0,1,0,1,0,0,0.08664988265574693
3,16.0,0,0.0,29,423.1666667,0.0,0.0,3,2,6,1,1,32,439.1666667,13.723958334375,0.90625,0.0,0.3460380757929313,1,1,1,0,0,0,0,0,0,0,0,1,0,0,0.04261759467701968
0,0.0,0,0.0,33,3506.166667,0.0,0.0,1,1,1,1,1,33,3506.166667,106.24747475757576,1.0,0.0,0.0,1,0,0,0,0,0,1,0,0,0,0,1,0,0,0.024385651554708697
0,0.0,0,0.0,14,310.0,0.0,0.2,2,4,1,3,0,14,310.0,22.142857142857142,1.0,0.0,0.44437532803508495,0,1,0,0,0,0,0,1,0,0,0,1,0,0,0.024438128369347105
5,398.0666667,1,19.2,17,452.0,0.0,0.0,2,2,3,4,0,23,869.2666667,37.7942029,0.7391304347826086,0.0,0.8348581216910075,0,0,0,0,0,0,0,0,0,0,0,1,0,0,0.07822533261864785
0,0.0,0,0.0,43,1650.416667,0.0,0.0,2,2,7,3,1,43,1650.416667,38.38178295348837,1.0,0.0,0.0,1,0,0,0,0,0,1,0,0,0,0,1,0,0,0.024385651554708697
0,0.0,1,6.0,65,2349.101818,0.0,0.0,2,2,2,3,0,66,2355.101818,35.68336087878788,0.9848484848484849,0.0,0.40386355337062646,0,0,0,0,1,0,0,0,0,0,0,1,0,0,0.047964534248318175
5,140.8,4,254.75,61,1740.052778,14.62413644,0.0,2,2,2,2,1,70,2135.602778,30.508611114285713,0.8714285714285714,614.2993834716361,0.3015805039728299,1,1,0,0,0,0,0,0,1,0,0,1,0,0,0.4982465344979406
3,308.0,0,0.0,54,1306.151974,0.0,0.0,2,2,4,1,0,57,1614.151974,28.318455684210527,0.9473684210526315,0.0,0.2704680495889798,0,0,0,0,0,0,1,0,0,0,0,1,0,0,0.024385651554708697
9,1294.9,1,32.66666667,37,1012.233333,33.31220592,0.0,2,2,1,2,0,47,2339.79999967,49.78297871638298,0.7872340425531915,4813.694599033944,0.0,0,1,0,0,0,0,0,0,1,0,0,1,0,1,0.6136161389663527
5,122.1,3,158.5,167,8701.851617,0.0,0.0,2,2,1,2,0,175,8982.451617,51.32829495428572,0.9542857142857143,0.0,0.1922798857147799,0,1,0,0,0,0,0,0,1,0,0,1,0,0,0.20524553422272854
0,0.0,0,0.0,3,0.0,0.0,0.0,1,1,1,3,0,3,0.0,0.0,1.0,0.0,0.999950002499875,0,1,1,0,0,0,0,0,0,0,0,1,0,0,0.03183788113276797
3,94.7,0,0.0,20,366.6166667,0.0,0.0,1,1,2,4,0,23,461.3166667,20.057246378260867,0.8695652173913043,0.0,1.995609439671778,0,0,0,0,1,0,0,0,0,0,0,0,0,0,0.08499502382979912
0,0.0,0,0.0,4,25.0,0.0,0.0,2,2,3,3,0,4,25.0,6.25,1.0,0.0,0.0,0,1,0,0,0,0,0,1,0,0,0,1,0,0,0.024438128369347105
4,134.1,0,0.0,7,110.3,0.0,0.0,3,2,1,5,0,11,244.39999999999998,22.218181818181815,0.6363636363636364,0.0,0.0,0,0,0,0,0,0,0,0,0,0,1,0,0,0,0.09952110389357742
0,0.0,0,0.0,9,478.0,0.0,0.0,3,2,2,3,1,9,478.0,53.111111111111114,1.0,0.0,0.0,1,0,0,0,0,0,1,0,0,0,0,1,0,0,0.024385651554708697
16,155.6313131,0,0.0,32,908.013456,4.368515556,0.0,2,2,3,2,0,48,1063.6447691,22.15926602291667,0.6666666666666666,241.852051181547,0.27681262442727467,0,0,0,0,0,0,1,0,0,0,0,1,1,0,0.37002982312341487
5,129.5,0,0.0,33,982.0,0.0,0.0,2,5,2,4,1,38,1111.5,29.25,0.868421052631579,0.0,0.0,1,1,0,0,0,0,0,1,0,0,0,1,0,0,0.02579173006222376
3,69.8,0,0.0,81,7514.790476,0.0,0.0,2,2,1,2,0,84,7584.590476,90.29274376190476,0.9642857142857143,0.0,0.17453323637291104,0,1,0,0,0,0,0,0,1,0,0,1,0,0,0.22439482631920665
2,160.0,0,0.0,17,1306.666667,0.0,0.0,3,2,2,3,0,19,1466.666667,77.19298247368421,0.8947368421052632,0.0,0.7494660054817742,0,0,0,0,0,0,1,0,0,0,0,1,0,0,0.024385651554708697
2,17.13333333,0,0.0,20,1078.2,0.0,0.0,1,1,1,3,0,22,1095.33333333,49.78787878772727,0.9090909090909091,0.0,0.3908030978258119,0,0,0,0,0,0,0,0,0,1,0,1,0,0,0.04261759467701968
2,41.0,0,0.0,7,139.0,0.0,0.0,2,5,6,2,1,9,180.0,20.0,0.7777777777777778,0.0,0.39992800575953924,1,0,0,0,0,0,1,0,0,0,0,1,0,0,0.03007480982577439
0,0.0,1,14.0,104,7181.877778,0.0,0.0,2,2,1,2,0,105,7195.877778,68.53216931428571,0.9904761904761905,0.0,0.37239416760787725,0,1,0,0,0,0,0,0,1,0,0,1,0,0,0.22276204164365024
0,0.0,1,36.5,17,318.25,17.96069044,0.0,2,5,1,1,1,18,354.75,19.708333333333332,0.9444444444444444,359.1419804039192,0.22217778444311134,1,1,0,0,0,0,0,0,1,0,0,1,1,1,0.5558054258526814
2,38.0,0,0.0,11,713.0,113.98,0.0,2,2,1,2,0,13,751.0,57.76923076923077,0.8461538461538461,6834.699043879692,0.0,0,1,0,0,0,0,0,1,0,0,0,1,1,1,0.7738942841971125
0,0.0,0,0.0,10,314.75,0.0,0.0,4,2,9,3,0,10,314.75,31.475,1.0,0.0,0.14282654329196212,0,1,0,0,0,0,0,0,1,0,0,1,0,0,0.07108816330592016
3,219.0,0,0.0,12,526.3333333,0.0,0.0,1,1,3,1,0,15,745.3333333,49.68888888666667,0.8,0.0,0.379339022269327,0,0,0,0,0,0,1,0,0,0,0,1,0,0,0.02682579378132341
0,0.0,0,0.0,15,695.4,0.0,0.0,2,2,2,1,0,15,695.4,46.36,1.0,0.0,0.4998250437373163,0,0,0,0,0,0,1,0,0,0,0,1,0,0,0.024385651554708697
0,0.0,0,0.0,4,85.0,0.0,0.6,2,2,3,4,0,4,85.0,21.25,1.0,0.0,0.0,0,1,0,0,0,0,0,1,0,0,0,1,0,0,0.024438128369347105
0,0.0,0,0.0,6,100.0,0.0,0.0,2,2,4,6,1,6,100.0,16.666666666666668,1.0,0.0,0.0,1,0,0,0,0,0,1,0,0,0,0,1,0,0,0.024385651554708697
8,375.12,0,0.0,13,288.7133333,0.0,0.0,3,2,4,3,0,21,663.8333333,31.61111110952381,0.6190476190476191,0.0,0.0,0,0,0,0,0,0,0,0,0,0,1,0,0,0,0.09952110389357742
0,0.0,0,0.0,3,74.6,0.0,0.0,3,2,3,4,1,3,74.6,24.866666666666664,1.0,0.0,0.0,1,0,0,0,1,0,0,0,0,0,0,1,0,0,0.03183788113276797
5,448.5,4,52.0,81,2537.807082,0.0,0.0,3,2,3,2,1,90,3038.307082,33.758967577777774,0.9,0.0,0.48085263498513037,1,1,0,0,0,0,0,0,1,0,0,1,0,0,0.21966267081053484
3,90.6,0,0.0,21,608.3033333,0.0,0.0,2,2,3,2,0,24,698.9033333,29.120972220833334,0.875,0.0,0.0,0,0,0,0,0,0,0,0,0,0,1,1,0,0,0.03793664784525171
1,12.6,0,0.0,6,140.7,15.89480154,0.0,2,10,3,2,1,7,153.29999999999998,21.9,0.8571428571428571,1667.2035146494422,0.0,1,0,0,0,1,0,0,0,0,0,0,1,1,1,0.7975977821238958
5,71.66666667,1,4.0,59,1702.369048,6.560625,0.0,2,2,6,1,0,65,1778.03571467,27.354395610307694,0.9076923076923077,664.204047533041,0.07909450885170062,0,1,0,0,0,0,0,1,0,0,0,1,1,0,0.1774679576307292
0,0.0,0,0.0,3,79.0,0.0,0.0,1,1,3,3,0,3,79.0,26.333333333333332,1.0,0.0,0.3999760026398896,0,0,0,0,0,0,1,0,0,0,0,1,0,0,0.024385651554708697
0,0.0,0,0.0,1,0.0,0.0,0.0,1,1,9,4,1,1,0.0,0.0,1.0,0.0,0.999950002499875,1,1,0,0,0,0,0,1,0,0,0,1,0,0,0.024438128369347105
0,0.0,0,0.0,2,114.0,0.0,0.8,3,3,1,3,0,2,114.0,57.0,1.0,0.0,0.749887513123594,0,0,0,1,0,0,0,0,0,0,0,1,0,0,0.03183788113276797
0,0.0,3,44.0,52,1216.364286,0.0,0.0,3,2,1,13,1,55,1260.364286,22.91571429090909,0.9454545454545454,0.0,0.6951459810778186,1,0,0,0,0,0,0,0,0,0,1,1,0,0,0.04261759467701968
2,15.0,0,0.0,35,1776.083333,0.0,0.0,2,2,4,1,0,37,1791.083333,48.40765764864865,0.9459459459459459,0.0,0.0,0,1,1,0,0,0,0,0,0,0,0,1,0,0,0.04261759467701968
4,184.3666667,0,0.0,3,52.26666667,0.0,0.0,3,2,1,5,0,7,236.63333337,33.80476191,0.42857142857142855,0.0,0.0,0,0,0,0,0,0,0,0,0,1,0,1,0,0,0.09937829684465455
0,0.0,0,0.0,8,1066.25,9.0847678,0.0,1,8,4,11,1,8,1066.25,133.28125,1.0,317.8556187655978,0.0,1,1,0,0,0,0,0,0,1,0,0,1,1,1,0.6174837356882441
11,424.475,5,185.75,76,2642.458333,0.0,0.0,2,2,1,2,1,92,3252.683333,35.35525361956522,0.8260869565217391,0.0,0.436548286848839,1,1,0,0,0,0,0,0,1,0,0,1,1,0,0.2205117854555239
0,0.0,0,0.0,13,541.9166667,26.09995422,0.0,2,4,1,2,0,13,541.9166667,41.68589743846154,1.0,1695.395059895944,0.0,0,1,1,0,0,0,0,0,0,0,0,0,1,1,0.8139060110472264
3,42.0,0,0.0,16,1266.5,0.0,0.0,2,2,6,1,0,19,1308.5,68.86842105263158,0.8421052631578947,0.0,0.0,0,0,0,0,0,0,1,0,0,0,0,1,0,0,0.02682579378132341
0,0.0,0,0.0,12,315.7797619,0.0,0.0,1,1,9,2,1,12,315.7797619,26.31498015833333,1.0,0.0,0.6664001199520192,1,1,0,0,0,0,0,0,1,0,0,1,0,0,0.07133442143037683
2,87.25,0,0.0,56,2094.983333,0.0,0.8,2,4,3,3,0,58,2182.233333,37.62471263793104,0.9655172413793104,0.0,0.5178088527563602,0,1,0,0,0,0,0,1,0,0,0,1,0,0,0.024438128369347105
0,0.0,0,0.0,28,630.0833333,0.0,0.0,1,1,1,10,1,28,630.0833333,22.502976189285715,1.0,0.0,0.4134079520099937,1,1,0,0,0,0,0,0,1,0,0,1,0,0,0.08792304389639131
0,0.0,0,0.0,3,183.0,0.0,0.0,1,1,1,1,1,3,183.0,61.0,1.0,0.0,0.0,1,0,0,0,0,0,1,0,0,0,0,1,0,0,0.024385651554708697
4,202.0,0,0.0,28,714.9666667,0.0,0.0,1,1,1,4,1,32,916.9666667,28.655208334375,0.875,0.0,0.8636017089421284,1,1,0,0,0,0,0,1,0,0,0,1,0,0,0.024438128369347105
0,0.0,0,0.0,10,158.3666667,54.9950922,0.0,2,2,1,1,0,10,158.3666667,15.83666667,1.0,5499509.22,0.0,0,0,0,0,1,0,0,0,0,0,0,1,1,1,0.8486206413188678
0,0.0,0,0.0,5,236.0,0.0,0.0,1,1,6,1,0,5,236.0,47.2,1.0,0.0,0.0,0,0,0,0,0,0,1,0,0,0,0,1,0,0,0.024385651554708697
6,77.33333333,1,52.33333333,6,126.6666667,0.0,0.0,1,1,1,2,0,13,256.33333336,19.71794872,0.46153846153846156,0.0,0.0,0,0,0,0,0,0,1,0,0,0,0,1,0,0,0.027559445376056948
1,9.0,5,86.0,26,466.5,0.0,0.0,2,2,1,4,0,32,561.5,17.546875,0.8125,0.0,0.0,0,1,0,0,0,0,0,1,0,0,0,1,0,0,0.02579173006222376
0,0.0,0,0.0,13,214.25,0.0,0.8,3,2,3,13,0,13,214.25,16.48076923076923,1.0,0.0,0.937404130401654,0,1,0,0,0,0,0,1,0,0,0,1,0,0,0.024438128369347105
8,466.5,2,75.25,44,1616.425824,0.0,0.0,3,2,4,1,0,54,2158.175824,39.96621896296296,0.8148148148148148,0.0,0.6322077223095883,0,0,0,0,0,0,1,0,0,0,0,1,0,0,0.02682579378132341
7,397.8333333,0,0.0,28,1249.628205,0.0,0.0,3,2,7,6,0,35,1647.4615383,47.07032966571429,0.8,0.0,0.0,0,1,0,0,0,0,0,1,0,0,0,1,0,0,0.02579173006222376
2,95.0,0,0.0,10,203.4166667,0.0,0.0,2,2,3,2,1,12,298.4166667,24.868055558333335,0.8333333333333334,0.0,0.0,1,1,0,0,0,0,0,1,0,0,0,1,0,0,0.02579173006222376
4,70.4,1,645.5,82,11257.1083,0.0,0.0,2,5,1,2,1,87,11973.0083,137.62078505747127,0.9425287356321839,0.0,0.2871929125761859,1,1,0,0,0,0,0,0,1,0,0,1,0,0,0.20524553422272854
6,124.8611111,3,243.0,25,1971.194444,24.897,0.0,2,2,5,4,0,34,2339.0555550999998,68.79575162058823,0.7352941176470589,823.093156775658,0.23614237524710233,0,1,0,0,0,0,0,1,0,0,0,1,1,0,0.2542437533871366
0,0.0,0,0.0,96,5947.97123,0.0,0.0,2,2,1,1,1,96,5947.97123,61.95803364583333,1.0,0.0,0.44102082136917353,1,1,0,0,0,0,0,0,1,0,0,1,1,0,0.22276204164365024
1,4.0,3,148.5,5,185.8333333,0.0,0.0,2,2,7,2,0,9,338.3333333,37.59259258888889,0.5555555555555556,0.0,0.0,0,0,0,0,0,0,1,0,0,0,0,1,0,0,0.027559445376056948
13,110.7583333,1,3.0,34,858.9464286,17.78585727,0.0,2,2,5,10,1,48,972.7047619,20.264682539583333,0.7083333333333334,1528.2694104704567,0.0,1,1,0,0,0,0,0,0,1,0,0,1,0,1,0.5545526174394122
0,0.0,0,0.0,5,273.5,0.0,0.0,2,2,6,1,0,5,273.5,54.7,1.0,0.0,0.0,0,1,0,0,0,0,0,1,0,0,0,1,0,0,0.024438128369347105
4,102.2,0,0.0,10,226.4,0.0,0.0,3,2,1,13,0,14,328.6,23.47142857142857,0.7142857142857143,0.0,0.19997399818026257,0,0,0,0,0,0,0,0,0,1,0,1,0,0,0.08664988265574693
6,98.66666667,3,35.0,21,458.7,8.4525,0.0,1,1,1,3,0,30,592.36666667,19.745555555666666,0.7,320.18392895246467,0.631339712818975,0,1,0,0,0,0,0,1,0,0,0,1,0,0,0.4126290101064523
0,0.0,1,0.0,18,648.0,0.0,0.0,2,4,1,2,0,19,648.0,34.10526315789474,0.9473684210526315,0.0,0.0,0,1,0,0,0,0,0,0,1,0,0,0,0,0,0.09899930682690244
1,0.0,0,0.0,28,219.8,0.0,0.0,2,2,1,1,1,29,219.8,7.5793103448275865,0.9655172413793104,0.0,0.0,1,1,0,0,0,0,0,0,1,0,0,1,0,0,0.08963699703795135
2,38.0,0,0.0,21,733.7,0.0,0.0,2,7,1,3,1,23,771.7,33.55217391304348,0.9130434782608695,0.0,0.0,1,0,0,0,0,0,1,0,0,0,0,1,0,0,0.024385651554708697
6,44.4,1,0.0,38,2001.7,0.0,0.0,2,2,2,3,0,45,2046.1000000000001,45.46888888888889,0.8444444444444444,0.0,0.20972085099415202,0,0,0,0,0,1,0,0,0,0,0,1,0,0,0.08536498998756806
0,0.0,2,148.5,72,2271.553571,0.0,0.0,2,2,1,2,0,74,2420.053571,32.70342663513513,0.972972972972973,0.0,0.1508591628266288,0,1,1,0,0,0,0,0,0,0,0,1,0,0,0.047964534248318175
1,36.0,0,0.0,34,2240.166667,0.0,0.6,1,1,1,4,0,35,2276.166667,65.03333334285715,0.9714285714285714,0.0,0.3879485414371861,0,1,0,0,0,0,0,1,0,0,0,1,0,0,0.024438128369347105
6,61.66666667,0,0.0,18,397.6666667,12.55885714,0.0,2,2,1,4,0,24,459.33333337,19.138888890416666,0.75,1054.0585821185518,0.0,0,1,0,0,0,0,0,1,0,0,0,1,1,1,0.5182874847210743
7,150.3571429,1,9.0,221,11431.00124,1.582473154,0.0,2,5,1,2,1,229,11590.3583829,50.612918702620085,0.9650655021834061,72.21252545563226,0.5087586266911422,1,1,0,0,0,0,0,0,1,0,0,1,1,1,0.5394756590996508
0,0.0,2,74.0,6,83.5,0.0,0.4,2,2,1,2,0,8,157.5,19.6875,0.75,0.0,0.0,0,1,0,0,0,0,0,1,0,0,0,1,0,0,0.02839847401337313
3,61.65,7,380.9571429,102,3025.290325,11.43180835,0.0,3,2,1,2,0,112,3467.8974679,30.96337024910714,0.9107142857142857,577.0710924938512,0.7118892974132527,0,0,0,0,0,0,0,0,0,0,1,1,0,0,0.27754675651608046
0,0.0,0,0.0,2,42.0,0.0,0.0,2,2,6,3,0,2,42.0,21.0,1.0,0.0,0.0,0,0,0,0,0,0,1,0,0,0,0,1,0,0,0.024385651554708697
0,0.0,0,0.0,1,0.0,0.0,0.6,3,2,3,13,0,1,0.0,0.0,1.0,0.0,0.999950002499875,0,1,0,0,0,0,0,1,0,0,0,1,0,0,0.024438128369347105
4,55.25,0,0.0,27,705.5,0.0,0.0,1,1,9,3,0,31,760.75,24.54032258064516,0.8709677419354839,0.0,0.0,0,1,0,0,0,0,0,0,1,0,0,1,0,0,0.08932222455869944
0,0.0,0,0.0,18,473.75,0.0,0.6,3,2,6,3,0,18,473.75,26.319444444444443,1.0,0.0,0.8033992658473236,0,1,0,0,0,0,0,1,0,0,0,1,0,0,0.024438128369347105
2,58.5,0,0.0,11,1568.5,0.0,0.0,2,2,7,2,0,13,1627.0,125.15384615384616,0.8461538461538461,0.0,0.0,0,1,0,0,0,0,0,0,1,0,0,1,0,0,0.07784222272822572
2,60.5,0,0.0,26,1145.17,0.0,0.0,1,1,2,2,1,28,1205.67,43.05964285714286,0.9285714285714286,0.0,0.0,0,1,0,0,0,0,0,0,1,0,0,0,0,0,0.09510453722147146
0,0.0,0,0.0,4,331.0,0.0,0.0,2,2,1,1,0,4,331.0,82.75,1.0,0.0,0.49995000499950004,0,0,0,0,0,0,1,0,0,0,0,1,0,0,0.024385651554708697
0,0.0,0,0.0,39,2558.5,0.0,0.0,4,2,2,10,0,39,2558.5,65.6025641025641,1.0,0.0,0.0,0,1,0,0,0,0,0,0,1,0,0,1,0,0,0.1550915533553608
1,35.0,0,0.0,13,233.1666667,0.0,0.0,1,1,5,4,0,14,268.1666667,19.15476190714286,0.9285714285714286,0.0,0.0,0,1,0,0,0,0,0,1,0,0,0,1,0,0,0.024438128369347105
0,0.0,0,0.0,6,364.5,0.0,0.6,3,2,4,3,0,6,364.5,60.75,1.0,0.0,1.0767739915297083,0,1,0,0,0,0,0,1,0,0,0,1,0,0,0.024438128369347105
1,63.5,0,0.0,10,552.3333333,0.0,0.0,1,1,4,10,0,11,615.8333333,55.98484848181818,0.9090909090909091,0.0,0.0,0,1,1,0,0,0,0,0,0,0,0,1,0,0,0.0377923968970553
0,0.0,0,0.0,97,2300.891317,0.0,0.0,2,2,1,2,0,97,2300.891317,23.720529041237114,1.0,0.0,0.0,0,1,0,0,0,0,0,0,1,0,0,1,0,0,0.17460990834091986
0,0.0,0,0.0,6,339.0,0.0,0.0,1,1,1,3,0,6,339.0,56.5,1.0,0.0,0.0,0,1,0,0,0,0,0,0,1,0,0,1,0,0,0.07108816330592016
0,0.0,0,0.0,33,2199.5,0.0,0.0,2,2,6,2,0,33,2199.5,66.65151515151516,1.0,0.0,0.0,0,1,1,0,0,0,0,0,0,0,0,0,0,0,0.03373776773280304
1,17.1,1,31.2,45,812.2873894,4.395471544,0.0,2,4,3,2,0,47,860.5873894,18.310369987234044,0.9574468085106383,193.2742136276286,0.0,0,0,0,0,0,0,0,0,0,0,0,1,1,0,0.4815267693591368
3,53.16666667,0,0.0,11,263.6,0.0,0.0,3,2,1,9,0,14,316.76666667,22.626190476428572,0.7857142857142857,0.0,0.0,0,0,0,0,0,0,1,0,0,0,0,1,0,0,0.02682579378132341
1,10.0,0,0.0,23,660.8166667,0.0,0.0,2,4,1,3,1,24,670.8166667,27.950694445833335,0.9583333333333334,0.0,0.0,1,0,0,0,0,0,1,0,0,0,0,1,0,0,0.024385651554708697
0,0.0,0,0.0,10,478.5,0.0,0.0,4,1,1,2,0,10,478.5,47.85,1.0,0.0,0.0,0,1,0,0,0,0,0,0,1,0,0,0,0,0,0.07108816330592016
0,0.0,0,0.0,5,517.5,0.0,0.0,1,1,2,4,0,5,517.5,103.5,1.0,0.0,0.24997500249975002,0,1,0,0,0,0,0,1,0,0,0,1,0,0,0.024438128369347105
3,94.6,0,0.0,1,4.0,0.0,0.0,2,2,1,2,0,4,98.6,24.65,0.25,0.0,0.0,0,0,0,0,1,0,0,0,0,0,0,0,0,0,0.11834481742247226
0,0.0,0,0.0,10,226.8333333,0.0,0.0,1,1,1,2,1,10,226.8333333,22.68333333,1.0,0.0,0.0,1,0,0,0,0,0,1,0,0,0,0,1,0,0,0.024385651554708697
0,0.0,0,0.0,18,650.1333333,0.0,0.0,2,2,3,4,0,18,650.1333333,36.11851851666667,1.0,0.0,0.6278281302914139,0,0,0,0,1,0,0,0,0,0,0,1,0,0,0.03373776773280304
4,63.75,0,0.0,13,774.7288136,0.0,0.0,2,2,6,2,0,17,838.4788136,49.322283152941175,0.7647058823529411,0.0,0.0,0,1,0,0,0,0,0,0,1,0,0,1,1,0,0.0724905970459003
0,0.0,0,0.0,22,282.0833333,0.0,0.0,2,2,4,1,0,22,282.0833333,12.821969695454545,1.0,0.0,0.7141734758013828,0,1,0,0,0,0,0,0,1,0,0,1,0,0,0.0876249225624166
0,0.0,0,0.0,7,705.8333333,0.0,0.0,5,11,4,1,1,7,705.8333333,100.83333332857144,1.0,0.0,0.33329445286951703,1,1,1,0,0,0,0,0,0,0,0,1,0,0,0.03373776773280304
5,169.0,0,0.0,3,50.0,0.0,0.0,1,1,1,9,0,8,219.0,27.375,0.375,0.0,0.0,0,0,0,0,0,0,1,0,0,0,0,0,0,0,0.027559445376056948
0,0.0,0,0.0,15,176.5,0.0,0.0,2,2,1,3,0,15,176.5,11.766666666666667,1.0,0.0,0.3333055578701775,0,0,0,0,1,0,0,0,0,0,0,1,0,0,0.03373776773280304
0,0.0,0,0.0,20,528.0,31.1904,0.6,2,2,1,4,0,20,528.0,26.4,1.0,4153.18242343542,0.0,0,1,0,0,0,0,0,1,0,0,0,0,1,1,0.8462002845484583
0,0.0,0,0.0,27,1070.461905,57.7293604,0.0,2,2,3,2,0,27,1070.461905,39.64673722222222,1.0,7782.957089991151,0.0,0,0,0,0,0,0,1,0,0,0,0,1,1,1,0.8133831226717266
0,0.0,0,0.0,21,289.5,0.0,0.0,2,2,6,10,0,21,289.5,13.785714285714286,1.0,0.0,0.2499344053434334,0,1,1,0,0,0,0,0,0,0,0,1,0,0,0.03373776773280304
0,0.0,0,0.0,9,79.75,0.0,0.0,2,4,1,2,1,9,79.75,8.86111111111111,1.0,0.0,0.0,1,1,1,0,0,0,0,0,0,0,0,1,0,0,0.03183788113276797
0,0.0,0,0.0,2,9.0,0.0,0.0,2,2,1,3,1,2,9.0,4.5,1.0,0.0,0.0,1,0,0,0,0,0,1,0,0,0,0,1,0,0,0.024385651554708697
0,0.0,0,0.0,41,647.8166667,0.0,0.4,2,2,6,1,0,41,647.8166667,15.80040650487805,1.0,0.0,0.4685742787882759,0,1,0,0,0,0,0,1,0,0,0,1,0,0,0.024438128369347105
5,825.0,0,0.0,33,808.1666667,20.85956757,0.0,2,4,9,10,0,38,1633.1666667,42.97807017631579,0.868421052631579,3851.8942849149785,0.0,0,0,0,0,0,0,1,0,0,0,0,0,1,1,0.6965398671319898
3,75.6,0,0.0,122,1655.57,17.0952864,0.0,2,10,4,3,0,125,1731.1699999999998,13.849359999999999,0.976,2666.97135725429,0.0,0,0,0,0,0,0,0,0,0,0,0,1,1,0,0.4969968144662504
7,52.875,0,0.0,9,152.4166667,0.0,0.0,2,2,4,2,0,16,205.2916667,12.83072916875,0.5625,0.0,0.0,0,1,1,0,0,0,0,0,0,0,0,0,0,0,0.09430446019663719
0,0.0,2,20.0,28,1085.25,0.0,0.0,3,2,1,11,0,30,1105.25,36.84166666666667,0.9333333333333333,0.0,0.0,0,1,1,0,0,0,0,0,0,0,0,0,1,0,0.04261759467701968
5,84.33333333,1,0.0,55,1699.327668,16.48421053,0.0,2,2,6,4,0,61,1783.6610013299999,29.24034428409836,0.9016393442622951,1945.8298615201597,0.0,0,1,0,0,0,0,0,1,0,0,0,1,0,0,0.4563433329885477
2,209.5,0,0.0,102,2436.287879,0.0,0.0,3,2,1,13,0,104,2645.787879,25.44026806730769,0.9807692307692307,0.0,0.8554592350130512,0,0,0,0,0,0,0,0,0,1,0,1,0,0,0.04555951193374422
6,83.4,1,102.3,34,970.6266667,0.0,0.0,1,1,6,2,0,41,1156.3266667,28.20308943170732,0.8292682926829268,0.0,0.6160079867492569,0,1,0,0,0,0,0,0,1,0,0,1,0,0,0.08932222455869944
4,84.75,0,0.0,46,962.9011905,0.0,0.0,1,1,6,2,0,50,1047.6511905,20.95302381,0.92,0.0,0.3661103344994864,0,1,1,0,0,0,0,0,0,0,0,1,0,0,0.0377923968970553
3,61.5,0,0.0,16,946.1666667,0.0,0.0,2,2,1,10,0,19,1007.6666667,53.035087721052626,0.8421052631578947,0.0,0.0,0,0,0,0,0,0,1,0,0,0,0,0,0,0,0.02682579378132341
1,4.0,0,0.0,62,3000.250794,0.0,0.0,2,2,4,1,0,63,3004.250794,47.68652053968254,0.9841269841269841,0.0,0.16645613840799342,0,1,0,0,0,0,0,1,0,0,0,1,0,0,0.024438128369347105
0,0.0,0,0.0,58,3200.366667,0.0,0.0,2,2,6,1,0,58,3200.366667,55.178735637931034,1.0,0.0,0.12495470844960686,0,0,0,0,0,0,1,0,0,0,0,1,0,0,0.024385651554708697
0,0.0,0,0.0,34,1401.458333,0.0,0.0,2,2,9,11,0,34,1401.458333,41.21936273529412,1.0,0.0,0.0,0,1,0,0,0,0,0,0,1,0,0,0,1,0,0.09398063074455923
0,0.0,0,0.0,15,748.5666667,0.0,0.0,2,2,1,2,0,15,748.5666667,49.904444446666666,1.0,0.0,0.38700314752078646,0,0,0,0,0,0,1,0,0,0,0,1,0,0,0.024385651554708697
0,0.0,0,0.0,1,0.0,0.0,0.0,3,2,8,4,0,1,0.0,0.0,1.0,0.0,0.999950002499875,0,1,0,0,0,0,0,1,0,0,0,1,0,0,0.024438128369347105
0,0.0,0,0.0,14,313.0178571,0.0,0.0,3,2,4,2,0,14,313.0178571,22.358418364285715,1.0,0.0,0.0,0,1,0,0,0,0,0,0,1,0,0,1,0,0,0.08055098232899179
0,0.0,0,0.0,1,0.0,0.0,0.0,2,2,1,3,0,1,0.0,0.0,1.0,0.0,0.999950002499875,0,1,0,0,0,0,0,1,0,0,0,1,0,0,0.024438128369347105
0,0.0,0,0.0,24,583.0,0.0,0.0,2,2,1,4,0,24,583.0,24.291666666666668,1.0,0.0,0.0,0,0,0,0,1,0,0,0,0,0,0,1,0,0,0.03373776773280304
0,0.0,0,0.0,3,738.0,0.0,0.4,2,4,1,2,0,3,738.0,246.0,1.0,0.0,0.0,0,0,0,1,0,0,0,0,0,0,0,1,0,0,0.03373776773280304
0,0.0,0,0.0,11,399.6666667,0.0,0.8,2,2,1,2,0,11,399.6666667,36.33333333636364,1.0,0.0,0.7498968926151521,0,1,0,0,0,0,0,1,0,0,0,1,0,0,0.024438128369347105
1,28.5,0,0.0,79,1608.214286,0.0,0.0,1,1,3,3,0,80,1636.714286,20.458928574999998,0.9875,0.0,0.33476355852710393,0,1,0,0,0,0,0,0,1,0,0,1,0,0,0.1464005250162368
0,0.0,0,0.0,1,0.0,0.0,0.0,7,1,1,3,0,1,0.0,0.0,1.0,0.0,0.999950002499875,0,1,0,0,0,0,0,0,1,0,0,1,0,0,0.061158393045808314
0,0.0,1,0.0,35,1742.883333,0.0,0.0,2,2,1,4,0,36,1742.883333,48.41342591666667,0.9722222222222222,0.0,0.2777102693015943,0,1,0,0,0,0,0,1,0,0,0,1,0,0,0.024438128369347105
10,298.581761,0,0.0,210,8115.845852,0.0,0.0,2,2,1,2,0,220,8414.427613,38.24739824090909,0.9545454545454546,0.0,0.2780725038790612,0,1,0,0,0,0,0,0,1,0,0,1,0,0,0.22439482631920665
1,23.0,0,0.0,16,281.75,0.0,0.0,8,2,1,2,0,17,304.75,17.926470588235293,0.9411764705882353,0.0,0.0,0,1,0,0,0,0,0,0,1,0,0,1,0,0,0.091098800664601
0,0.0,0,0.0,25,1229.25,0.0,1.0,3,2,3,4,1,25,1229.25,49.17,1.0,0.0,0.6641614931762779,1,1,0,0,0,0,0,1,0,0,0,1,0,0,0.024438128369347105
4,99.5,0,0.0,16,315.1666667,12.53314286,0.0,1,1,6,3,0,20,414.6666667,20.733333335,0.8,751.537633988854,0.0,0,0,0,0,0,0,1,0,0,0,0,1,1,1,0.6346018353890253
1,0.0,0,0.0,0,0.0,0.0,0.0,1,1,3,8,0,1,0.0,0.0,0.0,0.0,0.999950002499875,0,1,0,0,0,0,0,0,1,0,0,1,0,0,0.2307019085998354
0,0.0,0,0.0,12,247.0,0.0,0.0,8,1,3,1,1,12,247.0,20.583333333333332,1.0,0.0,0.0,1,1,1,0,0,0,0,0,0,0,0,1,0,0,0.03373776773280304
0,0.0,0,0.0,34,508.558547,0.0,0.0,2,2,3,10,0,34,508.558547,14.957604323529411,1.0,0.0,0.5340037980444323,0,1,1,0,0,0,0,0,0,0,0,1,0,0,0.03373776773280304
0,0.0,0,0.0,20,1116.473333,0.0,0.0,3,2,6,1,0,20,1116.473333,55.82366664999999,1.0,0.0,1.1800656867472723,0,0,0,0,0,0,0,0,0,1,0,1,0,0,0.03373776773280304
0,0.0,0,0.0,12,1638.5,0.0,0.8,2,2,5,13,0,12,1638.5,136.54166666666666,1.0,0.0,0.7142244901459175,0,1,0,0,0,0,0,1,0,0,0,1,0,0,0.024438128369347105
1,0.0,0,0.0,20,816.5,0.0,0.8,3,2,3,13,0,21,816.5,38.88095238095238,0.9523809523809523,0.0,0.53565689581708,0,1,0,0,0,0,0,1,0,0,0,1,0,0,0.024438128369347105
3,76.25,0,0.0,16,301.6666667,0.0,0.0,1,1,4,8,0,19,377.9166667,19.89035087894737,0.8421052631578947,0.0,0.44985828204229034,0,1,0,0,0,0,0,0,1,0,0,1,0,0,0.08932222455869944
0,0.0,0,0.0,15,575.6666667,0.0,0.0,2,2,2,2,0,15,575.6666667,38.377777779999995,1.0,0.0,0.9747806765955728,0,1,0,0,0,0,0,1,0,0,0,1,0,0,0.024438128369347105
1,10.0,0,0.0,30,602.5,0.0,0.0,2,2,2,10,0,31,612.5,19.758064516129032,0.967741935483871,0.0,0.6486034484075957,0,1,1,0,0,0,0,0,0,0,0,1,0,0,0.04261759467701968
0,0.0,0,0.0,31,485.6333333,0.0,0.0,2,2,1,4,0,31,485.6333333,15.665591396774193,1.0,0.0,0.4998708796047033,0,0,0,0,1,0,0,0,0,0,0,1,0,0,0.03373776773280304
1,78.0,0,0.0,21,555.8944444,24.75047619,0.0,1,1,1,2,0,22,633.8944444,28.813383836363638,0.9545454545454546,10351.724413539043,0.0,0,0,0,0,0,0,1,0,0,0,0,0,1,1,0.8119747357772196
5,339.1666667,0,0.0,20,525.6666667,0.0,0.0,1,2,3,2,0,25,864.8333333999999,34.59333333599999,0.8,0.0,0.0,0,1,0,0,0,0,0,1,0,0,0,1,0,0,0.02579173006222376
11,385.5666667,0,0.0,54,1256.293333,0.0,0.0,2,2,7,3,0,65,1641.8599997000001,25.25938461076923,0.8307692307692308,0.0,0.7194992619185,0,0,0,0,0,0,0,0,0,1,0,1,0,0,0.07608453149984565
6,65.0,2,243.0,19,681.6190476,28.29538462,1.0,2,2,1,2,1,27,989.6190476,36.65255731851852,0.7037037037037037,2396.9243054901403,0.0,1,1,0,0,0,0,0,1,0,0,0,1,1,1,0.5942427814033195
2,11.0,0,0.0,12,347.0,9.960923077,0.0,1,1,3,3,1,14,358.0,25.571428571428573,0.8571428571428571,431.4530384581783,0.0,1,1,0,0,0,0,0,1,0,0,0,1,1,1,0.6029799754685503
0,0.0,0,0.0,3,423.5,0.0,0.0,3,2,1,1,0,3,423.5,141.16666666666666,1.0,0.0,0.7878137592297954,0,1,1,0,0,0,0,0,0,0,0,1,0,0,0.03373776773280304
3,32.1,0,0.0,3,21.1,0.0,0.0,3,2,6,5,0,6,53.2,8.866666666666667,0.5,0.0,0.6665111551754218,0,0,0,0,0,1,0,0,0,0,0,0,0,0,0.12737902072115947
0,0.0,0,0.0,2,0.0,0.0,0.0,3,2,3,6,1,2,0.0,0.0,1.0,0.0,0.999950002499875,1,1,1,0,0,0,0,0,0,0,0,1,0,0,0.03183788113276797
0,0.0,0,0.0,9,153.2,27.8892456,0.0,2,2,7,13,0,9,153.2,17.022222222222222,1.0,464.7433027828695,0.3332777870354941,0,0,0,0,0,0,0,0,0,0,0,1,1,1,0.667296319768553
1,15.2,0,0.0,6,199.6,0.0,0.0,1,8,2,6,0,7,214.79999999999998,30.685714285714283,0.8571428571428571,0.0,0.0,0,0,0,0,0,0,0,0,0,1,0,0,0,0,0.08536498998756806
0,0.0,0,0.0,2,155.5,0.0,0.0,3,2,3,1,1,2,155.5,77.75,1.0,0.0,0.6666222251849877,1,1,1,0,0,0,0,0,0,0,0,1,0,0,0.03373776773280304
0,0.0,0,0.0,19,557.35,0.0,0.0,1,1,3,3,1,19,557.35,29.33421052631579,1.0,0.0,0.0,1,1,0,0,0,0,0,0,1,0,0,1,0,0,0.08792304389639131
0,0.0,0,0.0,21,1461.833333,23.82324931,0.0,2,2,1,1,1,21,1461.833333,69.6111110952381,1.0,646.455590800037,0.5712735269803448,1,1,0,0,0,0,0,0,1,0,0,1,1,0,0.4355525385555419
1,0.0,0,0.0,55,2780.609524,9.137331307,0.0,2,2,8,3,0,56,2780.609524,49.6537415,0.9821428571428571,201.78403361175663,0.424939602246128,0,1,1,0,0,0,0,0,0,0,0,1,0,0,0.2612158188739118
0,0.0,0,0.0,25,612.5833333,0.0,0.8,3,2,1,13,0,25,612.5833333,24.503333332,1.0,0.0,0.6661337330135891,0,1,0,0,0,0,0,1,0,0,0,1,0,0,0.024438128369347105
1,0.0,3,92.5,9,359.1666667,58.16727273,0.0,1,1,1,5,0,13,451.6666667,34.743589746153845,0.6923076923076923,3197.4414393327816,0.0,0,1,0,0,0,0,0,1,0,0,0,0,1,1,0.8106277604234641
1,260.0,0,0.0,11,198.1666667,0.0,0.0,2,2,9,2,0,12,458.1666667,38.18055555833333,0.9166666666666666,0.0,0.0,0,1,0,0,0,0,0,1,0,0,0,0,0,0,0.024438128369347105
3,25.4,0,0.0,73,2958.5,5.677286486,0.4,2,5,2,3,0,76,2983.9,39.261842105263156,0.9605263157894737,259.7486492905404,0.2473094586790126,0,1,0,0,0,0,0,1,0,0,0,1,0,0,0.25337537259449966
7,135.6666667,2,190.4166667,132,7356.402381,9.193989222,0.0,4,1,4,10,0,141,7682.4857144,54.48571428652482,0.9361702127659575,522.770968107124,0.2565683770046235,0,1,1,0,0,0,0,0,0,0,0,1,0,0,0.25873624738756873
0,0.0,0,0.0,1,0.0,0.0,0.0,1,1,1,3,0,1,0.0,0.0,1.0,0.0,0.999950002499875,0,1,1,0,0,0,0,0,0,0,0,1,0,0,0.03183788113276797
7,98.17261905,0,0.0,47,1889.953409,0.0,0.0,2,2,1,1,0,54,1988.12602805,36.81714866759259,0.8703703703703703,0.0,0.5242135733981944,0,1,0,0,0,0,0,0,1,0,0,1,0,0,0.15158645210376526
2,25.625,0,0.0,162,8596.669979,1.469693253,0.0,2,2,5,2,0,164,8622.294979,52.57496938414634,0.9878048780487805,118.90886621489666,0.41064047083499294,0,1,1,0,0,0,0,0,0,0,0,1,0,0,0.25300841375341765
9,795.2083333,0,0.0,118,4947.358038,2.270358059,0.0,3,2,5,2,0,127,5742.5663713,45.21705804173229,0.9291338582677166,202.5183113243135,0.10152961059908225,0,1,0,0,0,0,0,0,1,0,0,1,0,0,0.48654807799236977
0,0.0,0,0.0,2,49.0,0.0,0.0,2,2,1,3,1,2,49.0,24.5,1.0,0.0,0.0,1,0,0,0,0,0,1,0,0,0,0,1,0,0,0.024385651554708697
0,0.0,0,0.0,20,2001.833333,0.0,0.0,2,2,9,6,0,20,2001.833333,100.09166665000001,1.0,0.0,0.7053596180080037,0,1,0,0,0,0,0,0,1,0,0,1,0,0,0.14277936929404178
5,73.75,0,0.0,131,2244.616667,0.0,0.0,2,2,1,2,0,136,2318.366667,17.046813727941174,0.9632352941176471,0.0,0.30505828236812427,0,1,0,0,0,0,0,0,1,0,0,1,0,0,0.1759696584932427
5,110.75,0,0.0,11,146.75,0.0,0.0,1,1,1,15,0,16,257.5,16.09375,0.6875,0.0,0.0,0,1,0,0,0,0,0,0,1,0,0,1,0,0,0.07453843339861513
0,0.0,0,0.0,48,1510.383333,16.61211742,0.0,2,4,3,1,0,48,1510.383333,31.4663194375,1.0,536.9651064361271,0.2750953128953592,0,0,0,0,0,0,0,0,0,0,0,1,0,0,0.32836848237053706
0,0.0,0,0.0,7,355.6666667,0.0,1.0,1,1,2,2,1,7,355.6666667,50.80952381428572,1.0,0.0,0.0,1,1,0,0,0,0,0,1,0,0,0,1,0,0,0.024438128369347105
6,202.4,1,0.0,22,2006.046667,8.052231522,0.0,6,5,4,2,0,29,2208.446667,76.15333334482759,0.7586206896551724,245.88396735749052,0.21811519112791136,0,1,0,0,0,0,0,0,1,0,0,1,0,0,0.393829643416641
2,79.0,0,0.0,7,823.0,0.0,0.0,1,1,3,2,1,9,902.0,100.22222222222223,0.7777777777777778,0.0,0.0,1,1,1,0,0,0,0,0,0,0,0,1,0,0,0.07608453149984565
0,0.0,0,0.0,8,1102.5,0.0,0.0,1,1,6,2,1,8,1102.5,137.8125,1.0,0.0,0.4413306117945606,1,1,1,0,0,0,0,0,0,0,0,1,0,0,0.03373776773280304
4,16.66666667,0,0.0,68,2593.741667,0.0,0.0,2,2,4,8,0,72,2610.4083336699996,36.25567130097222,0.9444444444444444,0.0,0.22882942895574834,0,0,0,0,0,0,1,0,0,0,0,1,0,0,0.024385651554708697
3,50.0,5,248.75,39,1034.3125,0.0,0.0,1,1,1,2,0,47,1333.0625,28.363031914893618,0.8297872340425532,0.0,0.7312970608407551,0,1,1,0,0,0,0,0,0,0,0,1,0,0,0.07608453149984565
0,0.0,0,0.0,38,586.3333333,0.0,0.4,2,2,3,13,0,38,586.3333333,15.429824560526317,1.0,0.0,0.2799255451250712,0,1,0,0,0,0,0,1,0,0,0,1,0,0,0.024438128369347105
5,526.85,4,143.25,266,9770.812093,0.245152903,0.0,2,4,4,2,1,275,10440.912093,37.96695306545455,0.9672727272727273,9.91311310806969,0.297161648307777,1,1,0,0,0,0,0,0,1,0,0,1,0,0,0.2750507515654579
0,0.0,0,0.0,6,183.5,0.0,0.0,2,2,1,2,0,6,183.5,30.583333333333332,1.0,0.0,0.0,0,1,1,0,0,0,0,0,0,0,0,0,0,0,0.03373776773280304
5,145.0,2,349.0,33,2161.133333,16.58165201,0.0,2,2,7,1,0,40,2655.133333,66.378333325,0.825,370.1565253399692,0.2861956421648427,0,1,0,0,0,0,0,0,1,0,0,1,1,0,0.45121999464542173
10,464.15,4,160.5,26,1975.633333,0.0,0.2,2,2,1,3,0,40,2600.283333,65.007083325,0.65,0.0,0.5997960693384642,0,1,0,0,0,0,0,1,0,0,0,1,0,0,0.025811145167664636
0,0.0,0,0.0,18,1259.0,0.0,0.0,2,2,1,1,0,18,1259.0,69.94444444444444,1.0,0.0,0.312407255952662,0,1,0,0,0,0,0,1,0,0,0,1,0,0,0.024438128369347105
2,50.5,1,7.0,27,916.9222222,0.0,0.0,1,2,1,8,1,30,974.4222222,32.48074074,0.9,0.0,0.0,0,1,0,0,0,0,0,0,1,0,0,0,1,0,0.08868026118420419
0,0.0,1,16.0,65,2863.400427,0.0,0.0,2,2,1,2,0,66,2879.400427,43.627279196969695,0.9848484848484849,0.0,0.2751673325569359,0,1,0,0,0,0,0,0,1,0,0,1,0,0,0.20330823696679945
1,26.0,0,0.0,16,638.8333333,20.26155684,0.0,2,4,2,2,0,17,664.8333333,39.10784313529412,0.9411764705882353,1619.6288441247002,0.0,0,0,0,0,0,0,1,0,0,0,0,0,0,1,0.8129544043702166
4,207.0,0,0.0,31,1592.233333,57.06546413,0.0,2,2,4,1,0,35,1799.233333,51.40666665714286,0.8857142857142857,4926.199895649838,0.0,0,1,1,0,0,0,0,0,0,0,0,1,0,1,0.6431983816282801
12,217.0833333,5,480.125,90,1996.565909,0.0,0.0,3,2,3,1,0,107,2693.7742423,25.175460208411213,0.8411214953271028,0.0,0.49192148962055915,0,1,0,0,0,0,0,0,1,0,0,1,0,0,0.17525349790651878
0,0.0,0,0.0,5,117.75,0.0,0.0,1,1,1,2,0,5,117.75,23.55,1.0,0.0,0.0,0,1,1,0,0,0,0,0,0,0,0,1,0,0,0.03183788113276797
0,0.0,0,0.0,18,1485.416667,0.0,0.0,2,4,1,1,0,18,1485.416667,82.52314816666666,1.0,0.0,0.0,0,0,0,0,0,0,1,0,0,0,0,1,0,0,0.024385651554708697
10,392.0,2,193.1666667,106,3711.605357,0.850509525,0.0,2,2,1,1,0,118,4296.772023699999,36.413322234745756,0.8983050847457628,67.5914196494838,0.1394240003992657,0,1,0,0,0,0,0,0,1,0,0,1,1,1,0.5124663693376494
0,0.0,0,0.0,4,25.0,0.0,0.0,3,2,3,3,0,4,25.0,6.25,1.0,0.0,0.49995000499950004,0,1,0,0,0,0,0,1,0,0,0,1,0,0,0.024438128369347105
1,2.0,0,0.0,61,1335.737854,20.15710234,0.0,4,4,1,2,1,62,1337.737854,21.576417,0.9838709677419355,10028.40912437811,0.0,1,1,0,0,0,0,0,0,1,0,0,1,1,1,0.7452121414128389
0,0.0,0,0.0,23,1134.5,0.0,0.8,2,5,1,11,0,23,1134.5,49.32608695652174,1.0,0.0,0.6469513763860701,0,1,0,0,0,0,0,1,0,0,0,1,0,0,0.024438128369347105
9,124.0,1,61.5,25,432.1666667,0.0,0.0,2,2,8,2,0,35,617.6666667,17.64761904857143,0.7142857142857143,0.0,0.0,0,1,1,0,0,0,0,0,0,0,0,0,0,0,0.08664988265574693
1,51.5,0,0.0,57,2689.291667,0.0,0.0,2,2,9,2,0,58,2740.791667,47.25502874137931,0.9827586206896551,0.0,0.12982293711377682,0,1,0,0,0,0,0,0,1,0,0,1,0,0,0.16664513425393998
1,46.0,0,0.0,98,3098.649444,6.153201384,0.0,2,2,6,1,0,99,3144.649444,31.7641357979798,0.98989898989899,164.16059957076328,0.5019482394798789,0,0,0,0,0,0,0,0,0,0,0,1,0,0,0.3068012891893179
0,0.0,0,0.0,26,338.2333333,0.0,0.0,2,2,2,2,1,26,338.2333333,13.008974357692308,1.0,0.0,0.31773172375696945,1,1,0,0,0,0,0,1,0,0,0,1,0,0,0.024438128369347105
0,0.0,0,0.0,3,24.0,0.0,0.0,3,2,3,1,1,3,24.0,8.0,1.0,0.0,0.4999625065619141,1,0,0,0,0,0,1,0,0,0,0,1,0,0,0.024385651554708697
4,162.0,3,75.5,4,158.5,0.0,0.0,2,4,1,10,0,11,396.0,36.0,0.36363636363636365,0.0,0.0,0,0,0,0,0,0,1,0,0,0,0,1,0,0,0.027559445376056948
0,0.0,0,0.0,6,81.66666667,0.0,0.0,2,2,7,2,1,6,81.66666667,13.611111111666666,1.0,0.0,0.0,1,1,1,0,0,0,0,0,0,0,0,1,0,0,0.03183788113276797
4,94.0,0,0.0,34,1159.666667,16.12416,0.0,1,8,1,4,0,38,1253.666667,32.991228078947366,0.8947368421052632,841.8670906382271,0.29835162451220726,0,1,0,0,0,0,0,1,0,0,0,1,0,0,0.39417649195950977
2,166.9166667,7,115.0,233,7952.491839,8.920900783,0.0,2,2,1,2,0,242,8234.408505700001,34.026481428512405,0.9628099173553719,468.14546072538116,0.09629320285218734,0,1,0,0,0,0,0,0,1,0,0,1,1,1,0.5494003283632056
11,604.73,0,0.0,63,1276.843158,0.0,0.0,2,2,8,6,0,74,1881.573158,25.426664297297297,0.8513513513513513,0.0,0.0,0,0,0,0,1,0,0,0,0,0,0,0,1,0,0.0850863669750178
0,0.0,0,0.0,27,2514.25,31.40784,0.0,2,2,3,5,0,27,2514.25,93.12037037037037,1.0,4704.119585415897,0.0,0,1,0,0,0,0,0,1,0,0,0,0,1,1,0.8372179802483672
0,0.0,0,0.0,6,903.3571429,0.0,0.0,3,3,1,3,0,6,903.3571429,150.55952381666665,1.0,0.0,1.0027481817814978,0,1,1,0,0,0,0,0,0,0,0,1,0,0,0.03373776773280304
0,0.0,0,0.0,17,639.7566667,63.45892077,0.0,2,2,3,4,0,17,639.7566667,37.6327451,1.0,5389.427198437057,0.0,0,0,0,0,0,0,0,0,0,1,0,0,1,1,0.8510896452358656
0,0.0,0,0.0,16,149.9,0.0,0.0,2,2,7,1,0,16,149.9,9.36875,1.0,0.0,0.5624437556244376,0,0,0,0,0,1,0,0,0,0,0,1,0,0,0.03183788113276797
7,134.0,2,196.0,11,438.5833333,0.0,0.0,2,5,1,2,0,20,768.5833333,38.429166665000004,0.55,0.0,0.38697693218124,0,1,0,0,0,0,0,1,0,0,0,1,0,0,0.025811145167664636
0,0.0,0,0.0,49,1571.12381,0.0,0.0,2,2,8,4,1,49,1571.12381,32.0637512244898,1.0,0.0,0.3996243343302376,0,0,0,0,1,0,0,0,0,0,0,0,0,0,0.03373776773280304
2,28.0,0,0.0,7,115.6666667,0.0,1.0,1,1,1,5,1,9,143.6666667,15.962962966666668,0.7777777777777778,0.0,0.0,0,1,0,0,0,0,0,1,0,0,0,0,0,0,0.02839847401337313
4,47.0,0,0.0,6,173.0,0.0,0.0,1,2,2,2,0,10,220.0,22.0,0.6,0.0,0.33324446814182884,0,1,0,0,0,0,0,1,0,0,0,1,0,0,0.025811145167664636
2,73.95833333,0,0.0,17,864.9983333,27.83116147,0.0,3,2,4,1,0,19,938.95666663,49.41877192789474,0.8947368421052632,741.9664481471608,0.6664889362836577,0,0,0,0,0,0,0,0,0,0,1,1,1,0,0.44708396821639335
2,20.2,0,0.0,14,1261.316667,0.0,0.0,2,2,1,5,0,16,1281.516667,80.0947916875,0.875,0.0,0.0,0,0,0,0,0,0,0,0,0,0,0,1,0,0,0.04277944423554746
1,54.5,0,0.0,26,449.25,0.0,0.0,4,2,3,2,0,27,503.75,18.65740740740741,0.9629629629629629,0.0,0.0,0,1,1,0,0,0,0,0,0,0,0,1,0,0,0.0377923968970553
0,0.0,0,0.0,27,321.6666667,0.0,0.8,3,2,1,1,0,27,321.6666667,11.913580248148149,1.0,0.0,0.7085161492844455,0,1,0,0,0,0,0,1,0,0,0,1,0,0,0.024438128369347105
0,0.0,0,0.0,2,11.0,0.0,0.0,2,2,2,13,0,2,11.0,5.5,1.0,0.0,0.0,0,1,1,0,0,0,0,0,0,0,0,1,0,0,0.03183788113276797
0,0.0,0,0.0,4,34.0,0.0,0.0,3,2,6,1,0,4,34.0,8.5,1.0,0.0,0.6666222251849877,0,0,0,0,0,0,1,0,0,0,0,1,0,0,0.024385651554708697
0,0.0,0,0.0,8,332.0,14.1273698,0.0,1,2,4,8,1,8,332.0,41.5,1.0,494.28493585817563,0.0,0,1,0,0,0,0,0,0,1,0,0,0,1,1,0.7708458190217281
3,98.5,0,0.0,27,702.3333333,0.0,0.0,2,2,7,2,0,30,800.8333333,26.694444443333335,0.9,0.0,0.5491658348494112,0,1,1,0,0,0,0,0,0,0,0,1,0,0,0.0377923968970553
0,0.0,0,0.0,3,26.0,0.0,0.0,3,2,1,1,0,3,26.0,8.666666666666666,1.0,0.0,0.0,0,0,0,0,0,0,1,0,0,0,0,1,0,0,0.024385651554708697
1,58.4,1,24.2,11,503.2666667,24.72209216,0.0,3,2,1,1,0,13,585.8666667,45.06666666923077,0.8461538461538461,679.6706317729687,0.49986253780073014,0,0,0,0,0,0,0,0,0,1,0,1,1,0,0.4424530924998793
0,0.0,0,0.0,2,0.0,0.0,0.2,2,2,2,13,0,2,0.0,0.0,1.0,0.0,0.999950002499875,0,1,0,0,0,0,0,1,0,0,0,1,0,0,0.024438128369347105
0,0.0,2,62.33333333,34,1122.272727,0.0,0.8,2,2,4,6,0,36,1184.60606033,32.905723898055555,0.9444444444444444,0.0,0.6648346701414399,0,1,0,0,0,0,0,1,0,0,0,1,0,0,0.024438128369347105
2,96.0,0,0.0,5,122.0,0.0,0.0,1,1,1,15,1,7,218.0,31.142857142857142,0.7142857142857143,0.0,0.5713143171365725,1,1,0,0,0,0,0,1,0,0,0,1,0,0,0.025811145167664636
4,80.6,0,0.0,39,639.4933333,0.0,0.0,1,2,1,20,0,43,720.0933333,16.746356588372095,0.9069767441860465,0.0,0.0,0,1,0,0,0,0,0,0,1,0,0,1,0,0,0.0924195231875562
8,130.7,0,0.0,3,87.5,0.0,0.0,2,2,1,3,1,11,218.2,19.836363636363636,0.2727272727272727,0.0,0.0,0,1,0,0,0,0,0,0,1,0,0,0,0,0,0.22459717189066208
1,16.6,0,0.0,84,1893.619048,0.0,0.0,1,1,6,3,0,85,1910.219048,22.473165270588236,0.9882352941176471,0.0,0.5580768498633565,0,0,0,0,0,0,0,0,0,1,0,1,0,0,0.04506311585774993
1,27.0,0,0.0,4,467.0,0.0,0.0,1,1,1,4,0,5,494.0,98.8,0.8,0.0,0.0,0,1,0,0,0,0,0,1,0,0,0,0,0,0,0.02579173006222376
6,102.4,2,44.4,33,688.3142857,0.0,0.0,2,2,3,3,0,41,835.1142857,20.368641114634144,0.8048780487804879,0.0,0.0,0,0,0,0,0,0,0,0,0,0,1,1,0,0,0.0803827538725416
2,137.0,0,0.0,6,185.4,44.89345937,0.0,2,2,7,4,0,8,322.4,40.3,0.75,1570.7213019335038,0.0,0,0,0,0,0,0,0,0,0,1,0,1,1,1,0.7710787664234204
1,27.5,1,376.0,109,2925.677607,0.0,0.0,1,2,3,10,0,111,3329.177607,29.992591054054056,0.9819819819819819,0.0,0.35098173865360827,0,1,0,0,0,0,0,0,1,0,0,1,0,0,0.24277968747678136
6,85.96666667,1,2.0,76,1464.209618,0.0,0.0,3,2,8,4,0,83,1552.17628467,18.700919092409638,0.9156626506024096,0.0,0.5486562723520859,0,0,0,0,0,0,0,0,0,0,0,1,0,0,0.04523486501605895
2,28.05714286,0,0.0,73,2260.857143,0.0,0.0,2,2,7,4,1,75,2288.9142858600003,30.518857144800005,0.9733333333333334,0.0,0.14077073976369417,1,0,0,0,0,1,0,0,0,0,0,1,0,0,0.04282754231043622
0,0.0,0,0.0,7,176.3333333,0.0,0.0,2,2,2,13,0,7,176.3333333,25.190476185714285,1.0,0.0,0.0,0,1,0,0,0,0,0,1,0,0,0,1,0,0,0.024438128369347105
1,28.2,0,0.0,1,0.0,0.0,0.0,1,1,1,5,0,2,28.2,14.1,0.5,0.0,0.0,0,0,0,0,0,0,0,0,0,0,1,0,1,0,0.19195444715481677
0,0.0,0,0.0,10,444.5,13.9394091,0.0,2,2,1,1,0,10,444.5,44.45,1.0,696.622143928036,0.0,0,1,0,0,0,0,0,0,1,0,0,1,1,1,0.6986596397914348
1,4.0,0,0.0,18,143.85,0.0,0.0,2,2,3,3,0,19,147.85,7.781578947368421,0.9473684210526315,0.0,0.0,0,1,0,0,0,0,0,1,0,0,0,1,0,0,0.024438128369347105
0,0.0,0,0.0,4,44.4,0.0,0.0,2,10,1,3,0,4,44.4,11.1,1.0,0.0,0.0,0,0,0,0,0,1,0,0,0,0,0,1,0,0,0.03183788113276797
2,72.5,0,0.0,10,1580.0,100.0963636,0.0,2,2,1,2,0,12,1652.5,137.70833333333334,0.8333333333333334,5502.273802431401,0.0,0,1,0,0,0,0,0,1,0,0,0,1,1,1,0.7476812575297971
0,0.0,0,0.0,10,154.5,0.0,0.2,2,2,3,13,0,10,154.5,15.45,1.0,0.0,0.0,0,1,0,0,0,0,0,1,0,0,0,0,0,0,0.024438128369347105
0,0.0,0,0.0,1,0.0,0.0,0.0,2,4,4,1,0,1,0.0,0.0,1.0,0.0,0.999950002499875,0,1,0,0,0,0,0,0,1,0,0,1,0,0,0.061158393045808314
0,0.0,0,0.0,20,644.4,0.0,0.0,1,1,7,3,0,20,644.4,32.22,1.0,0.0,0.0,0,0,0,0,0,0,1,0,0,0,0,1,0,0,0.024385651554708697
5,174.3,0,0.0,39,794.7131148,0.0,0.0,1,2,1,1,0,44,969.0131148,22.023025336363638,0.8863636363636364,0.0,0.5828673440166289,0,0,0,0,0,0,0,0,0,0,1,1,0,0,0.0377923968970553
0,0.0,0,0.0,14,204.5,0.0,0.6,1,1,4,3,0,14,204.5,14.607142857142858,1.0,0.0,0.5453900859653401,0,1,0,0,0,0,0,1,0,0,0,1,0,0,0.024438128369347105
5,109.8333333,1,37.0,24,1067.795238,64.46185714,0.0,1,1,4,3,0,30,1214.6285713,40.48761904333333,0.8,8011.94985802379,0.0,0,1,0,0,0,0,0,1,0,0,0,1,0,1,0.6689093114274612
0,0.0,0,0.0,9,159.0,0.0,0.0,2,2,1,2,1,9,159.0,17.666666666666668,1.0,0.0,0.0,1,0,0,0,0,0,1,0,0,0,0,1,0,0,0.024385651554708697
3,52.5,0,0.0,139,3674.737578,17.50624004,0.0,2,2,2,10,0,142,3727.237578,26.24815195774648,0.9788732394366197,1470.1929347725677,0.17995944385713677,0,1,0,0,0,0,0,0,1,0,0,1,1,1,0.5997115684011967
1,45.4,0,0.0,60,2580.634935,0.0,0.0,1,1,1,2,0,61,2626.034935,43.04975303278689,0.9836065573770492,0.0,0.0,0,0,0,0,0,0,0,0,0,1,0,1,0,0,0.047964534248318175
1,0.0,0,0.0,9,300.3333333,0.0,0.0,3,2,9,1,0,10,300.3333333,30.033333329999998,0.9,0.0,0.6059724694589878,0,1,1,0,0,0,0,0,0,0,0,1,0,0,0.04261759467701968
2,45.25,1,0.0,42,4126.448611,0.0,0.0,2,2,7,2,0,45,4171.698611,92.70441357777777,0.9333333333333333,0.0,0.05764941610550639,0,1,1,0,0,0,0,0,0,0,0,1,0,0,0.04261759467701968
5,197.0,4,246.0,17,427.0833333,0.0,0.0,1,1,3,2,0,26,870.0833333,33.46474358846154,0.6538461538461539,0.0,0.0,0,0,0,0,0,0,1,0,0,0,0,0,0,0,0.027559445376056948
0,0.0,0,0.0,21,1041.733333,0.0,0.0,3,2,8,1,0,21,1041.733333,49.60634919047619,1.0,0.0,0.0,0,1,0,0,0,0,0,0,1,0,0,1,0,0,0.08723024627843734
1,9.0,0,0.0,15,688.1833333,43.03066045,0.0,1,1,3,2,0,16,697.1833333,43.57395833125,0.9375,3611.5417538344454,0.0,0,1,1,0,0,0,0,0,0,0,0,0,1,1,0.8358648589758966
0,0.0,0,0.0,4,0.0,0.0,0.6,3,2,4,3,0,4,0.0,0.0,1.0,0.0,0.999950002499875,0,1,0,0,0,0,0,1,0,0,0,1,0,0,0.024438128369347105
5,36.86666667,0,0.0,123,3886.823333,0.0,0.0,2,2,1,4,0,128,3923.68999967,30.653828122421874,0.9609375,0.0,0.13424208539514237,0,0,0,0,0,1,0,0,0,0,0,1,0,0,0.05132349173172456
4,97.0,0,0.0,22,739.5833333,0.0,0.0,1,1,6,4,1,26,836.5833333,32.176282050000005,0.8461538461538461,0.0,1.4975290769982437,0,1,0,0,0,0,0,1,0,0,0,0,0,0,0.02579173006222376
0,0.0,0,0.0,20,873.7365079,0.0,0.0,1,2,1,1,0,20,873.7365079,43.686825395,1.0,0.0,0.266177685245739,0,0,0,1,0,0,0,0,0,0,0,1,0,0,0.03373776773280304
0,0.0,0,0.0,16,980.25,0.0,0.0,2,2,4,3,0,16,980.25,61.265625,1.0,0.0,0.0,0,0,0,0,0,0,1,0,0,0,0,1,0,0,0.024385651554708697
0,0.0,0,0.0,20,248.4166667,0.0,0.8,2,2,2,13,0,20,248.4166667,12.420833335000001,1.0,0.0,0.312407255952662,0,1,0,0,0,0,0,1,0,0,0,1,0,0,0.024438128369347105
4,116.0,1,8.0,59,1828.774603,26.93792373,0.0,2,2,7,6,0,64,1952.774603,30.512103171875,0.921875,1152.593082060085,0.16576079445542027,0,1,0,0,0,0,0,1,0,0,0,1,0,0,0.33304082422357095
5,99.16666667,1,27.0,33,483.2666667,0.0,0.6,8,5,1,2,0,39,609.43333337,15.626495727435898,0.8461538461538461,0.0,0.3040147602316038,0,1,0,0,0,0,0,1,0,0,0,1,0,0,0.02579173006222376
0,0.0,0,0.0,4,18.2,0.0,0.0,3,2,1,13,0,4,18.2,4.55,1.0,0.0,0.9999333377774814,0,0,0,0,0,0,0,0,0,0,1,1,0,0,0.03183788113276797
8,96.75,1,73.75,64,2527.083333,0.0,0.0,2,2,4,2,0,73,2697.583333,36.95319634246575,0.8767123287671232,0.0,0.0,0,1,0,0,0,0,0,0,1,0,0,1,0,0,0.17697998030095755
2,15.6,0,0.0,10,68.0,0.0,0.2,2,2,2,3,0,12,83.6,6.966666666666666,0.8333333333333334,0.0,0.3999120193548621,0,1,0,0,0,0,0,1,0,0,0,1,0,0,0.02839847401337313
0,0.0,0,0.0,22,887.3547619,0.0,0.0,3,2,8,2,0,22,887.3547619,40.33430735909091,1.0,0.0,0.6891798759476223,0,1,0,0,0,0,0,1,0,0,0,1,0,0,0.024438128369347105
0,0.0,0,0.0,4,41.0,0.0,0.4,2,2,1,2,0,4,41.0,10.25,1.0,0.0,0.6666222251849877,0,1,0,0,0,0,0,1,0,0,0,1,0,0,0.024438128369347105
0,0.0,0,0.0,2,7.0,0.0,0.2,2,2,7,4,0,2,7.0,3.5,1.0,0.0,0.33331111259249385,0,1,0,0,0,0,0,1,0,0,0,1,0,0,0.024438128369347105
4,314.0833333,2,27.0,130,6560.00754,0.0,0.0,2,2,1,2,0,136,6901.0908733,50.74331524485294,0.9558823529411765,0.0,0.0,0,1,0,0,0,0,0,0,1,0,0,1,0,0,0.22439482631920665
1,0.0,0,0.0,59,1669.940186,0.0,0.0,2,2,3,7,1,60,1669.940186,27.832336433333335,0.9833333333333333,0.0,0.35607057095637606,1,1,1,0,0,0,0,0,0,0,0,1,0,0,0.047964534248318175
7,421.25,0,0.0,59,1945.896667,28.52919049,0.0,2,6,1,20,0,66,2367.146667,35.86585859090909,0.8939393939393939,2694.3042784083873,1.1559094484084171,0,0,0,0,0,1,0,0,0,0,0,1,1,0,0.43154626848733924
3,13.0,0,0.0,7,79.5,0.0,0.0,2,2,1,8,1,10,92.5,9.25,0.7,0.0,0.0,0,0,0,0,0,0,1,0,0,0,0,0,0,0,0.03089449705975995
4,23.375,2,231.6,35,996.1480769,0.0,0.0,2,2,5,2,1,41,1251.1230769,30.515196997560974,0.8536585365853658,0.0,0.14564855760988368,1,1,0,0,0,0,0,0,1,0,0,1,0,0,0.10216437063506274
0,0.0,0,0.0,5,43.2,0.0,0.0,2,2,3,13,1,5,43.2,8.64,1.0,0.0,0.666611115740355,1,0,0,0,1,0,0,0,0,0,0,1,0,0,0.03183788113276797
5,69.0,4,163.0,50,2424.75,2.973214286,0.0,2,2,3,3,0,59,2656.75,45.029661016949156,0.847457627118644,127.36888455474632,0.0,0,1,0,0,0,0,0,1,0,0,0,1,0,0,0.14416954479732988
0,0.0,0,0.0,6,64.0,0.0,0.0,4,1,1,1,0,6,64.0,10.666666666666666,1.0,0.0,0.7499437560931524,0,0,0,0,0,0,1,0,0,0,0,1,0,0,0.024385651554708697
4,139.0,1,146.0,26,1740.45,0.0,0.0,1,1,6,2,1,31,2025.45,65.33709677419355,0.8387096774193549,0.0,0.5553704431856048,1,1,0,0,0,0,0,1,0,0,0,1,0,0,0.02579173006222376
6,191.0,1,26.5,37,1874.841667,0.0,0.0,2,2,4,3,0,44,2092.3416669999997,47.55321970454545,0.8409090909090909,0.0,0.9221619309961151,0,1,0,0,0,0,0,0,1,0,0,1,0,0,0.15158645210376526
8,102.6666667,0,0.0,49,4051.375,0.0,0.0,2,4,7,4,0,57,4154.0416667,72.87792397719298,0.8596491228070176,0.0,0.3167633695775974,0,1,0,0,0,0,0,1,0,0,0,1,0,0,0.02579173006222376
0,0.0,0,0.0,9,125.5,0.0,0.0,2,2,7,11,0,9,125.5,13.944444444444445,1.0,0.0,0.0,0,1,0,0,0,0,0,0,1,0,0,1,0,0,0.06723129767552383
0,0.0,0,0.0,7,277.1666667,0.0,0.0,3,2,4,13,0,7,277.1666667,39.5952381,1.0,0.0,0.5713143171365725,0,1,0,0,0,0,0,0,1,0,0,1,0,0,0.07108816330592016
0,0.0,0,0.0,2,0.0,0.0,0.0,1,2,2,5,0,2,0.0,0.0,1.0,0.0,0.999950002499875,0,0,0,0,0,0,0,0,0,1,0,1,0,0,0.03183788113276797
0,0.0,0,0.0,50,1735.595238,0.0,0.2,2,2,3,1,0,50,1735.595238,34.71190476,1.0,0.0,0.0,0,1,0,0,0,0,0,1,0,0,0,1,0,0,0.024438128369347105
9,794.8833333,0,0.0,36,1697.55,24.61425,0.2,2,2,1,4,0,45,2492.4333333,55.38740740666667,0.8,955.5221273291926,0.6793478260869567,0,1,0,0,0,0,0,1,0,0,0,1,0,0,0.2571202179673341
0,0.0,0,0.0,8,245.0,0.0,0.0,2,4,3,1,0,8,245.0,30.625,1.0,0.0,0.8275177249538459,0,1,0,0,0,0,0,1,0,0,0,1,0,0,0.024438128369347105
1,18.0,4,123.5,24,4114.083333,20.91831644,0.0,1,1,1,2,0,29,4255.583333,146.74425286206895,0.8275862068965517,5840.773735846781,0.0,0,0,0,0,0,0,1,0,0,0,0,0,1,1,0.7431936214366329
0,0.0,0,0.0,2,0.0,0.0,0.0,3,2,6,1,1,2,0.0,0.0,1.0,0.0,0.999950002499875,1,0,0,0,0,0,1,0,0,0,0,1,0,0,0.024385651554708697
0,0.0,0,0.0,23,709.75,0.0,0.0,2,2,1,2,1,23,709.75,30.858695652173914,1.0,0.0,0.6772620560152526,1,1,0,0,0,0,0,0,1,0,0,1,0,0,0.08792304389639131
0,0.0,0,0.0,6,330.0,0.0,0.0,3,2,8,10,0,6,330.0,55.0,1.0,0.0,0.666600009999,0,0,0,0,0,0,1,0,0,0,0,1,0,0,0.024385651554708697
1,9.0,0,0.0,13,858.8333333,0.0,0.0,1,1,6,11,0,14,867.8333333,61.98809523571429,0.9285714285714286,0.0,0.27901525759252704,0,1,0,0,0,0,0,0,1,0,0,1,1,0,0.08050535952438564
0,0.0,0,0.0,1,0.0,0.0,0.8,2,2,3,13,0,1,0.0,0.0,1.0,0.0,0.999950002499875,0,1,0,0,0,0,0,1,0,0,0,1,0,0,0.024438128369347105
0,0.0,0,0.0,5,108.0,0.0,0.0,2,2,1,2,0,5,108.0,21.6,1.0,0.0,0.0,0,1,1,0,0,0,0,0,0,0,0,0,0,0,0.03183788113276797
0,0.0,0,0.0,140,2404.831006,0.0,0.0,1,1,4,2,0,140,2404.831006,17.17736432857143,1.0,0.0,0.4531036453603826,0,1,0,0,0,0,0,0,1,0,0,1,0,0,0.15578062702756226
0,0.0,0,0.0,40,1161.9,0.0,0.0,1,8,6,1,0,40,1161.9,29.047500000000003,1.0,0.0,0.6874140732408449,0,0,0,0,0,0,0,0,0,0,1,1,0,0,0.03373776773280304
7,241.8611111,3,228.0,154,4755.224054,1.104440234,0.0,1,2,2,1,0,164,5225.0851651,31.86027539695122,0.9390243902439024,37.88484168613236,0.336453745078949,0,1,0,0,0,0,0,0,1,0,0,1,0,0,0.3103647334598485
4,170.5,0,0.0,20,1052.833333,0.0,0.0,1,1,6,3,0,24,1223.333333,50.972222208333335,0.8333333333333334,0.0,0.6662447116910348,0,1,0,0,0,0,0,0,1,0,0,0,0,0,0.09019279235742998
0,0.0,0,0.0,4,137.0,0.0,0.0,4,1,3,3,1,4,137.0,34.25,1.0,0.0,0.0,1,1,0,0,0,0,0,1,0,0,0,1,0,0,0.024438128369347105
0,0.0,0,0.0,1,15.6,47.7917708,0.0,1,1,6,3,0,1,15.6,15.6,1.0,4779177.08,0.0,0,0,0,0,0,0,0,0,0,0,1,0,1,1,0.8494764707783318
0,0.0,0,0.0,3,17.0,0.0,0.6,1,1,3,6,0,3,17.0,5.666666666666667,1.0,0.0,0.5999640009600145,0,1,0,0,0,0,0,1,0,0,0,1,0,0,0.024438128369347105
3,36.0,2,763.0,9,163.5,0.0,0.0,8,2,1,2,0,14,962.5,68.75,0.6428571428571429,0.0,0.0,0,1,1,0,0,0,0,0,0,0,0,0,1,0,0.10555340764600825
0,0.0,0,0.0,11,461.0,0.0,0.0,2,2,5,6,0,11,461.0,41.90909090909091,1.0,0.0,0.6665444546287809,0,1,1,0,0,0,0,0,0,0,0,1,0,0,0.03373776773280304
0,0.0,0,0.0,13,323.9166667,35.8370931,0.0,1,1,4,10,0,13,323.9166667,24.91666666923077,1.0,4295.296987426967,0.0,0,0,0,0,0,0,1,0,0,0,0,1,1,1,0.8376800556858601
0,0.0,0,0.0,28,683.3,0.0,0.0,2,2,3,1,0,28,683.3,24.40357142857143,1.0,0.0,0.3199641698368636,0,0,0,0,0,1,0,0,0,0,0,1,0,0,0.03373776773280304
3,294.2,2,108.9,60,1994.023778,0.0,0.0,3,2,6,2,0,65,2397.123778,36.878827353846155,0.9230769230769231,0.0,0.5983494849294368,0,0,0,0,0,0,0,0,0,0,1,1,0,0,0.03797951707048736
0,0.0,0,0.0,22,464.3833333,0.0,0.0,2,2,1,8,0,22,464.3833333,21.108333331818184,1.0,0.0,0.0,0,1,0,0,0,0,0,0,1,0,0,0,0,0,0.0876249225624166
0,0.0,0,0.0,34,311.5,0.0,0.0,2,2,4,1,0,34,311.5,9.161764705882353,1.0,0.0,0.0,0,0,0,0,0,0,1,0,0,0,0,1,0,0,0.024385651554708697
10,183.75,1,15.0,70,2860.5,8.488518519,0.0,4,1,4,3,1,81,3059.25,37.76851851851852,0.8641975308641975,335.267528132038,0.3900897607383524,1,1,0,0,0,0,0,1,0,0,0,1,0,0,0.19264842830003684
3,35.33333333,0,0.0,13,151.5,0.0,0.8,2,2,3,2,0,16,186.83333333000002,11.677083333125001,0.8125,0.0,0.2025794976724829,0,1,0,0,0,0,0,1,0,0,0,1,0,0,0.02839847401337313
0,0.0,0,0.0,8,731.0,0.0,0.0,2,4,1,3,0,8,731.0,91.375,1.0,0.0,0.0,0,0,0,0,0,0,1,0,0,0,0,1,0,0,0.024385651554708697
6,125.25,2,89.0,146,3697.731633,73.35866939,0.0,2,2,1,2,1,154,3911.981633,25.402478136363637,0.948051948051948,4826.822393072201,0.5334938267730192,1,1,0,0,0,0,0,0,1,0,0,1,1,1,0.5890442828508436
0,0.0,0,0.0,7,71.6,0.0,0.0,1,1,9,4,0,7,71.6,10.228571428571428,1.0,0.0,0.3999440162373909,0,1,0,0,0,0,0,0,1,0,0,1,0,0,0.06723129767552383
4,206.6,0,0.0,6,282.8,0.0,0.0,3,2,3,5,0,10,489.4,48.94,0.6,0.0,0.9996001599360256,0,0,0,0,0,0,0,0,0,0,1,1,0,0,0.09952110389357742
6,116.6973684,0,0.0,171,9405.836721,0.0,0.0,3,2,3,2,0,177,9522.5340894,53.79962762372882,0.9661016949152542,0.0,0.2941052044155539,0,1,1,0,0,0,0,0,0,0,0,1,1,0,0.04555951193374422
0,0.0,1,42.0,20,408.3333333,33.47777322,0.0,2,4,7,2,0,21,450.3333333,21.444444442857144,0.9523809523809523,10512.385129323813,0.0,0,0,0,0,0,0,1,0,0,0,0,1,1,1,0.8255225071778252
1,30.5,0,0.0,324,14213.63652,4.485584737,0.0,2,2,9,1,1,325,14244.13652,43.828112369230766,0.9969230769230769,444.89966335850596,0.20471474639710488,1,1,0,0,0,0,0,0,1,0,0,1,1,1,0.5125241869961825
0,0.0,0,0.0,9,73.66666667,0.0,0.2,2,2,1,3,0,9,73.66666667,8.185185185555556,1.0,0.0,0.0,0,1,0,0,0,0,0,1,0,0,0,1,0,0,0.024438128369347105
0,0.0,0,0.0,9,269.7,0.0,0.0,3,2,3,10,0,9,269.7,29.966666666666665,1.0,0.0,0.0,0,1,1,0,0,0,0,0,0,0,0,0,0,0,0.03373776773280304
0,0.0,0,0.0,40,1783.25,0.0,0.8,2,6,3,2,0,40,1783.25,44.58125,1.0,0.0,0.31533802579038817,0,1,0,0,0,0,0,1,0,0,0,1,0,0,0.024438128369347105
6,91.75,0,0.0,11,380.6666667,0.0,0.0,2,2,1,2,1,17,472.4166667,27.789215688235295,0.6470588235294118,0.0,0.0,1,1,1,0,0,0,0,0,0,0,0,1,0,0,0.09430446019663719
0,0.0,0,0.0,45,2347.333333,0.0,0.0,2,4,1,1,0,45,2347.333333,52.16296295555556,1.0,0.0,0.2855348336158139,0,1,0,0,0,0,0,0,1,0,0,1,0,0,0.1488994535316318
0,0.0,0,0.0,12,631.75,76.05518858,0.0,1,1,1,3,0,12,631.75,52.645833333333336,1.0,1045.6150669822337,0.7498968926151521,0,1,0,0,0,0,0,0,1,0,0,1,0,1,0.6051610484435012
2,78.0,0,0.0,24,424.0,0.0,0.0,1,1,3,10,0,26,502.0,19.307692307692307,0.9230769230769231,0.0,0.0,0,0,0,0,0,0,1,0,0,0,0,0,0,0,0.024385651554708697
0,0.0,0,0.0,11,188.4583333,0.0,0.0,1,1,1,8,0,11,188.4583333,17.132575754545453,1.0,0.0,0.0,0,1,0,0,0,0,0,0,1,0,0,0,0,0,0.07108816330592016
10,139.5,0,0.0,85,1740.271008,4.76956682,0.6,3,2,1,3,0,95,1879.771008,19.787063242105262,0.8947368421052632,154.47822088408108,0.3830875681186941,0,1,0,0,0,0,0,1,0,0,0,1,0,0,0.12116891024639802
0,0.0,0,0.0,1,0.0,0.0,0.0,2,2,1,13,0,1,0.0,0.0,1.0,0.0,0.999950002499875,0,1,0,0,0,0,0,0,1,0,0,1,0,0,0.061158393045808314
0,0.0,0,0.0,15,153.0,0.0,0.6,2,10,1,3,0,15,153.0,10.2,1.0,0.0,0.0,0,1,0,0,0,0,0,1,0,0,0,1,0,0,0.024438128369347105
0,0.0,1,0.0,13,268.75,13.43133991,0.0,1,1,1,1,0,14,268.75,19.196428571428573,0.9285714285714286,349.124069591395,0.19994802391315883,0,1,1,0,0,0,0,0,0,0,0,1,0,0,0.48052430702266224
4,13.61904762,0,0.0,27,520.3333333,8.497935484,0.0,3,2,4,2,1,31,533.95238092,17.224270352258063,0.8709677419354839,417.94671734001696,0.0,1,0,0,0,0,0,1,0,0,0,0,1,0,1,0.6134138879569782
4,132.0,0,0.0,7,1413.333333,0.0,0.0,3,2,7,8,0,11,1545.333333,140.48484845454547,0.6363636363636364,0.0,1.2288486977992752,0,0,0,0,0,0,1,0,0,0,0,1,0,0,0.027559445376056948
7,177.5,6,312.0,40,1123.050824,0.0,0.0,1,1,3,2,0,53,1612.550824,30.425487245283016,0.7547169811320755,0.0,0.351357478600037,0,1,1,0,0,0,0,0,0,0,0,1,0,0,0.07608453149984565
4,64.66666667,0,0.0,38,1445.666667,52.11335786,0.0,2,2,1,2,0,42,1510.33333367,35.960317468333336,0.9047619047619048,9882.760550698462,0.0,0,1,0,0,0,0,0,0,1,0,0,0,1,1,0.7610721392972415
1,24.0,0,0.0,8,147.0,0.0,0.0,2,6,6,1,0,9,171.0,19.0,0.8888888888888888,0.0,1.249531397606755,0,1,0,0,0,0,0,1,0,0,0,1,0,0,0.024438128369347105
10,316.1405025,7,321.6666667,287,12983.78771,1.088158231,0.0,2,4,3,8,0,304,13621.5948792,44.80787789210526,0.944078947368421,155.2648801816221,0.0954420545976335,0,0,0,0,0,0,1,0,0,0,0,0,0,0,0.4821600407394894
3,96.8,0,0.0,29,2041.626667,0.0,0.0,2,2,3,1,0,32,2138.426667,66.82583334375,0.90625,0.0,0.5508708856680803,0,0,0,0,0,0,0,0,0,0,1,1,0,0,0.0377923968970553
2,67.5,2,100.2,17,1770.8,0.0,0.0,2,2,2,2,0,21,1938.5,92.30952380952381,0.8095238095238095,0.0,0.749786303776607,0,1,0,0,0,0,0,0,1,0,0,1,0,0,0.1453747907781418
4,292.1904762,1,194.5,56,1948.713745,14.69293103,0.0,1,2,3,2,0,61,2435.4042212,39.924659363934424,0.9180327868852459,697.4918246197399,0.08184698866827995,0,1,0,0,0,0,0,1,0,0,0,1,1,0,0.23305518660064073
0,0.0,0,0.0,12,279.547619,0.0,0.0,3,2,1,3,0,12,279.547619,23.295634916666668,1.0,0.0,0.0,0,1,0,0,0,0,0,0,1,0,0,1,0,0,0.07108816330592016
1,241.0,0,0.0,39,2666.0,0.0,0.2,2,2,5,13,0,40,2907.0,72.675,0.975,0.0,0.3332611195349712,0,1,0,0,0,0,0,1,0,0,0,1,0,0,0.024438128369347105
0,0.0,0,0.0,37,456.15,0.0,0.0,3,2,1,3,1,37,456.15,12.328378378378378,1.0,0.0,0.9220612392732015,1,0,0,0,1,0,0,0,0,0,0,1,0,0,0.03373776773280304
12,214.05,0,0.0,33,536.3227273,0.0,0.0,1,1,1,2,0,45,750.3727273,16.674949495555556,0.7333333333333333,0.0,0.46124749655801356,0,1,1,0,0,0,0,0,0,0,0,1,0,0,0.08664988265574693
1,56.5,1,41.5,87,2504.870761,0.0,0.0,1,2,1,11,1,89,2602.870761,29.24573888764045,0.9775280898876404,0.0,0.5366615205728813,1,1,0,0,0,0,0,0,1,0,0,1,0,0,0.21353443582472637
0,0.0,0,0.0,8,561.5,0.0,0.0,2,4,7,20,0,8,561.5,70.1875,1.0,0.0,0.0,0,1,1,0,0,0,0,0,0,0,0,1,0,0,0.03373776773280304
4,48.66666667,0,0.0,66,2436.106169,12.02904527,0.0,2,2,3,6,0,70,2484.77283567,35.49675479528571,0.9428571428571428,347.95494351893035,0.17460500797525116,0,1,0,0,0,0,0,0,1,0,0,1,0,1,0.532049914367989
0,0.0,0,0.0,5,384.0,0.0,0.0,2,4,4,2,0,5,384.0,76.8,1.0,0.0,0.0,0,1,0,0,0,0,0,1,0,0,0,1,0,0,0.024438128369347105
0,0.0,3,100.0,22,2175.993651,0.0,0.0,2,2,3,1,0,25,2275.993651,91.03974604000001,0.88,0.0,0.20274735232739463,0,0,0,0,0,0,1,0,0,0,0,1,0,0,0.024385651554708697
4,76.4,0,0.0,2,49.4,16.77416803,0.0,2,2,6,2,0,6,125.80000000000001,20.96666666666667,0.3333333333333333,503.07412369363306,0.0,0,0,0,0,0,0,0,0,0,1,0,1,1,1,0.5852766560384184
0,0.0,0,0.0,45,1478.07381,0.0,0.0,2,2,7,13,0,45,1478.07381,32.84608466666667,1.0,0.0,0.5292747591985626,0,1,0,0,0,0,0,0,1,0,0,1,0,0,0.09824874642207838
0,0.0,0,0.0,1,0.0,0.0,0.0,2,2,3,13,0,1,0.0,0.0,1.0,0.0,0.999950002499875,0,1,1,0,0,0,0,0,0,0,0,1,0,0,0.03183788113276797
0,0.0,0,0.0,12,1145.416667,0.0,0.0,3,2,8,10,1,12,1145.416667,95.45138891666666,1.0,0.0,0.18746133609904292,1,1,0,0,0,0,0,0,1,0,0,1,0,0,0.0758573683585629
0,0.0,0,0.0,5,200.9333333,0.0,0.0,3,2,1,6,0,5,200.9333333,40.18666666,1.0,0.0,0.0,0,1,1,0,0,0,0,0,0,0,0,1,0,0,0.03373776773280304
0,0.0,0,0.0,4,66.0,0.0,0.0,2,2,1,4,0,4,66.0,16.5,1.0,0.0,0.0,0,1,0,0,0,0,0,1,0,0,0,1,0,0,0.024438128369347105
7,38.6,0,0.0,70,1087.7,0.0,0.0,2,2,4,5,0,77,1126.3,14.627272727272727,0.9090909090909091,0.0,0.0,0,0,0,0,0,0,0,0,0,1,0,1,0,0,0.04282754231043622
0,0.0,0,0.0,21,517.4238095,0.0,0.0,2,5,2,1,0,21,517.4238095,24.63922902380952,1.0,0.0,0.761600119952019,0,0,0,0,0,0,1,0,0,0,0,1,0,0,0.024385651554708697
0,0.0,0,0.0,2,13.0,0.0,0.0,2,2,1,3,0,2,13.0,6.5,1.0,0.0,0.0,0,1,0,0,0,0,0,1,0,0,0,1,0,0,0.024438128369347105
8,305.6666667,1,0.0,35,796.25,0.0,0.0,1,1,3,10,0,44,1101.9166667,25.04356060681818,0.7954545454545454,0.0,0.4795856794423102,0,1,1,0,0,0,0,0,0,0,0,1,0,0,0.07608453149984565
2,27.375,0,0.0,39,1157.416667,0.0,0.0,2,2,4,1,1,41,1184.791667,28.897357731707316,0.9512195121951219,0.0,0.23692733004075778,1,1,1,0,0,0,0,0,0,0,0,1,0,0,0.04261759467701968
2,98.25,0,0.0,10,303.25,0.0,0.0,3,2,2,2,1,12,401.5,33.458333333333336,0.8333333333333334,0.0,0.0,0,0,0,0,0,0,1,0,0,0,0,0,0,0,0.02682579378132341
8,160.5,2,1467.0,26,721.0,0.0,0.0,2,2,1,1,0,36,2348.5,65.23611111111111,0.7222222222222222,0.0,0.0,0,0,0,0,0,0,1,0,0,0,0,1,0,0,0.027559445376056948
0,0.0,0,0.0,15,148.9333333,0.0,0.0,4,2,1,13,0,15,148.9333333,9.928888886666666,1.0,0.0,0.0,0,0,0,0,0,1,0,0,0,0,0,1,0,0,0.03183788113276797
0,0.0,0,0.0,20,526.8,104.2012273,0.0,2,2,1,2,0,20,526.8,26.339999999999996,1.0,9889.721160603003,0.0,0,0,0,0,0,0,0,0,0,0,1,1,1,1,0.8309378906198716
13,1013.056909,2,102.8,77,2697.022104,1.798669862,0.0,1,1,9,2,0,92,3812.879013,41.444337097826086,0.8369565217391305,189.70367171929334,0.0,0,1,0,0,0,0,0,0,1,0,0,1,0,0,0.36162687721221937
0,0.0,0,0.0,4,54.5,0.0,0.0,2,2,1,10,0,4,54.5,13.625,1.0,0.0,0.6666222251849877,0,1,0,0,0,0,0,0,1,0,0,1,0,0,0.06723129767552383
9,279.5,0,0.0,14,313.5833333,0.0,0.0,1,1,1,2,0,23,593.0833333,25.786231882608696,0.6086956521739131,0.0,0.0,0,1,0,0,0,0,0,0,1,0,0,0,0,0,0.09985816289816696
0,0.0,0,0.0,16,407.75,0.0,0.4,1,1,4,3,0,16,407.75,25.484375,1.0,0.0,0.7255256123503884,0,0,0,1,0,0,0,0,0,0,0,1,0,0,0.03373776773280304
0,0.0,0,0.0,15,612.0,0.0,0.0,1,2,8,2,1,15,612.0,40.8,1.0,0.0,0.0,1,1,0,0,0,0,0,0,1,0,0,1,0,0,0.08119545095761867
0,0.0,0,0.0,12,689.75,0.0,0.0,2,4,3,4,0,12,689.75,57.479166666666664,1.0,0.0,0.0,0,1,0,0,0,0,0,1,0,0,0,1,0,0,0.024438128369347105
2,166.0,2,55.0,10,1968.25,0.0,0.0,1,1,1,6,1,14,2189.25,156.375,0.7142857142857143,0.0,0.6663557006668028,0,1,0,0,0,0,0,1,0,0,0,0,0,0,0.025811145167664636
4,55.32575758,0,0.0,11,234.9924242,0.0,0.0,2,2,3,1,0,15,290.31818178,19.354545452,0.7333333333333333,0.0,0.0,0,0,0,0,0,0,1,0,0,0,0,1,0,0,0.027559445376056948
0,0.0,0,0.0,15,1733.666667,0.0,0.0,2,2,7,2,0,15,1733.666667,115.57777779999999,1.0,0.0,0.0,0,0,0,0,0,0,1,0,0,0,0,1,0,0,0.024385651554708697
0,0.0,0,0.0,4,161.25,0.0,0.0,1,1,3,2,1,4,161.25,40.3125,1.0,0.0,0.0,0,1,0,0,0,0,0,0,1,0,0,0,0,0,0.07133442143037683
0,0.0,0,0.0,22,849.8333333,0.0,0.0,2,2,1,3,0,22,849.8333333,38.62878787727273,1.0,0.0,0.0,0,1,0,0,0,0,0,0,1,0,0,1,0,0,0.0876249225624166
1,65.0,0,0.0,13,531.0,0.0,0.0,2,6,3,3,0,14,596.0,42.57142857142857,0.9285714285714286,0.0,0.666533353329334,0,1,0,0,0,0,0,1,0,0,0,1,0,0,0.024438128369347105
0,0.0,0,0.0,12,146.1333333,0.0,0.0,2,2,1,1,0,12,146.1333333,12.177777775000001,1.0,0.0,0.749887513123594,0,0,0,0,1,0,0,0,0,0,0,1,0,0,0.03183788113276797
8,433.1,2,309.0,36,1523.416667,7.9755,0.0,2,2,1,2,0,46,2265.516667,49.25036232608695,0.782608695652174,485.1944662219056,0.7143576132946264,0,1,0,0,0,0,0,1,0,0,0,1,0,0,0.2017799841490399
0,0.0,0,0.0,19,536.2666667,0.0,0.0,2,2,6,6,0,19,536.2666667,28.224561405263156,1.0,0.0,0.6561537471179778,0,1,0,0,0,0,0,1,0,0,0,1,0,0,0.024438128369347105
0,0.0,0,0.0,6,105.0,0.0,0.0,3,2,4,3,0,6,105.0,17.5,1.0,0.0,0.666600009999,0,1,0,0,0,0,0,1,0,0,0,1,0,0,0.024438128369347105
7,230.1666667,3,222.0,140,8961.407671,0.0,0.0,2,5,2,1,1,150,9413.574337700002,62.75716225133335,0.9333333333333333,0.0,0.10617783800610966,1,0,0,0,0,0,1,0,0,0,0,1,0,0,0.024385651554708697
0,0.0,0,0.0,13,152.25,0.0,0.0,1,2,5,2,0,13,152.25,11.711538461538462,1.0,0.0,1.1995321746584329,0,1,0,0,0,0,0,1,0,0,0,1,0,0,0.024438128369347105
4,97.5,0,0.0,5,454.5,0.0,0.0,2,2,7,2,0,9,552.0,61.333333333333336,0.5555555555555556,0.0,0.0,0,1,1,0,0,0,0,0,0,0,0,0,0,0,0.09430446019663719
0,0.0,0,0.0,14,124.75,0.0,0.0,4,6,4,2,0,14,124.75,8.910714285714286,1.0,0.0,0.0,0,1,1,0,0,0,0,0,0,0,0,1,0,0,0.03183788113276797
0,0.0,0,0.0,4,123.0,0.0,0.0,3,2,4,3,0,4,123.0,30.75,1.0,0.0,0.0,0,1,0,0,0,0,0,1,0,0,0,1,0,0,0.024438128369347105
6,89.46666667,1,32.0,81,1141.061905,27.89977528,0.0,4,2,6,3,1,88,1262.52857167,14.34691558715909,0.9204545454545454,5788.511657928157,0.3330259242346188,1,1,0,0,0,0,0,1,0,0,0,1,0,0,0.4735974515557361
0,0.0,0,0.0,8,710.0,45.4895,0.8,1,1,6,4,0,8,710.0,88.75,1.0,1818.8524590163934,0.0,0,1,0,0,0,0,0,1,0,0,0,1,1,1,0.7969497130601756
3,96.0,0,0.0,12,175.175,0.0,0.0,3,2,8,2,0,15,271.175,18.078333333333333,0.8,0.0,0.6426505788948216,0,1,1,0,0,0,0,0,0,0,0,0,0,0,0.07608453149984565
0,0.0,0,0.0,5,62.75,0.0,0.0,2,2,6,2,1,5,62.75,12.55,1.0,0.0,0.0,1,1,1,0,0,0,0,0,0,0,0,1,0,0,0.03183788113276797
1,18.2,0,0.0,0,0.0,0.0,0.0,2,4,1,5,0,1,18.2,18.2,0.0,0.0,0.0,0,0,0,0,0,0,0,0,0,1,0,0,0,0,0.12737902072115947
0,0.0,0,0.0,2,41.5,0.0,0.0,2,2,5,1,0,2,41.5,20.75,1.0,0.0,0.0,0,1,1,0,0,0,0,0,0,0,0,1,0,0,0.03183788113276797
3,42.0,0,0.0,10,706.0,0.0,0.0,2,2,8,1,1,13,748.0,57.53846153846154,0.7692307692307693,0.0,0.0,1,1,0,0,0,0,0,1,0,0,0,1,0,0,0.02579173006222376
4,171.5,0,0.0,75,2416.060484,0.0,0.0,2,2,2,1,0,79,2587.560484,32.75393017721519,0.9493670886075949,0.0,0.20993844704767559,0,1,0,0,0,0,0,0,1,0,0,1,1,0,0.1954898284349999
6,75.0,0,0.0,33,1930.333333,0.0,0.0,2,2,4,11,0,39,2005.333333,51.41880341025641,0.8461538461538461,0.0,0.3127161718095201,0,1,0,0,0,0,0,1,0,0,0,1,0,0,0.02579173006222376
0,0.0,0,0.0,32,1916.633333,0.0,0.0,2,2,1,10,0,32,1916.633333,59.89479165625,1.0,0.0,0.5880139241697243,0,0,0,0,0,0,1,0,0,0,0,1,0,0,0.024385651554708697
0,0.0,0,0.0,3,242.0,0.0,0.0,3,2,4,3,0,3,242.0,80.66666666666667,1.0,0.0,0.4999625065619141,0,1,0,0,0,0,0,1,0,0,0,1,0,0,0.024438128369347105
0,0.0,2,131.0,36,868.4166667,33.84778378,0.0,3,2,7,2,1,38,999.4166667,26.30043859736842,0.9473684210526315,31022.246542648987,0.0,0,1,0,0,0,0,0,1,0,0,0,0,1,1,0.8352839902758509
0,0.0,0,0.0,8,450.0,0.0,0.0,4,1,9,3,1,8,450.0,56.25,1.0,0.0,0.0,1,0,0,0,0,0,1,0,0,0,0,1,0,0,0.024385651554708697
0,0.0,0,0.0,4,10.0,0.0,0.0,2,2,1,1,0,4,10.0,2.5,1.0,0.0,0.6666222251849877,0,1,0,0,0,0,0,0,1,0,0,1,0,0,0.061542804391521655
6,82.14,0,0.0,12,191.1,0.0,0.0,2,4,9,4,0,18,273.24,15.18,0.6666666666666666,0.0,0.0,0,1,0,0,0,0,0,0,1,0,0,1,0,0,0.08794753641774103
3,150.125,4,26.5,26,1332.695346,5.473874968,0.0,3,2,3,2,0,33,1509.320346,45.73698018181818,0.7878787878787878,117.5235872264358,0.5694527234791898,0,1,1,0,0,0,0,0,0,0,0,1,0,0,0.25254439981968224
0,0.0,0,0.0,49,938.0416667,0.0,0.0,1,1,7,2,0,49,938.0416667,19.143707483673467,1.0,0.0,0.35129848820803394,0,1,1,0,0,0,0,0,0,0,0,1,0,0,0.03373776773280304
0,0.0,0,0.0,69,2734.818254,49.39271642,0.0,4,5,3,2,0,69,2734.818254,39.63504715942029,1.0,11320.207997095733,0.0,0,1,0,0,0,0,0,1,0,0,0,1,1,1,0.790183429109421
2,67.5,0,0.0,11,294.0,0.0,0.0,1,1,3,8,1,13,361.5,27.807692307692307,0.8461538461538461,0.0,0.0,1,1,1,0,0,0,0,0,0,0,0,1,0,0,0.07608453149984565
4,120.5,0,0.0,66,3960.646154,0.0,0.0,2,4,1,1,0,70,4081.146154,58.302087914285714,0.9428571428571428,0.0,0.21510730879340578,0,0,0,0,0,0,1,0,0,0,0,1,0,0,0.024385651554708697
0,0.0,3,34.0,18,271.1666667,0.0,0.0,2,4,9,2,0,21,305.1666667,14.531746033333334,0.8571428571428571,0.0,0.0,0,1,0,0,0,0,0,0,1,0,0,0,0,0,0.10085296683782476
2,9.166666667,2,24.0,80,5426.022078,0.0,0.0,2,2,6,13,0,84,5459.188744667,64.99034219841667,0.9523809523809523,0.0,0.37949637568136235,0,1,0,0,0,0,0,1,0,0,0,1,0,0,0.024438128369347105
3,208.0,0,0.0,16,1037.819444,0.0,0.0,1,1,1,8,1,19,1245.819444,65.56944442105264,0.8421052631578947,0.0,0.7404774480184823,1,1,0,0,0,0,0,0,1,0,0,1,0,0,0.08995084214887004
9,128.5714286,1,10.66666667,75,2755.336111,8.569134167,0.0,4,2,6,13,1,85,2894.57420627,34.05381419141177,0.8823529411764706,667.8328424746572,0.21919132468403718,1,1,0,0,0,0,0,1,0,0,0,1,0,0,0.22330872382868464
1,22.2,0,0.0,43,1257.9,0.0,0.0,2,4,1,3,0,44,1280.1000000000001,29.093181818181822,0.9772727272727273,0.0,0.46131491614814124,0,0,0,0,0,0,0,0,0,0,1,1,0,0,0.04261759467701968
7,177.25,0,0.0,13,297.8333333,0.0,0.0,1,2,3,2,1,20,475.0833333,23.754166665,0.65,0.0,0.0,0,1,0,0,0,0,0,0,1,0,0,0,0,0,0.088246649199635
0,0.0,0,0.0,6,95.0,86.33623272,0.0,1,1,4,2,0,6,95.0,15.833333333333334,1.0,3020.7108510914554,0.9996501224623864,0,0,0,0,0,0,0,0,0,1,0,0,1,1,0.7896876855725771
12,381.5,1,22.2,154,7835.874629,0.0,0.0,3,2,1,2,1,167,8239.574629,49.33877023353294,0.9221556886227545,0.0,0.5553491491966172,1,0,0,0,0,0,0,0,0,0,0,1,0,0,0.04555951193374422
4,65.5,0,0.0,23,783.75,0.0,0.0,2,5,3,1,1,27,849.25,31.453703703703702,0.8518518518518519,0.0,0.2499187845206399,1,1,0,0,0,0,0,0,1,0,0,1,1,0,0.08962555326651377
0,0.0,0,0.0,10,379.0833333,0.0,0.0,3,12,1,1,1,10,379.0833333,37.90833333,1.0,0.0,0.0,1,1,1,0,0,0,0,0,0,0,0,1,0,0,0.03373776773280304
2,33.5,0,0.0,8,556.0,0.0,0.0,2,2,1,2,1,10,589.5,58.95,0.8,0.0,0.0,0,1,1,0,0,0,0,0,0,0,0,0,0,0,0.08536498998756806
6,66.16666667,2,120.0,204,9143.435714,0.0,0.4,2,2,7,4,0,212,9329.60238067,44.00755839938679,0.9622641509433962,0.0,0.3122969947608303,0,1,0,0,0,0,0,1,0,0,0,1,0,0,0.024438128369347105
0,0.0,0,0.0,3,23.0,0.0,0.8,2,2,6,1,0,3,23.0,7.666666666666667,1.0,0.0,0.3999639996399964,0,1,0,0,0,0,0,1,0,0,0,1,0,0,0.024438128369347105
2,47.5,0,0.0,5,116.5,0.0,0.0,3,2,5,2,1,7,164.0,23.428571428571427,0.7142857142857143,0.0,0.0,1,0,0,0,0,0,1,0,0,0,0,1,0,0,0.03089449705975995
8,274.5,0,0.0,24,515.5757576,0.0,0.0,3,2,2,2,1,32,790.0757576,24.689867425,0.75,0.0,0.0,1,0,0,0,0,0,1,0,0,0,0,1,0,0,0.02682579378132341
0,0.0,0,0.0,4,36.0,0.0,0.0,2,2,6,1,0,4,36.0,9.0,1.0,0.0,0.49995000499950004,0,0,0,0,0,0,1,0,0,0,0,1,0,0,0.024385651554708697
3,40.55,0,0.0,10,151.0818182,0.0,0.0,2,2,1,5,0,13,191.6318182,14.740909092307692,0.7692307692307693,0.0,0.21423061722919642,0,0,0,0,1,0,0,0,0,0,0,0,0,0,0.11603245274255858
0,0.0,0,0.0,12,312.6666667,0.0,0.0,1,1,1,4,0,12,312.6666667,26.055555558333335,1.0,0.0,0.0,0,1,0,0,0,0,0,1,0,0,0,1,0,0,0.024438128369347105
0,0.0,0,0.0,1,48.5,0.0,0.0,1,1,1,3,0,1,48.5,48.5,1.0,0.0,0.0,0,1,0,0,0,0,0,0,1,0,0,0,0,0,0.06723129767552383
8,308.5859649,0,0.0,67,1784.755219,0.384720286,0.0,3,2,1,2,0,75,2093.3411839,27.911215785333333,0.8933333333333333,198.460726502318,0.18164002350245365,0,0,0,0,0,0,0,0,0,0,1,1,0,0,0.23157291185541665
0,0.0,0,0.0,36,777.2175325,0.0,1.0,1,1,7,3,1,36,777.2175325,21.589375902777775,1.0,0.0,1.6133092033905156,1,1,0,0,0,0,0,1,0,0,0,1,0,0,0.024438128369347105
0,0.0,0,0.0,28,1283.75,0.0,0.0,2,2,1,2,1,28,1283.75,45.848214285714285,1.0,0.0,0.5997480890046334,1,1,1,0,0,0,0,0,0,0,0,1,0,0,0.03373776773280304
0,0.0,0,0.0,22,883.0,0.0,0.0,3,2,1,13,0,22,883.0,40.13636363636363,1.0,0.0,0.8952887147982073,0,1,0,0,0,0,0,1,0,0,0,1,0,0,0.024438128369347105
2,37.33333333,1,5.0,30,797.7619048,0.0,0.0,1,1,1,2,0,33,840.09523813,25.457431458484848,0.9090909090909091,0.0,0.3528384382184325,0,1,0,0,0,0,0,0,1,0,0,1,0,0,0.09899930682690244
0,0.0,0,0.0,1,0.0,0.0,0.0,1,1,1,3,1,1,0.0,0.0,1.0,0.0,0.999950002499875,1,0,0,0,0,0,1,0,0,0,0,1,0,0,0.024385651554708697
0,0.0,0,0.0,37,638.25,0.0,0.0,2,2,4,1,0,37,638.25,17.25,1.0,0.0,0.3331334732533785,0,1,0,0,0,0,0,0,1,0,0,1,1,0,0.09163358776200727
3,94.0,2,125.0,55,1970.844805,96.25511582,0.0,2,4,1,2,1,60,2189.8448049999997,36.49741341666666,0.9166666666666666,55506.029981466294,0.0,0,0,0,0,0,0,1,0,0,0,0,0,1,1,0.6928532483422519
1,98.0,0,0.0,39,2555.994444,0.0,0.0,2,2,1,2,0,40,2653.994444,66.3498611,0.975,0.0,0.9269360988063439,0,1,1,0,0,0,0,0,0,0,0,1,0,0,0.0377923968970553
0,0.0,0,0.0,14,1789.39881,0.0,0.0,1,1,2,2,0,14,1789.39881,127.8142007142857,1.0,0.0,0.0,0,0,0,0,0,0,1,0,0,0,0,1,0,0,0.024385651554708697
0,0.0,0,0.0,13,979.0833333,0.0,0.0,3,2,6,2,1,13,979.0833333,75.31410256153846,1.0,0.0,0.0,0,1,1,0,0,0,0,0,0,0,0,0,0,0,0.03373776773280304
2,76.6,0,0.0,38,3872.716667,0.0,0.0,2,2,3,2,0,40,3949.316667,98.732916675,0.95,0.0,0.0,0,0,0,0,0,0,0,0,0,0,0,0,0,0,0.0377923968970553
0,0.0,0,0.0,11,431.1666667,0.0,0.0,1,1,1,2,0,11,431.1666667,39.196969700000004,1.0,0.0,0.0,0,1,0,0,0,0,0,0,1,0,0,1,0,0,0.07108816330592016
0,0.0,0,0.0,12,810.0,0.0,0.0,2,2,6,10,0,12,810.0,67.5,1.0,0.0,0.0,0,0,0,0,0,0,1,0,0,0,0,1,0,0,0.024385651554708697
7,533.5913534,4,333.5,85,5496.630355,5.145928873,0.0,3,2,1,13,0,96,6363.7217084,66.28876779583334,0.8854166666666666,203.44365657587733,0.40296380309370683,0,1,0,0,0,0,0,0,1,0,0,1,0,1,0.5279120845419161
3,242.0,0,0.0,12,286.0,0.0,0.0,1,1,1,2,1,15,528.0,35.2,0.8,0.0,0.0,0,0,0,0,0,0,1,0,0,0,0,0,0,0,0.02682579378132341
4,1660.3,0,0.0,2,45.7,113.9293434,0.0,2,10,1,2,0,6,1706.0,284.3333333333333,0.3333333333333333,6831.66147048448,0.0,0,0,0,0,0,0,0,0,0,0,1,1,1,1,0.7452481069228328
12,651.875,3,20.0,59,3066.695513,0.0,0.0,2,2,3,1,0,74,3738.570513,50.52122314864865,0.7972972972972973,0.0,0.0,0,1,0,0,0,0,0,0,1,0,0,1,0,0,0.19059579097225038
0,0.0,0,0.0,32,2180.933333,0.0,0.0,4,2,3,1,0,32,2180.933333,68.15416665625,1.0,0.0,0.19348846609062,0,1,1,0,0,0,0,0,0,0,0,1,0,0,0.03373776773280304
0,0.0,0,0.0,7,242.75,0.0,0.0,3,2,3,11,1,7,242.75,34.67857142857143,1.0,0.0,0.29993700482948976,1,1,0,0,0,0,0,0,1,0,0,1,0,0,0.07133442143037683
8,935.1,1,21.0,172,10524.35936,2.924161864,0.0,3,2,1,3,0,181,11480.45936,63.427952265193376,0.9502762430939227,185.37118550482643,0.3198880100515828,0,1,0,0,0,0,0,0,1,0,0,1,1,0,0.49696813362464654
2,58.0,0,0.0,6,245.0,54.98,1.0,2,2,3,3,1,8,303.0,37.875,0.75,1923.6267017999694,0.0,1,1,0,0,0,0,0,1,0,0,0,1,1,1,0.7885258710572557
4,61.0,0,0.0,14,175.6666667,0.0,0.0,2,2,5,2,0,18,236.6666667,13.14814815,0.7777777777777778,0.0,0.0,0,0,0,0,0,0,1,0,0,0,0,1,0,0,0.02682579378132341
0,0.0,0,0.0,1,0.0,0.0,0.0,2,4,6,2,0,1,0.0,0.0,1.0,0.0,0.999950002499875,0,0,0,0,0,0,1,0,0,0,0,1,0,0,0.024385651554708697
0,0.0,0,0.0,9,339.5,0.0,0.0,1,2,3,2,1,9,339.5,37.72222222222222,1.0,0.0,0.0,0,1,1,0,0,0,0,0,0,0,0,0,0,0,0.03373776773280304
0,0.0,0,0.0,8,426.6666667,0.0,0.0,2,4,3,2,0,8,426.6666667,53.3333333375,1.0,0.0,0.0,0,0,0,1,0,0,0,0,0,0,0,1,0,0,0.03373776773280304
0,0.0,2,12.0,0,0.0,0.0,0.0,2,2,1,2,0,2,12.0,6.0,0.0,0.0,0.0,0,1,1,0,0,0,0,0,0,0,0,1,0,0,0.12737902072115947
0,0.0,0,0.0,4,44.0,0.0,0.0,2,2,2,1,0,4,44.0,11.0,1.0,0.0,0.0,0,1,0,0,0,0,0,1,0,0,0,1,0,0,0.024438128369347105
0,0.0,3,27.0,45,1218.030952,0.0,0.0,2,2,7,1,1,48,1245.030952,25.938144833333336,0.9375,0.0,0.4892736569600433,1,1,1,0,0,0,0,0,0,0,0,1,0,0,0.04261759467701968
4,43.46666667,0,0.0,4,27.26666667,0.0,0.0,1,1,1,5,0,8,70.73333334,8.8416666675,0.5,0.0,0.0,0,0,0,0,0,0,0,0,0,0,1,0,1,0,0.19195444715481677
16,313.8666667,3,153.5,156,3899.001328,1.534835979,0.0,2,2,2,4,0,175,4366.3679947,24.95067425542857,0.8914285714285715,136.27325352046523,0.01509980219177445,0,1,0,0,0,0,0,1,0,0,0,1,0,0,0.1305439350271085
6,86.0,0,0.0,12,905.5,23.6393946,0.0,4,5,1,1,0,18,991.5,55.083333333333336,0.6666666666666666,886.144982054917,0.0,0,1,1,0,0,0,0,0,0,0,0,1,1,0,0.3742105159123519
0,0.0,0,0.0,47,1423.0,0.0,0.0,2,2,7,1,0,47,1423.0,30.27659574468085,1.0,0.0,0.3155602696333809,0,0,0,0,0,0,0,0,0,0,1,1,0,0,0.03373776773280304
8,85.5,0,0.0,41,1135.860714,11.87691429,1.0,2,2,1,2,1,49,1221.360714,24.925728857142854,0.8367346938775511,458.8149227607685,0.0,1,1,0,0,0,0,0,1,0,0,0,1,0,0,0.2649400290021758
0,0.0,0,0.0,58,2665.798039,0.0,0.8,2,2,3,4,0,58,2665.798039,45.96203515517241,1.0,0.0,0.2616530717048169,0,1,0,0,0,0,0,1,0,0,0,1,0,0,0.024438128369347105
7,107.75,1,1021.6,33,1454.75,40.18975207,0.0,3,2,1,4,1,41,2584.1,63.02682926829268,0.8048780487804879,4146.462338045549,0.4912958832256561,1,0,0,0,0,0,0,0,0,1,0,1,0,0,0.429232133540583
1,33.5,0,0.0,33,880.6333333,0.0,0.0,2,2,4,3,0,34,914.1333333,26.88627450882353,0.9705882352941176,0.0,0.0,0,1,1,0,0,0,0,0,0,0,0,1,0,0,0.04261759467701968
0,0.0,1,0.0,7,1646.2,0.0,0.0,2,2,1,2,0,8,1646.2,205.775,0.875,0.0,0.33328889481402485,0,0,0,0,0,1,0,0,0,0,0,1,0,0,0.04277944423554746
2,110.5,1,48.0,5,156.0,0.0,0.0,2,2,1,2,0,8,314.5,39.3125,0.625,0.0,0.0,0,1,1,0,0,0,0,0,0,0,0,0,0,0,0.09430446019663719
10,132.7222222,1,104.0,103,3608.346752,14.69960115,0.0,2,10,7,2,0,114,3845.0689742,33.7286752122807,0.9035087719298246,1857.0407631507637,0.0,0,1,0,0,0,0,0,0,1,0,0,1,0,0,0.4551213527187519
0,0.0,0,0.0,4,44.0,0.0,0.0,2,2,9,10,0,4,44.0,11.0,1.0,0.0,0.49995000499950004,0,0,0,0,0,0,1,0,0,0,0,1,0,0,0.024385651554708697
3,46.0,3,53.5,15,270.5714286,12.15210526,0.0,3,2,4,5,1,21,370.0714286,17.62244898095238,0.7142857142857143,174.2316198344866,0.6036870171125455,1,1,0,0,0,0,0,1,0,0,0,1,0,0,0.47836542877117866
0,0.0,0,0.0,13,436.6,0.0,0.6,1,6,1,4,0,13,436.6,33.58461538461539,1.0,0.0,0.03100400777206846,0,1,0,0,0,0,0,1,0,0,0,1,0,0,0.024438128369347105
0,0.0,0,0.0,1,0.0,0.0,0.0,2,2,4,13,0,1,0.0,0.0,1.0,0.0,0.999950002499875,0,1,1,0,0,0,0,0,0,0,0,1,0,0,0.03183788113276797
0,0.0,1,108.8,10,322.3666667,61.80843596,0.0,2,5,4,2,0,11,431.1666667,39.196969700000004,0.9090909090909091,6791.457420352187,0.0,0,1,0,0,0,0,0,0,1,0,0,1,1,1,0.8409153436182952
0,0.0,0,0.0,9,250.5,0.0,0.0,3,2,7,1,1,9,250.5,27.833333333333332,1.0,0.0,0.0,1,0,0,0,0,0,1,0,0,0,0,1,0,0,0.024385651554708697
0,0.0,0,0.0,2,92.0,0.0,0.0,2,2,8,1,0,2,92.0,46.0,1.0,0.0,0.0,0,0,0,0,0,0,1,0,0,0,0,1,0,0,0.024385651554708697
6,180.0666667,0,0.0,3,111.8,0.0,0.0,2,2,9,5,1,9,291.8666667,32.429629633333334,0.3333333333333333,0.0,0.0,0,0,0,0,0,0,0,0,0,0,0,0,0,0,0.09937829684465455
0,0.0,0,0.0,6,234.5,0.0,0.0,1,1,7,10,1,6,234.5,39.083333333333336,1.0,0.0,0.7499437560931524,1,1,0,0,0,0,0,0,1,0,0,1,0,0,0.07089346950574184
3,106.75,0,0.0,5,137.3333333,0.0,0.0,3,2,1,2,1,8,244.0833333,30.5104166625,0.625,0.0,0.0,0,0,0,0,0,0,1,0,0,0,0,0,0,0,0.027559445376056948
0,0.0,0,0.0,6,192.0,0.0,0.0,2,10,4,3,0,6,192.0,32.0,1.0,0.0,0.0,0,0,0,0,0,0,1,0,0,0,0,1,0,0,0.024385651554708697
8,121.1666667,0,0.0,70,961.5493506,26.27933158,0.4,2,2,2,3,0,78,1082.7160173,13.88097458076923,0.8974358974358975,2006.1795857332272,0.40179256857980256,0,1,0,0,0,0,0,1,0,0,0,1,1,0,0.3948988242809585
10,214.6214286,1,114.0,36,673.6380952,0.0,0.0,1,1,1,2,0,47,1002.2595237999999,21.324670719148934,0.7659574468085106,0.0,0.5971658737002563,0,1,0,0,0,0,0,0,1,0,0,1,0,0,0.08932222455869944
0,0.0,0,0.0,3,105.25,0.0,0.0,3,2,8,4,1,3,105.25,35.083333333333336,1.0,0.0,0.0,1,1,0,0,0,0,0,1,0,0,0,1,0,0,0.024438128369347105
0,0.0,0,0.0,3,8.0,0.0,0.0,2,2,1,3,0,3,8.0,2.6666666666666665,1.0,0.0,0.0,0,1,0,0,0,0,0,1,0,0,0,1,0,0,0.024438128369347105
0,0.0,0,0.0,56,2749.15,0.0,0.0,2,2,1,8,0,56,2749.15,49.09196428571429,1.0,0.0,0.024989500209995803,0,1,0,0,0,0,0,0,1,0,0,1,1,0,0.17272012399425685
1,11.0,0,0.0,29,664.75,0.0,0.0,3,2,1,2,0,30,675.75,22.525,0.9666666666666667,0.0,0.0,0,0,0,0,0,0,1,0,0,0,0,1,0,0,0.024385651554708697
0,0.0,0,0.0,3,12.0,0.0,0.0,2,4,3,6,0,3,12.0,4.0,1.0,0.0,0.4999625065619141,0,1,0,0,0,0,0,1,0,0,0,1,0,0,0.024438128369347105
0,0.0,0,0.0,10,194.0,0.0,0.0,2,5,7,1,0,10,194.0,19.4,1.0,0.0,0.4998750312421894,0,0,0,0,0,0,1,0,0,0,0,1,0,0,0.024385651554708697
2,36.5,0,0.0,80,2762.770833,10.0986778,0.0,4,2,3,2,0,82,2799.270833,34.13744918292683,0.975609756097561,1572.9400509886214,0.0,0,1,0,0,0,0,0,0,1,0,0,1,1,1,0.558943264132281
7,78.35714286,3,210.6666667,309,12158.19639,0.0,0.0,2,2,1,2,1,319,12447.220199559999,39.019499058181815,0.9686520376175548,0.0,0.2970070756696689,1,1,0,0,0,0,0,0,1,0,0,1,1,0,0.20524553422272854
0,0.0,0,0.0,2,78.0,0.0,0.0,3,2,9,2,0,2,78.0,39.0,1.0,0.0,0.0,0,1,1,0,0,0,0,0,0,0,0,1,0,0,0.03183788113276797
0,0.0,0,0.0,11,292.7,0.0,0.0,1,1,4,3,1,11,292.7,26.60909090909091,1.0,0.0,0.39995600043999563,1,0,0,0,0,1,0,0,0,0,0,1,0,0,0.03373776773280304
0,0.0,0,0.0,16,332.1666667,0.0,0.0,2,2,3,2,0,16,332.1666667,20.76041666875,1.0,0.0,0.0,0,1,1,0,0,0,0,0,0,0,0,0,0,0,0.03373776773280304
0,0.0,0,0.0,62,2787.678571,57.48364657,0.0,4,2,1,1,1,62,2787.678571,44.96255759677419,1.0,3684.51894951978,0.20676390667041505,1,1,0,0,0,0,0,0,1,0,0,1,0,1,0.7243660300229561
0,0.0,1,24.5,46,1031.133333,0.0,0.0,2,2,3,2,1,47,1055.633333,22.460283680851063,0.9787234042553191,0.0,0.13655836241210761,1,1,0,0,0,0,0,0,1,0,0,1,0,0,0.10381520971330298
2,41.5,2,60.5,21,534.5,0.0,0.0,2,2,2,13,1,25,636.5,25.46,0.84,0.0,0.19990804229870346,1,0,0,0,0,0,1,0,0,0,0,1,0,0,0.02682579378132341
0,0.0,0,0.0,10,349.1111111,88.39170518,0.0,3,2,1,20,1,10,349.1111111,34.91111111,1.0,4417.376570714643,0.9995002498750625,1,0,0,0,0,0,0,0,0,1,0,1,1,1,0.7801033301664437
0,0.0,0,0.0,5,132.0,0.0,0.0,1,1,1,1,1,5,132.0,26.4,1.0,0.0,0.0,1,0,0,0,0,0,1,0,0,0,0,1,0,0,0.024385651554708697
4,296.2,0,0.0,33,920.4,0.0,0.0,1,1,1,5,0,37,1216.6,32.88108108108108,0.8918918918918919,0.0,0.0,0,0,0,0,0,0,0,0,0,1,0,1,0,0,0.0377923968970553
5,72.57333333,10,208.6,27,1091.323333,0.0,0.0,2,2,1,2,0,42,1372.4966663300002,32.67849205547619,0.6428571428571429,0.0,0.1713698141052232,0,0,0,0,0,0,0,0,0,0,1,1,1,0,0.09952110389357742
0,0.0,0,0.0,2,35.0,0.0,0.0,2,2,1,10,0,2,35.0,17.5,1.0,0.0,0.0,0,1,0,0,0,0,0,0,1,0,0,0,0,0,0.06723129767552383
0,0.0,0,0.0,0,0.0,0.0,0.0,1,1,8,8,0,0,0.0,0.0,0.0,0.0,0.999950002499875,0,1,0,0,0,0,0,0,1,0,0,1,0,0,0.2307019085998354
3,199.0,0,0.0,34,1425.566667,0.0,0.0,2,2,9,2,0,37,1624.566667,43.907207216216214,0.918918918918919,0.0,0.0,0,1,0,0,0,0,0,0,1,0,0,0,1,0,0.09478459607280434
0,0.0,0,0.0,11,164.0,0.0,0.0,2,5,6,1,0,11,164.0,14.909090909090908,1.0,0.0,0.6665444546287809,0,0,0,0,1,0,0,0,0,0,0,1,0,0,0.03373776773280304
0,0.0,2,31.0,3,47.0,0.0,0.0,1,1,6,1,1,5,78.0,15.6,0.6,0.0,0.4999375078115236,1,0,0,0,0,0,1,0,0,0,0,1,0,0,0.03089449705975995
5,39.7,0,0.0,14,253.6,0.0,0.0,2,2,4,4,0,19,293.3,15.436842105263159,0.7368421052631579,0.0,0.0,0,0,0,0,0,0,0,0,0,0,1,1,0,0,0.09263288045966177
7,92.5,0,0.0,48,1681.52381,53.988,0.0,2,2,2,2,0,55,1774.02381,32.25497836363636,0.8727272727272727,3175.117728952171,0.0,0,1,0,0,0,0,0,1,0,0,0,1,0,1,0.5135117763195909
0,0.0,0,0.0,17,376.5166667,0.0,0.0,2,2,6,2,0,17,376.5166667,22.148039217647057,1.0,0.0,0.0,0,1,0,0,0,0,0,0,1,0,0,1,0,0,0.08091811713940138
0,0.0,0,0.0,20,219.3333333,0.0,0.0,1,8,7,2,0,20,219.3333333,10.966666665,1.0,0.0,0.0,0,0,0,0,0,0,1,0,0,0,0,1,0,0,0.024385651554708697
0,0.0,0,0.0,3,71.16666667,0.0,0.0,3,2,1,3,0,3,71.16666667,23.722222223333333,1.0,0.0,0.79990401871737,0,1,0,0,0,0,0,0,1,0,0,1,1,0,0.06681388431173944
0,0.0,0,0.0,18,1257.946667,33.50211155,0.0,2,2,3,2,1,18,1257.946667,69.88592594444444,1.0,8521.308299561832,0.0,1,0,0,0,0,0,0,0,0,1,0,1,1,1,0.8259499307259209
15,419.1795254,0,0.0,110,10278.90421,14.4030575,0.0,2,2,3,3,0,125,10698.083735400001,85.58466988320001,0.88,580.3147257043787,0.5157258095384295,0,0,0,0,0,0,0,0,0,1,0,1,0,0,0.2953170231796678
0,0.0,0,0.0,17,935.25,0.0,0.0,2,2,1,2,0,17,935.25,55.01470588235294,1.0,0.0,0.0,0,1,0,0,0,0,0,0,1,0,0,0,0,0,0.08091811713940138
4,242.8,0,0.0,7,238.6,0.0,0.0,2,2,1,2,1,11,481.4,43.76363636363636,0.6363636363636364,0.0,0.2856693903205531,1,0,0,0,0,0,0,0,0,1,0,1,0,0,0.09430446019663719
5,178.92,1,6.0,33,1017.576667,0.0,0.0,3,2,1,3,0,39,1202.4966670000001,30.833247871794875,0.8461538461538461,0.0,1.1101736780090963,0,1,0,0,0,0,0,0,1,0,0,1,0,0,0.08924362972480679
8,822.6666667,3,225.3333333,45,1896.966667,7.521155028,0.0,1,1,3,1,0,56,2944.9666669999997,52.58869048214285,0.8035714285714286,273.8851646226755,0.4284153733770608,0,1,1,0,0,0,0,0,0,0,0,1,0,0,0.22686343105693252
10,208.5133333,0,0.0,17,369.1,0.0,0.0,3,2,1,6,0,27,577.6133333,21.393086418518518,0.6296296296296297,0.0,0.0,0,0,0,0,0,0,0,0,0,0,1,0,0,0,0.09952110389357742
0,0.0,0,0.0,16,316.0,0.0,0.0,1,8,9,2,0,16,316.0,19.75,1.0,0.0,0.6664889362836577,0,1,0,0,0,0,0,0,1,0,0,1,0,0,0.08091811713940138
2,69.0,0,0.0,51,2103.628837,40.659727,0.0,2,2,4,13,0,53,2172.628837,40.992996924528306,0.9622641509433962,2641.1655634129206,0.0,0,0,0,0,0,0,0,0,0,0,1,1,1,1,0.6176075286535085
1,49.4,0,0.0,4,111.6,0.0,0.0,1,8,9,4,0,5,161.0,32.2,0.8,0.0,0.9997500624843788,0,0,0,0,1,0,0,0,0,0,0,0,0,0,0.08879812820572652
0,0.0,0,0.0,1,0.0,0.0,0.0,3,6,2,2,0,1,0.0,0.0,1.0,0.0,0.999950002499875,0,1,0,0,0,0,0,1,0,0,0,1,0,0,0.024438128369347105
8,228.5,0,0.0,5,64.5,0.0,0.0,1,2,3,5,1,13,293.0,22.53846153846154,0.38461538461538464,0.0,0.0,0,1,0,0,0,0,0,1,0,0,0,0,0,0,0.025811145167664636
10,155.8458333,4,155.375,128,4391.876232,0.0,0.0,1,2,1,2,0,142,4703.0970652999995,33.120401868309855,0.9014084507042254,0.0,0.3906569245401461,0,1,0,0,0,0,0,0,1,0,0,1,0,0,0.2205117854555239
1,5.0,0,0.0,29,3441.439286,0.0,0.0,3,2,8,10,0,30,3446.439286,114.88130953333332,0.9666666666666667,0.0,1.2609279966219236,0,1,1,0,0,0,0,0,0,0,0,1,0,0,0.04261759467701968
0,0.0,0,0.0,9,311.7,0.0,0.0,2,2,4,13,0,9,311.7,34.63333333333333,1.0,0.0,0.0,0,0,0,0,0,1,0,0,0,0,0,1,0,0,0.03373776773280304
0,0.0,0,0.0,2,16.0,0.0,0.8,2,2,1,2,0,2,16.0,8.0,1.0,0.0,0.0,0,1,0,0,0,0,0,1,0,0,0,1,0,0,0.024438128369347105
7,216.4,0,0.0,37,825.205,0.0,0.0,2,2,1,1,0,44,1041.605,23.672840909090908,0.8409090909090909,0.0,0.0,0,0,0,0,0,0,0,0,0,0,1,1,0,0,0.0803827538725416
1,30.0,3,16.5,99,3072.305403,7.300656863,0.0,2,2,1,1,1,103,3118.805403,30.279664106796115,0.9611650485436893,355.8425683068526,0.09557090924120916,1,1,0,0,0,0,0,1,0,0,0,1,0,0,0.20593174780105628
0,0.0,0,0.0,15,225.0,0.0,0.0,2,2,7,3,0,15,225.0,15.0,1.0,0.0,0.0,0,1,0,0,0,0,0,1,0,0,0,1,0,0,0.024438128369347105
12,1449.666667,4,559.0833333,127,4876.007712,5.751219035,0.0,2,2,1,2,0,143,6884.757712299999,48.145158827272724,0.8881118881118881,196.87142232080214,0.1970144050581192,0,1,0,0,0,0,0,0,1,0,0,1,0,0,0.47312076603686065
2,36.5,0,0.0,11,295.9,0.0,0.0,3,2,9,4,1,13,332.4,25.569230769230767,0.8461538461538461,0.0,0.0,1,1,0,0,0,0,0,1,0,0,0,1,0,0,0.02579173006222376
2,15.0,0,0.0,1,8.0,0.0,0.0,2,4,1,2,0,3,23.0,7.666666666666667,0.3333333333333333,0.0,0.0,0,1,0,0,0,0,0,0,1,0,0,1,0,0,0.2318887726176676
2,13.875,0,0.0,26,1939.155952,24.69983785,0.0,3,2,1,2,1,28,1953.030952,69.75110542857144,0.9285714285714286,936.9358684430229,0.2447282312427527,1,1,0,0,0,0,0,0,1,0,0,1,0,0,0.48932010158952516
1,51.4,0,0.0,7,562.3,36.65735004,0.0,1,1,6,2,1,8,613.6999999999999,76.71249999999999,0.875,3665735.0039999993,0.0,0,0,0,0,1,0,0,0,0,0,0,0,1,1,0.8133347805970587
1,19.0,0,0.0,29,605.6722222,0.0,0.8,3,2,3,6,0,30,624.6722222,20.822407406666667,0.9666666666666667,0.0,0.13508220492766923,0,1,0,0,0,0,0,1,0,0,0,1,0,0,0.024438128369347105
0,0.0,0,0.0,6,1566.5,0.0,0.2,1,1,1,3,0,6,1566.5,261.0833333333333,1.0,0.0,0.749887513123594,0,0,0,1,0,0,0,0,0,0,0,1,0,0,0.03373776773280304
0,0.0,0,0.0,1,0.0,0.0,0.0,2,2,1,10,0,1,0.0,0.0,1.0,0.0,0.999950002499875,0,0,0,0,0,0,1,0,0,0,0,1,0,0,0.024385651554708697
2,83.0,0,0.0,15,605.8857143,0.0,0.0,1,1,3,2,1,17,688.8857143,40.52268907647059,0.8823529411764706,0.0,0.0,1,0,0,0,0,0,1,0,0,0,0,1,0,0,0.024385651554708697
0,0.0,0,0.0,9,388.0,0.0,0.0,3,2,2,1,0,9,388.0,43.111111111111114,1.0,0.0,0.7499156373034088,0,0,0,0,0,0,1,0,0,0,0,1,0,0,0.024385651554708697
0,0.0,0,0.0,6,467.0,0.0,0.4,1,1,3,3,0,6,467.0,77.83333333333333,1.0,0.0,0.0,0,0,0,1,0,0,0,0,0,0,0,1,0,0,0.03373776773280304
2,17.0,0,0.0,15,1349.0,0.0,0.0,2,2,1,1,0,17,1366.0,80.3529411764706,0.8823529411764706,0.0,0.0,0,0,0,0,0,0,1,0,0,0,0,1,0,0,0.024385651554708697
2,120.0,0,0.0,8,588.1666667,0.0,0.0,1,1,1,2,0,10,708.1666667,70.81666666999999,0.8,0.0,0.0,0,0,0,0,0,0,1,0,0,0,0,1,0,0,0.02682579378132341
0,0.0,0,0.0,4,32.0,0.0,0.0,2,2,3,2,0,4,32.0,8.0,1.0,0.0,0.0,0,1,1,0,0,0,0,0,0,0,0,1,0,0,0.03183788113276797
3,39.0,0,0.0,6,1180.5,0.0,0.0,2,2,1,3,0,9,1219.5,135.5,0.6666666666666666,0.0,0.0,0,1,0,0,0,0,0,1,0,0,0,1,0,0,0.025811145167664636
0,0.0,0,0.0,5,63.0,0.0,0.0,2,2,1,3,0,5,63.0,12.6,1.0,0.0,0.0,0,0,0,1,0,0,0,0,0,0,0,1,0,0,0.03183788113276797
0,0.0,0,0.0,17,557.1666667,0.0,0.0,3,2,1,1,0,17,557.1666667,32.77450980588235,1.0,0.0,0.47515155754655247,0,0,0,0,0,0,1,0,0,0,0,1,0,0,0.024385651554708697
0,0.0,0,0.0,2,0.0,0.0,0.0,3,2,7,3,0,2,0.0,0.0,1.0,0.0,0.999950002499875,0,1,0,0,0,0,0,0,1,0,0,1,0,0,0.061158393045808314
9,255.4166667,2,94.16666667,22,612.8194444,22.31126324,0.0,3,2,4,2,1,33,962.40277777,29.163720538484846,0.6666666666666666,865.7539335248827,0.5827623988073993,1,1,0,0,0,0,0,0,1,0,0,1,1,0,0.44562425770812153
1,26.0,1,55.0,12,457.0,0.0,0.0,2,2,9,6,1,14,538.0,38.42857142857143,0.8571428571428571,0.0,0.3528539978693969,1,0,0,0,0,0,1,0,0,0,0,1,0,0,0.02682579378132341
0,0.0,0,0.0,3,50.0,0.0,0.0,2,2,1,2,0,3,50.0,16.666666666666668,1.0,0.0,0.0,0,0,0,0,0,0,1,0,0,0,0,1,0,0,0.024385651554708697
0,0.0,0,0.0,21,358.25,0.0,0.8,2,5,4,2,0,21,358.25,17.05952380952381,1.0,0.0,0.5062618262960676,0,1,0,0,0,0,0,1,0,0,0,1,0,0,0.024438128369347105
6,104.0,1,0.0,14,269.5,0.0,0.0,1,1,1,3,0,21,373.5,17.785714285714285,0.6666666666666666,0.0,0.0,0,0,0,0,0,0,1,0,0,0,0,1,0,0,0.027559445376056948
2,63.5,0,0.0,12,222.5,0.0,0.0,2,10,3,2,1,14,286.0,20.428571428571427,0.8571428571428571,0.0,0.0,0,1,1,0,0,0,0,0,0,0,0,0,0,0,0.07608453149984565
1,29.0,1,13.5,24,1005.849206,0.0,0.0,1,1,3,3,0,26,1048.3492059999999,40.321123307692304,0.9230769230769231,0.0,0.0,0,0,0,0,0,0,1,0,0,0,0,1,0,0,0.024385651554708697
2,161.0,0,0.0,28,1286.75,0.0,0.0,1,2,6,4,1,30,1447.75,48.25833333333333,0.9333333333333333,0.0,0.0,1,1,0,0,0,0,0,1,0,0,0,1,0,0,0.024438128369347105
0,0.0,0,0.0,11,814.5,0.0,0.0,1,1,1,2,0,11,814.5,74.04545454545455,1.0,0.0,0.0,0,0,0,0,0,0,1,0,0,0,0,0,0,0,0.024385651554708697
0,0.0,0,0.0,40,1445.840909,0.0,0.0,3,2,6,8,1,40,1445.840909,36.146022725,1.0,0.0,0.11886324688812978,1,1,0,0,0,0,0,0,1,0,0,1,0,0,0.09814039885614785
0,0.0,0,0.0,7,67.33333333,0.0,0.0,3,2,1,3,0,7,67.33333333,9.619047618571429,1.0,0.0,1.0293058082687163,0,1,0,0,0,0,0,1,0,0,0,1,0,0,0.024438128369347105
4,87.25,0,0.0,37,1336.208333,0.0,0.0,2,2,1,1,0,41,1423.458333,34.71849592682927,0.9024390243902439,0.0,0.2499359667206276,0,1,0,0,0,0,0,0,1,0,0,1,0,0,0.0990852306433134
1,7.5,0,0.0,19,216.1666667,0.0,0.6,2,5,1,3,0,20,223.6666667,11.183333335,0.95,0.0,0.6485382172697217,0,1,0,0,0,0,0,1,0,0,0,1,0,0,0.024438128369347105
3,33.0,0,0.0,8,182.5833333,0.0,0.0,2,4,6,3,0,11,215.5833333,19.598484845454546,0.7272727272727273,0.0,0.0,0,0,0,0,0,0,1,0,0,0,0,1,0,0,0.027559445376056948
5,89.625,2,11.5,31,1063.420238,0.0,0.0,3,2,1,13,1,38,1164.545238,30.64592731578947,0.8157894736842105,0.0,0.556337928028186,1,1,0,0,0,0,0,0,1,0,0,1,0,0,0.08922274704681901
0,0.0,0,0.0,7,169.9866667,21.27271783,0.0,2,2,7,2,0,7,169.9866667,24.283809528571428,1.0,637.9901442366304,0.3748875374876291,0,0,0,0,1,0,0,0,0,0,0,0,1,1,0.7116936771656537
0,0.0,0,0.0,37,607.4666667,39.97777778,0.0,1,1,1,2,1,37,607.4666667,16.418018018918918,1.0,14340.373508937942,0.0,1,1,0,0,0,0,0,1,0,0,0,1,1,1,0.810838912333957
4,71.5,0,0.0,42,758.75,0.0,0.0,2,5,2,2,0,46,830.25,18.04891304347826,0.9130434782608695,0.0,0.2855306935389908,0,0,0,0,0,0,1,0,0,0,0,1,0,0,0.024385651554708697
0,0.0,0,0.0,9,53.0,0.0,0.0,2,5,3,1,1,9,53.0,5.888888888888889,1.0,0.0,0.5999460084591847,1,1,1,0,0,0,0,0,0,0,0,1,0,0,0.03183788113276797
1,0.0,3,80.0,125,3835.564121,1.002042069,0.0,1,1,1,3,0,129,3915.564121,30.353210240310077,0.9689922480620154,25.078848493699205,0.5525354915254195,0,0,0,0,1,0,0,0,0,0,0,1,1,0,0.10719897449667941
7,73.23333333,1,0.0,310,7710.731416,0.098621403,0.0,4,1,1,4,0,318,7783.96474933,24.477876570220126,0.9748427672955975,13.112717373239109,0.005238630244447252,0,0,0,0,1,0,0,0,0,0,0,1,1,0,0.10807820239381452
3,60.0,0,0.0,34,783.6363636,0.0,0.0,2,2,1,1,1,37,843.6363636,22.8009828,0.918918918918919,0.0,0.0,1,1,1,0,0,0,0,0,0,0,0,1,0,0,0.0377923968970553
0,0.0,0,0.0,7,123.5,0.0,0.0,1,1,1,3,0,7,123.5,17.642857142857142,1.0,0.0,0.0,0,1,0,0,0,0,0,1,0,0,0,1,0,0,0.024438128369347105
0,0.0,0,0.0,4,18.0,0.0,0.0,2,2,1,13,0,4,18.0,4.5,1.0,0.0,0.49995000499950004,0,1,0,0,0,0,0,0,1,0,0,1,0,0,0.061542804391521655
0,0.0,0,0.0,16,576.3,0.0,0.0,3,2,1,2,0,16,576.3,36.01875,1.0,0.0,1.4532772112564225,0,1,0,0,0,0,0,0,1,0,0,1,0,0,0.0800579698762589
2,21.75,0,0.0,6,84.25,0.0,0.0,3,2,4,20,0,8,106.0,13.25,0.75,0.0,0.7498312879585222,0,1,1,0,0,0,0,0,0,0,0,1,0,0,0.09823793171578807
0,0.0,0,0.0,20,562.0071429,0.0,0.0,1,1,1,3,0,20,562.0071429,28.100357144999997,1.0,0.0,0.0,0,1,0,0,0,0,0,0,1,0,0,1,0,0,0.0876249225624166
4,128.5,0,0.0,14,273.25,0.0,0.0,1,8,4,4,1,18,401.75,22.319444444444443,0.7777777777777778,0.0,0.0,1,1,0,0,0,0,0,1,0,0,0,1,0,0,0.02579173006222376
0,0.0,0,0.0,32,1589.625,15.63731434,0.0,2,2,6,1,0,32,1589.625,49.67578125,1.0,1210.9533543360892,0.0,0,1,1,0,0,0,0,0,0,0,0,1,0,1,0.6431808660194609
0,0.0,0,0.0,33,1132.791667,0.0,0.0,4,1,3,1,0,33,1132.791667,34.32702021212121,1.0,0.0,0.19144903520281994,0,1,1,0,0,0,0,0,0,0,0,1,0,0,0.03373776773280304
0,0.0,0,0.0,24,580.2,17.12545455,0.0,2,2,1,1,0,24,580.2,24.175,1.0,1411.6853740582558,0.0,0,0,0,0,0,0,1,0,0,0,0,1,1,1,0.7410455032290106
1,19.0,0,0.0,4,51.5,0.0,0.0,3,2,6,13,0,5,70.5,14.1,0.8,0.0,0.49995000499950004,0,1,0,0,0,0,0,0,1,0,0,1,0,0,0.08487138276815334
0,0.0,0,0.0,21,574.5333333,0.0,0.0,2,2,3,1,0,21,574.5333333,27.358730157142855,1.0,0.0,0.0,0,0,0,0,0,0,1,0,0,0,0,1,0,0,0.024385651554708697
0,0.0,0,0.0,5,187.5,0.0,0.0,2,5,8,2,1,5,187.5,37.5,1.0,0.0,0.0,1,1,1,0,0,0,0,0,0,0,0,1,0,0,0.03373776773280304
9,208.2666667,0,0.0,19,543.775,0.0,0.0,3,2,3,11,1,28,752.0416667,26.858630953571428,0.6785714285714286,0.0,0.0,0,1,0,0,0,0,0,1,0,0,0,0,0,0,0.025811145167664636
3,138.0,2,136.0,54,2631.1,0.0,0.0,1,2,1,2,0,59,2905.1,49.23898305084746,0.9152542372881356,0.0,0.0,0,0,0,0,0,0,1,0,0,0,0,1,0,0,0.024385651554708697
0,0.0,0,0.0,39,1168.619841,0.0,0.0,1,1,4,3,0,39,1168.619841,29.964611307692305,1.0,0.0,0.0,0,1,0,0,0,0,0,0,1,0,0,1,0,0,0.09730873683022453
7,251.75,0,0.0,5,50.0,0.0,0.0,1,1,3,2,0,12,301.75,25.145833333333332,0.4166666666666667,0.0,0.0,0,1,1,0,0,0,0,0,0,0,0,1,0,0,0.09937829684465455
0,0.0,0,0.0,9,171.0,0.0,0.0,2,10,4,3,0,9,171.0,19.0,1.0,0.0,0.33328333583320835,0,0,0,0,0,0,1,0,0,0,0,1,0,0,0.024385651554708697
0,0.0,0,0.0,3,112.0,0.0,0.0,1,1,2,2,0,3,112.0,37.333333333333336,1.0,0.0,0.0,0,1,1,0,0,0,0,0,0,0,0,1,0,0,0.03183788113276797
1,299.0,0,0.0,4,212.5,0.0,0.0,2,2,2,1,1,5,511.5,102.3,0.8,0.0,0.0,1,1,0,0,0,0,0,1,0,0,0,1,0,0,0.02579173006222376
20,1307.675,3,132.6666667,517,27009.85943,8.4031637,0.0,1,1,1,2,0,540,28450.2010967,52.68555758648148,0.9574074074074074,575.418416495527,0.3002838826202167,0,1,0,0,0,0,0,0,1,0,0,1,1,1,0.5134576431802511
11,194.575,0,0.0,81,2126.077501,0.0,0.0,3,2,1,2,1,92,2320.652501,25.224483706521738,0.8804347826086957,0.0,0.550609744074619,1,1,0,0,0,0,0,0,1,0,0,1,0,0,0.17579230993520484
4,55.575,0,0.0,4,42.575,0.0,0.0,1,1,1,8,0,8,98.15,12.26875,0.5,0.0,0.0,0,1,0,0,0,0,0,0,1,0,0,0,0,0,0.1438598374480163
0,0.0,0,0.0,37,854.55,0.0,0.0,2,2,6,3,0,37,854.55,23.095945945945946,1.0,0.0,0.2332326387491072,0,1,1,0,0,0,0,0,0,0,0,1,0,0,0.03373776773280304
3,35.4,0,0.0,38,937.8075758,0.0,0.0,3,2,1,1,0,41,973.2075758,23.736770141463413,0.926829268292683,0.0,0.26080322605983247,0,0,0,0,1,0,0,0,0,0,0,1,0,0,0.04261759467701968
0,0.0,0,0.0,13,562.25,34.97250838,0.0,1,1,1,2,0,13,562.25,43.25,1.0,2271.736472786101,0.0,0,1,0,0,0,0,0,0,1,0,0,0,1,1,0.8462002845484583
0,0.0,0,0.0,44,1127.566667,0.0,0.0,4,2,1,3,0,44,1127.566667,25.62651515909091,1.0,0.0,0.3102036392949366,0,1,0,0,0,0,0,0,1,0,0,1,0,0,0.09687507439277718
12,430.1570175,14,622.4,85,3684.855282,34.45943549,0.0,3,2,1,2,1,111,4737.4122995,42.67939008558558,0.7657657657657657,3456.4012365814006,0.0937415243560918,1,1,0,0,0,0,0,0,1,0,0,1,0,1,0.5527232865658522
3,49.125,0,0.0,19,344.3452381,0.0,0.0,3,2,1,13,0,22,393.4702381,17.885010822727274,0.8636363636363636,0.0,0.6662447116910348,0,1,0,0,0,0,0,0,1,0,0,1,0,0,0.09041895845525594
0,0.0,0,0.0,38,1244.35,0.0,0.0,1,1,1,2,0,38,1244.35,32.74605263157895,1.0,0.0,0.7320817776424656,0,1,1,0,0,0,0,0,0,0,0,1,0,0,0.03373776773280304
1,4.0,0,0.0,9,495.0,0.0,0.2,3,2,2,19,0,10,499.0,49.9,0.9,0.0,0.4998875253056814,0,1,0,0,0,0,0,1,0,0,0,1,0,0,0.024438128369347105
1,5.0,0,0.0,21,411.0833333,0.0,0.0,3,2,7,3,0,22,416.0833333,18.912878786363635,0.9545454545454546,0.0,0.9776551605596684,0,1,0,0,0,0,0,0,1,0,0,1,0,0,0.09796744642457039
0,0.0,0,0.0,4,103.5,0.0,0.0,2,2,1,6,0,4,103.5,25.875,1.0,0.0,0.0,0,1,0,0,0,0,0,0,1,0,0,1,0,0,0.06723129767552383
4,21.1,2,341.6,92,2668.712121,0.0,0.0,2,2,1,3,1,98,3031.4121210000003,30.93277674489796,0.9387755102040817,0.0,0.3876496775550627,1,0,0,0,0,0,0,0,0,0,0,1,0,0,0.05132349173172456
4,31.6,0,0.0,9,1760.7,0.0,0.0,4,2,9,2,0,13,1792.3,137.86923076923077,0.6923076923076923,0.0,0.0,0,1,0,0,0,0,0,0,1,0,0,1,0,0,0.09047835990702648
0,0.0,0,0.0,2,53.0,0.0,0.0,4,2,4,13,0,2,53.0,26.5,1.0,0.0,0.0,0,1,0,0,0,0,0,1,0,0,0,1,0,0,0.024438128369347105
0,0.0,0,0.0,7,159.2,0.0,0.0,3,3,3,1,1,7,159.2,22.74285714285714,1.0,0.0,0.6666148188475958,1,0,0,0,0,0,0,0,0,0,0,1,0,0,0.03373776773280304
0,0.0,0,0.0,4,121.5,0.0,0.0,1,1,4,8,0,4,121.5,30.375,1.0,0.0,0.0,0,1,0,0,0,0,0,0,1,0,0,1,0,0,0.06723129767552383
1,26.5,0,0.0,13,470.5,41.422095,0.0,1,1,4,2,0,14,497.0,35.5,0.9285714285714286,2483.8353491138246,0.0,0,1,0,0,0,0,0,0,1,0,0,0,1,1,0.827550685570758
0,0.0,0,0.0,3,0.0,0.0,0.0,1,1,1,1,1,3,0.0,0.0,1.0,0.0,0.999950002499875,1,0,0,0,1,0,0,0,0,0,0,1,0,0,0.03183788113276797
0,0.0,0,0.0,19,771.75,0.0,0.0,3,2,3,1,0,19,771.75,40.61842105263158,1.0,0.0,0.34280132079735093,0,1,0,0,0,0,0,0,1,0,0,1,0,0,0.08723024627843734
0,0.0,0,0.0,27,420.0,0.0,0.0,2,2,9,1,1,27,420.0,15.555555555555555,1.0,0.0,0.0,1,1,0,0,0,0,0,1,0,0,0,1,0,0,0.024438128369347105
7,154.9333333,0,0.0,31,910.04,5.316109207,0.0,1,1,3,1,0,38,1064.9733333,28.025614034210523,0.8157894736842105,102.17352619542011,0.3494473844249153,0,0,0,0,1,0,0,0,0,0,0,1,0,0,0.3025789231055111
0,0.0,0,0.0,12,168.0,0.0,0.0,2,2,1,1,0,12,168.0,14.0,1.0,0.0,0.6520718537062514,0,1,0,0,0,0,0,0,1,0,0,1,0,0,0.07108816330592016
0,0.0,0,0.0,21,335.4166667,0.0,0.0,1,1,1,10,0,21,335.4166667,15.972222223809524,1.0,0.0,0.0,0,1,0,0,0,0,0,0,1,0,0,1,0,0,0.0876249225624166
1,5.0,2,31.7,6,104.25,0.0,0.0,2,5,7,11,0,9,140.95,15.66111111111111,0.6666666666666666,0.0,0.0,0,0,0,0,0,1,0,0,0,0,0,0,0,0,0.12106776172923307
3,54.0,0,0.0,50,1911.333333,109.5876,0.0,2,2,7,6,1,53,1965.333333,37.081761,0.9433962264150944,8423.335895465027,0.307455803228286,1,1,0,0,0,0,0,1,0,0,0,1,1,0,0.493440011683183
0,0.0,0,0.0,2,135.0,0.0,0.0,1,1,1,2,0,2,135.0,67.5,1.0,0.0,0.0,0,0,0,0,0,0,1,0,0,0,0,1,0,0,0.024385651554708697
3,100.5,0,0.0,95,1453.640882,0.0,0.0,2,2,3,2,0,98,1554.140882,15.858580428571427,0.9693877551020408,0.0,0.16484285547953376,0,1,1,0,0,0,0,0,0,0,0,0,0,0,0.04555951193374422
7,73.9,0,0.0,58,3441.806667,0.0,0.0,2,2,1,2,0,65,3515.706667,54.08779487692308,0.8923076923076924,0.0,0.0,0,0,0,0,0,0,0,0,0,1,0,1,0,0,0.042560864390344094
0,0.0,0,0.0,19,224.9583333,0.0,0.0,1,1,1,2,0,19,224.9583333,11.839912278947368,1.0,0.0,0.0,0,0,0,0,0,0,1,0,0,0,0,1,0,0,0.024385651554708697
2,47.5,0,0.0,30,735.5833333,23.51024736,0.0,2,2,2,1,0,32,783.0833333,24.471354165625,0.9375,973.5926179348451,0.2855959792166045,0,1,1,0,0,0,0,0,0,0,0,1,0,0,0.419196340269794
0,0.0,1,104.0,9,244.6666667,0.0,1.0,3,2,3,4,1,10,348.6666667,34.86666667,0.9,0.0,0.5207790855119259,1,1,0,0,0,0,0,1,0,0,0,1,0,0,0.024438128369347105
8,105.0,1,24.5,70,5778.966667,0.0,0.0,2,2,1,8,1,79,5908.466667,74.79071730379746,0.8860759493670886,0.0,0.25238733883172076,1,1,0,0,0,0,0,0,1,0,0,1,0,0,0.24767221221350563
0,0.0,0,0.0,6,82.5,0.0,0.0,2,2,1,2,0,6,82.5,13.75,1.0,0.0,0.0,0,1,1,0,0,0,0,0,0,0,0,1,0,0,0.03183788113276797
0,0.0,0,0.0,20,526.5,0.0,0.0,3,2,2,13,0,20,526.5,26.325,1.0,0.0,0.5712653527563553,0,1,0,0,0,0,0,0,1,0,0,1,0,0,0.08723024627843734
8,172.2,0,0.0,28,682.2,13.11145455,0.0,2,2,5,13,0,36,854.4000000000001,23.733333333333334,0.7777777777777778,1800.3495874553585,0.16643779177772283,0,1,0,0,0,0,0,1,0,0,0,1,0,0,0.39669692995638955
1,0.0,0,0.0,1,0.0,0.0,0.0,1,1,1,10,0,2,0.0,0.0,0.5,0.0,0.999950002499875,0,1,1,0,0,0,0,0,0,0,0,1,0,0,0.12737902072115947
0,0.0,0,0.0,2,36.5,0.0,0.0,3,2,1,1,0,2,36.5,18.25,1.0,0.0,0.0,0,0,0,0,0,0,1,0,0,0,0,1,0,0,0.024385651554708697
13,216.3333333,1,9.0,59,985.3151515,167.2308336,0.0,2,2,4,10,1,73,1210.6484848,16.584225819178084,0.8082191780821918,36710.01768209762,0.0,1,1,0,0,0,0,0,0,1,0,0,1,1,1,0.6290295027334787
0,0.0,0,0.0,28,341.4583333,0.0,0.0,2,4,3,10,0,28,341.4583333,12.194940475,1.0,0.0,0.0,0,1,1,0,0,0,0,0,0,0,0,0,0,0,0.03373776773280304
0,0.0,0,0.0,11,253.0,0.0,0.0,2,2,2,1,0,11,253.0,23.0,1.0,0.0,0.0,0,0,0,0,0,0,1,0,0,0,0,1,0,0,0.024385651554708697
5,158.0,0,0.0,56,2220.871465,10.24598305,0.0,2,2,2,2,0,61,2378.871465,38.99789286885246,0.9180327868852459,1616.6762258894573,0.5348690468000613,0,1,0,0,0,0,0,1,0,0,0,1,0,0,0.37875426235257625
0,0.0,1,24.0,9,717.0,0.0,0.0,3,2,5,13,0,10,741.0,74.1,0.9,0.0,0.6664445184938355,0,1,0,0,0,0,0,1,0,0,0,1,0,0,0.024438128369347105
1,0.0,0,0.0,19,867.8333333,0.0,0.0,2,2,7,6,0,20,867.8333333,43.391666665,0.95,0.0,0.5292249856430082,0,1,0,0,0,0,0,1,0,0,0,1,0,0,0.024438128369347105
2,52.0,1,17.66666667,18,1262.0,0.0,0.0,2,2,1,2,0,21,1331.66666667,63.41269841285715,0.8571428571428571,0.0,0.0,0,0,0,0,0,0,1,0,0,0,0,0,0,0,0.02682579378132341
7,275.0844444,0,0.0,70,806.0266667,0.0,0.0,2,5,1,2,0,77,1081.1111111,14.040404040259741,0.9090909090909091,0.0,0.0,0,0,0,0,0,0,0,0,0,1,0,0,0,0,0.042560864390344094
6,190.9231928,0,0.0,7,603.2565261,0.0,0.0,1,1,3,2,0,13,794.1797189,61.09074760769231,0.5384615384615384,0.0,0.6423579396992336,0,1,0,0,0,0,0,0,1,0,0,1,0,0,0.08121823627195879
0,0.0,0,0.0,10,130.75,0.0,0.0,3,2,1,3,0,10,130.75,13.075,1.0,0.0,0.5216710841121981,0,1,0,0,0,0,0,0,1,0,0,1,0,0,0.06723129767552383
0,0.0,3,75.5,60,2050.191803,0.0,0.0,3,2,1,3,0,63,2125.691803,33.741139730158736,0.9523809523809523,0.0,0.3084979439239696,0,1,0,0,0,0,0,0,1,0,0,1,0,0,0.19408460523442192
5,157.5,3,433.5,9,599.5,0.0,0.0,1,1,1,2,0,17,1190.5,70.02941176470588,0.5294117647058824,0.0,0.0,0,1,0,0,0,0,0,0,1,0,0,0,0,0,0.08460213826270908
0,0.0,0,0.0,5,1620.0,0.0,0.0,2,2,1,1,0,5,1620.0,324.0,1.0,0.0,0.8399496013440202,0,0,0,0,0,0,1,0,0,0,0,1,0,0,0.024385651554708697
8,820.8,1,29.5,59,1609.313889,12.44030746,0.0,2,4,4,2,1,68,2459.613889,36.17079248529412,0.8676470588235294,403.8349170152741,0.339153249226078,1,1,0,0,0,0,0,1,0,0,0,1,0,0,0.18602061303072928
4,302.0,0,0.0,29,675.375,0.0,0.0,2,2,1,6,1,33,977.375,29.617424242424242,0.8787878787878788,0.0,0.0,1,1,1,0,0,0,0,0,0,0,0,1,0,0,0.03793664784525171
1,24.91666667,1,7.666666667,98,3561.139286,78.19779587,0.0,2,2,1,13,1,100,3593.722619337,35.93722619337,0.98,4255.118862913128,0.4442025826687606,1,1,0,0,0,0,0,0,1,0,0,1,1,1,0.6827043195858712
2,59.0,1,94.0,21,1449.0,53.66290909,0.0,1,1,6,3,0,24,1602.0,66.75,0.875,2360.129514651999,0.0,0,1,0,0,0,0,0,1,0,0,0,1,1,1,0.687223268170408
7,159.3333333,0,0.0,24,520.6666667,0.0,0.0,2,10,4,3,1,31,680.0,21.93548387096774,0.7741935483870968,0.0,0.0,0,0,0,0,0,0,1,0,0,0,0,0,0,0,0.02682579378132341
2,126.0,0,0.0,2,14.35,0.0,0.0,3,2,6,5,1,4,140.35,35.0875,0.5,0.0,0.0,0,0,0,0,0,0,0,0,0,0,0,0,0,0,0.11410080831451311
0,0.0,0,0.0,5,672.5,0.0,0.0,2,2,1,1,0,5,672.5,134.5,1.0,0.0,0.0,0,0,0,0,0,0,1,0,0,0,0,1,0,0,0.024385651554708697
5,72.5,0,0.0,31,649.3071429,35.10378279,0.0,2,7,2,2,1,36,721.8071429,20.05019841388889,0.8611111111111112,33379.18066270026,0.0,1,0,0,0,0,0,1,0,0,0,0,1,1,1,0.6882852763353676
3,183.0,0,0.0,190,6375.065753,0.0,0.0,2,2,1,2,0,193,6558.065753,33.979615300518134,0.9844559585492227,0.0,0.4643141439126685,0,1,0,0,0,0,0,0,1,0,0,1,0,0,0.24065411781749754
1,23.0,0,0.0,35,1513.0,0.0,0.4,2,2,1,1,0,36,1536.0,42.666666666666664,0.9722222222222222,0.0,0.5768398816364942,0,1,0,0,0,0,0,1,0,0,0,1,0,0,0.024438128369347105
0,0.0,0,0.0,6,600.0,0.0,0.0,1,1,4,3,0,6,600.0,100.0,1.0,0.0,0.0,0,1,0,0,0,0,0,1,0,0,0,1,0,0,0.024438128369347105
1,4.0,0,0.0,13,161.1666667,0.0,0.6,2,5,9,5,0,14,165.1666667,11.79761905,0.9285714285714286,0.0,0.39993501381074315,0,1,0,0,0,0,0,1,0,0,0,1,0,0,0.024438128369347105
0,0.0,0,0.0,12,262.9166667,0.0,0.0,1,6,1,2,0,12,262.9166667,21.909722225,1.0,0.0,0.1499729976606371,0,1,1,0,0,0,0,0,0,0,0,1,0,0,0.03373776773280304
0,0.0,0,0.0,16,336.3,0.0,0.0,2,2,7,1,0,16,336.3,21.01875,1.0,0.0,0.4998000799680128,0,0,0,0,1,0,0,0,0,0,0,1,0,0,0.03373776773280304
0,0.0,1,22.0,40,1284.569048,0.0,0.0,1,1,9,2,1,41,1306.569048,31.867537756097562,0.975609756097561,0.0,0.31562999216177107,1,1,0,0,0,0,0,0,1,0,0,1,1,0,0.11120211983536774
2,8.5,0,0.0,45,848.2051282,0.0,0.0,4,1,1,1,1,47,856.7051282,18.227768685106383,0.9574468085106383,0.0,0.19346226231400093,1,1,0,0,0,0,0,1,0,0,0,1,0,0,0.024438128369347105
0,0.0,0,0.0,35,2381.097222,0.0,0.0,2,2,1,2,0,35,2381.097222,68.0313492,1.0,0.0,0.26010460834594495,0,1,0,0,0,0,0,0,1,0,0,1,0,0,0.14277936929404178
1,21.0,0,0.0,11,385.0,0.0,0.6,2,2,3,2,0,12,406.0,33.833333333333336,0.9166666666666666,0.0,0.0,0,1,0,0,0,0,0,1,0,0,0,1,0,0,0.024438128369347105
5,494.1666667,0,0.0,8,204.0,0.0,0.0,2,4,4,1,0,13,698.1666667,53.705128207692304,0.6153846153846154,0.0,0.0,0,0,0,0,0,0,1,0,0,0,0,1,0,0,0.027559445376056948
4,86.0,0,0.0,46,2450.688095,0.0,0.0,1,1,3,3,0,50,2536.688095,50.7337619,0.92,0.0,0.5652359476793669,0,0,0,0,0,0,1,0,0,0,0,1,0,0,0.024385651554708697
7,156.5,1,122.0,26,694.7121212,0.0,0.0,2,4,1,2,0,34,973.2121212,28.62388591764706,0.7647058823529411,0.0,0.0,0,0,0,0,0,0,1,0,0,0,0,1,0,0,0.02682579378132341
4,190.5,3,575.0,30,2375.083333,34.79013586,0.0,2,2,3,2,0,37,3140.583333,84.88063062162162,0.8108108108108109,3128.2967915705544,0.0,0,1,1,0,0,0,0,0,0,0,0,0,1,1,0.6619120107901991
0,0.0,1,25.0,8,388.0,0.0,0.6,2,5,3,2,0,9,413.0,45.888888888888886,0.8888888888888888,0.0,0.7497750749752582,0,1,0,0,0,0,0,1,0,0,0,0,0,0,0.024438128369347105
5,58.28571429,1,685.25,177,4041.734915,9.419346491,0.0,2,2,1,2,0,183,4785.27062929,26.149019832185793,0.9672131147540983,874.6102158217939,0.2086573848175889,0,1,0,0,0,0,0,0,1,0,0,1,0,1,0.5456564046437286
0,0.0,0,0.0,19,621.7266667,0.0,0.0,1,1,1,2,0,19,621.7266667,32.722456142105266,1.0,0.0,0.43777406845007183,0,0,0,0,1,0,0,0,0,0,0,1,0,0,0.03373776773280304
0,0.0,0,0.0,1,0.0,0.0,0.0,2,2,4,11,1,1,0.0,0.0,1.0,0.0,0.999950002499875,1,1,0,0,0,0,0,0,1,0,0,1,0,0,0.06137252587406211
0,0.0,0,0.0,13,98.66666667,0.0,0.0,2,2,3,13,0,13,98.66666667,7.589743589999999,1.0,0.0,0.3332611195349712,0,1,1,0,0,0,0,0,0,0,0,1,0,0,0.03183788113276797
0,0.0,0,0.0,13,253.3333333,0.0,0.8,2,2,5,3,0,13,253.3333333,19.487179484615385,1.0,0.0,0.42099502533442273,0,1,0,0,0,0,0,1,0,0,0,1,0,0,0.024438128369347105
0,0.0,0,0.0,29,453.9,0.0,0.0,1,1,1,3,0,29,453.9,15.651724137931033,1.0,0.0,0.7884689974644283,0,0,0,0,1,0,0,0,0,0,0,1,0,0,0.03373776773280304
15,584.2,0,0.0,73,2693.963452,0.0,0.0,3,2,4,13,0,88,3278.163452,37.25185740909091,0.8295454545454546,0.0,0.0,0,1,0,0,0,0,0,0,1,0,0,1,0,0,0.2007128205082314
3,57.5,0,0.0,37,1269.645833,0.0,0.0,1,1,4,1,1,40,1327.145833,33.178645825000004,0.925,0.0,1.178508126106029,1,1,0,0,0,0,0,0,1,0,0,1,0,0,0.09882201674737777
8,103.5,0,0.0,64,1550.211111,7.868950242,0.0,2,2,2,14,1,72,1653.711111,22.968209875,0.8888888888888888,488.847068548422,0.0,1,1,0,0,0,0,0,1,0,0,0,1,0,0,0.21080519933487787
0,0.0,0,0.0,3,6.0,0.0,0.6,2,2,1,1,0,3,6.0,2.0,1.0,0.0,0.4999625065619141,0,1,0,0,0,0,0,1,0,0,0,1,0,0,0.024438128369347105
0,0.0,0,0.0,2,0.0,0.0,0.0,2,2,1,1,0,2,0.0,0.0,1.0,0.0,0.999950002499875,0,0,0,0,0,0,1,0,0,0,0,1,0,0,0.024385651554708697
11,771.9285714,2,214.1666667,39,1022.474026,52.05165,0.0,3,2,1,2,0,52,2008.5692641,38.626332001923075,0.75,4207.516204486405,0.06736120951465072,0,1,0,0,0,0,0,1,0,0,0,1,1,0,0.4236020985254966
0,0.0,0,0.0,23,997.3142857,0.0,0.0,1,1,3,15,1,23,997.3142857,43.3614906826087,1.0,0.0,0.0,1,0,0,0,0,1,0,0,0,0,0,1,0,0,0.03373776773280304
11,188.8333333,3,27.0,64,4829.625,48.60623685,0.0,1,1,1,3,0,78,5045.4583333,64.6853632474359,0.8205128205128205,2825.231617469479,0.2356413967013085,0,1,0,0,0,0,0,0,1,0,0,1,1,1,0.5333529230530238
0,0.0,0,0.0,14,340.0,23.388,0.0,2,2,3,1,1,14,340.0,24.285714285714285,1.0,1519.2325368318727,0.0,1,1,0,0,0,0,0,1,0,0,0,1,1,1,0.8141166806629477
0,0.0,0,0.0,6,185.5,0.0,0.0,2,2,3,8,0,6,185.5,30.916666666666668,1.0,0.0,0.3332666866626674,0,1,1,0,0,0,0,0,0,0,0,0,0,0,0.03373776773280304
5,123.0,1,12.25,26,934.15,0.0,0.0,1,1,3,3,0,32,1069.4,33.41875,0.8125,0.0,0.4284474930968193,0,1,1,0,0,0,0,0,0,0,0,1,0,0,0.07608453149984565
7,167.0083333,0,0.0,40,978.0916667,0.0,0.0,3,2,2,2,0,47,1145.1,24.363829787234042,0.851063829787234,0.0,0.07071071246473219,0,1,1,0,0,0,0,0,0,0,0,1,0,0,0.07608453149984565
0,0.0,0,0.0,8,856.4166667,44.56114286,0.6,2,4,9,5,0,8,856.4166667,107.0520833375,1.0,1559.0942937107868,0.0,0,1,0,0,0,0,0,1,0,0,0,1,1,1,0.7955453862108837
5,59.0,0,0.0,152,7114.798341,0.0,0.0,2,2,1,1,0,157,7173.798341,45.692983063694264,0.9681528662420382,0.0,0.24230068403641092,0,1,0,0,0,0,0,0,1,0,0,1,0,0,0.22439482631920665
0,0.0,0,0.0,2,19.0,0.0,0.0,1,1,1,2,1,2,19.0,9.5,1.0,0.0,0.0,0,1,0,0,0,0,0,0,1,0,0,0,0,0,0.08367211692646855
4,211.8,0,0.0,15,512.9,0.0,0.0,1,1,3,2,0,19,724.7,38.142105263157895,0.7894736842105263,0.0,0.0,0,1,0,0,0,0,0,0,1,0,0,0,0,0,0.08932222455869944
0,0.0,0,0.0,15,865.0,57.584,0.0,2,2,1,4,0,15,865.0,57.666666666666664,1.0,1439.2401899525119,0.6665000499875031,0,1,0,0,0,0,0,1,0,0,0,1,0,1,0.6552345541382132
0,0.0,0,0.0,8,118.0,0.0,0.2,2,2,2,2,0,8,118.0,14.75,1.0,0.0,0.0,0,1,0,0,0,0,0,1,0,0,0,1,0,0,0.024438128369347105
1,18.2,0,0.0,17,225.68,0.0,0.0,2,10,1,2,0,18,243.88,13.54888888888889,0.9444444444444444,0.0,0.0,0,1,0,0,0,0,0,0,1,0,0,1,0,0,0.09899930682690244
0,0.0,0,0.0,16,450.8333333,0.0,0.0,2,2,2,1,0,16,450.8333333,28.17708333125,1.0,0.0,0.6362710878417684,0,1,0,0,0,0,0,1,0,0,0,1,0,0,0.024438128369347105
0,0.0,0,0.0,15,290.1,0.0,0.0,2,5,6,3,0,15,290.1,19.34,1.0,0.0,0.0,0,1,1,0,0,0,0,0,0,0,0,1,0,0,0.03373776773280304
0,0.0,0,0.0,8,105.0,0.0,0.0,4,1,1,3,0,8,105.0,13.125,1.0,0.0,0.0,0,1,0,0,0,0,0,1,0,0,0,1,0,0,0.024438128369347105
0,0.0,1,55.0,38,1377.409524,0.0,0.0,2,2,2,4,0,39,1432.409524,36.72844933333333,0.9743589743589743,0.0,0.04648698022946797,0,1,0,0,0,0,0,1,0,0,0,1,0,0,0.024438128369347105
3,43.0,4,81.0,132,5091.890896,0.0,0.0,2,2,4,2,1,139,5215.890896,37.5243949352518,0.9496402877697842,0.0,0.2183107594254723,1,1,0,0,0,0,0,0,1,0,0,1,1,0,0.20338001588674282
1,55.5,0,0.0,53,4048.583333,0.0,0.0,4,1,1,1,0,54,4104.0833330000005,76.00154320370372,0.9814814814814815,0.0,0.5060024402272075,0,1,1,0,0,0,0,0,0,0,0,1,0,0,0.0377923968970553
0,0.0,0,0.0,7,442.1666667,0.0,0.0,4,2,3,3,0,7,442.1666667,63.16666667142857,1.0,0.0,0.0,0,1,0,0,0,0,0,1,0,0,0,1,0,0,0.024438128369347105
6,240.9,2,201.4,237,9437.769068,1.453831135,0.0,2,4,3,1,0,245,9880.069067999999,40.326812522448975,0.9673469387755103,47.83763058820928,0.33576052504047915,0,0,0,0,0,1,0,0,0,0,0,1,1,0,0.3199975804020248
4,78.5,1,32.75,50,1897.833333,0.0,0.0,1,1,9,3,1,55,2009.083333,36.52878787272727,0.9090909090909091,0.0,1.080296480989504,1,1,1,0,0,0,0,0,0,0,0,1,0,0,0.0377923968970553
4,207.5,0,0.0,2,56.5,0.0,0.0,3,2,2,2,1,6,264.0,44.0,0.3333333333333333,0.0,0.0,0,1,1,0,0,0,0,0,0,0,0,0,0,0,0.09937829684465455
13,662.3392857,0,0.0,81,4284.422619,2.647620068,0.0,1,1,6,2,1,94,4946.7619047,52.62512664574468,0.8617021276595744,115.95685172964303,0.10068193989665046,1,1,1,0,0,0,0,0,0,0,0,1,1,0,0.2076172219806829
9,124.4266667,0,0.0,19,720.6766667,0.0,0.0,2,2,7,4,0,28,845.1033334000001,30.182261907142863,0.6785714285714286,0.0,0.0,0,0,0,0,0,0,0,0,0,1,0,1,0,0,0.08664988265574693
5,168.0,0,0.0,31,1239.083333,0.0,0.0,3,2,6,13,0,36,1407.083333,39.08564813888889,0.8611111111111112,0.0,0.33316676661669165,0,1,0,0,0,0,0,1,0,0,0,1,0,0,0.02579173006222376
0,0.0,0,0.0,5,112.0,0.0,0.0,2,2,4,1,1,5,112.0,22.4,1.0,0.0,0.0,1,1,0,0,0,0,0,1,0,0,0,1,0,0,0.024438128369347105
1,30.5,0,0.0,16,374.5,0.0,0.0,3,2,3,1,1,17,405.0,23.823529411764707,0.9411764705882353,0.0,0.8105873553204933,1,1,0,0,0,0,0,0,1,0,0,1,0,0,0.09085466271602048
9,283.25,0,0.0,38,1166.166667,18.60589711,0.0,1,1,9,20,0,47,1449.416667,30.838652489361703,0.8085106382978723,3899.050192742731,0.0,0,1,0,0,0,0,0,0,1,0,0,0,1,1,0.6990118910216039
3,75.5,1,0.0,130,4737.087716,43.77424082,0.0,2,2,1,2,0,134,4812.587716,35.91483370149254,0.9701492537313433,3811.1072627425965,0.5276532296287887,0,1,0,0,0,0,0,0,1,0,0,1,1,1,0.5969246208608326
3,19.33333333,0,0.0,28,710.9083333,0.0,0.0,2,2,8,3,0,31,730.2416666299999,23.556182794516126,0.9032258064516129,0.0,0.49961280008574155,0,1,0,0,0,0,0,1,0,0,0,0,0,0,0.024438128369347105
2,83.4,2,385.8,41,1194.988132,10.25950957,0.0,1,1,3,2,0,45,1664.188132,36.981958488888885,0.9111111111111111,568.2843809929587,0.0,0,0,0,0,0,0,0,0,0,1,0,1,0,0,0.43169976748255773
2,37.0,0,0.0,46,3043.916667,0.0,0.0,2,2,3,2,0,48,3080.916667,64.18576389583333,0.9583333333333334,0.0,0.6085739452109578,0,1,0,0,0,0,0,0,1,0,0,1,0,0,0.18080757872355477
4,104.5,1,54.0,25,796.3,0.0,0.8,2,6,1,4,0,30,954.8,31.826666666666664,0.8333333333333334,0.0,0.0,0,1,0,0,0,0,0,1,0,0,0,1,0,0,0.02579173006222376
0,0.0,0,0.0,18,623.725,0.0,0.0,2,2,6,2,0,18,623.725,34.65138888888889,1.0,0.0,0.3008053069274408,0,1,1,0,0,0,0,0,0,0,0,1,0,0,0.03373776773280304
2,84.5,0,0.0,21,710.5416667,0.0,0.0,2,4,4,2,0,23,795.0416667,34.56702898695652,0.9130434782608695,0.0,0.4209064146703304,0,1,0,0,0,0,0,0,1,0,0,1,0,0,0.08837982113756715
7,146.25,0,0.0,42,1030.266667,0.0,0.0,2,2,1,2,0,49,1176.516667,24.0105442244898,0.8571428571428571,0.0,0.0,0,0,0,0,0,0,1,0,0,0,0,0,0,0,0.02682579378132341
2,235.0,0,0.0,23,1193.0,45.6125,0.0,3,2,7,2,0,25,1428.0,57.12,0.92,5466.939890808625,0.0,0,1,0,0,0,0,0,1,0,0,0,0,1,1,0.7538092512568133
0,0.0,0,0.0,7,133.5,0.0,0.0,2,2,6,6,0,7,133.5,19.071428571428573,1.0,0.0,0.0,0,1,0,0,0,0,0,0,1,0,0,0,0,0,0.06723129767552383
3,49.5,0,0.0,22,458.25,0.0,0.0,1,1,1,3,0,25,507.75,20.31,0.88,0.0,0.3528789016474804,0,1,0,0,0,0,0,0,1,0,0,1,0,0,0.0905001840200317
6,91.5,0,0.0,9,115.5,0.0,0.0,3,2,9,3,1,15,207.0,13.8,0.6,0.0,0.9994503023282225,1,1,0,0,0,0,0,1,0,0,0,1,0,0,0.025811145167664636
1,5.0,0,0.0,31,1263.9,0.0,0.0,2,2,7,2,0,32,1268.9,39.653125,0.96875,0.0,0.0,0,1,1,0,0,0,0,0,0,0,0,1,0,0,0.04261759467701968
3,29.0,0,0.0,8,160.5,0.0,0.0,2,2,9,3,0,11,189.5,17.227272727272727,0.7272727272727273,0.0,0.0,0,1,0,0,0,0,0,1,0,0,0,1,0,0,0.025811145167664636
3,52.75,0,0.0,31,3069.077778,5.793026792,0.0,1,1,3,2,0,34,3121.827778,91.81846405882352,0.9117647058823529,281.9315738249961,0.3139832547143871,0,1,0,0,0,0,0,0,1,0,0,1,1,0,0.450579447937388
0,0.0,0,0.0,18,410.9166667,0.0,1.0,3,2,4,13,1,18,410.9166667,22.828703705555554,1.0,0.0,0.8809835324461539,1,1,0,0,0,0,0,1,0,0,0,1,0,0,0.024438128369347105
0,0.0,0,0.0,12,166.0,0.0,0.0,2,2,1,1,1,12,166.0,13.833333333333334,1.0,0.0,0.3999440162373909,1,0,0,0,0,0,1,0,0,0,0,1,0,0,0.024385651554708697
7,109.0416667,0,0.0,35,1136.083333,46.21605051,0.0,3,2,3,3,0,42,1245.1249997,29.645833326190477,0.8333333333333334,3509.7523567738053,0.0,0,1,0,0,0,0,0,0,1,0,0,1,1,1,0.6506510342806064
0,0.0,3,114.8,22,583.0933333,2.749716646,0.0,1,1,3,1,0,25,697.8933333,27.915733332,0.88,172.37410024768636,0.0,0,0,0,0,0,0,0,0,0,0,1,1,1,1,0.5982905847654251
2,196.6,0,0.0,0,0.0,0.0,0.0,3,2,9,5,1,2,196.6,98.3,0.0,0.0,0.0,0,1,0,0,0,0,0,0,1,0,0,0,0,0,0.2677148483916898
0,0.0,0,0.0,48,1304.666667,0.0,0.6,3,2,1,13,0,48,1304.666667,27.1805555625,1.0,0.0,0.3253602059514445,0,1,0,0,0,0,0,1,0,0,0,1,0,0,0.024438128369347105
3,9.0,0,0.0,22,169.5,0.0,0.0,2,4,4,3,0,25,178.5,7.14,0.88,0.0,0.28562451352075335,0,1,0,0,0,0,0,1,0,0,0,1,0,0,0.024438128369347105
0,0.0,0,0.0,11,419.75,0.0,0.0,2,2,6,1,0,11,419.75,38.15909090909091,1.0,0.0,0.0,0,0,0,0,0,0,1,0,0,0,0,1,0,0,0.024385651554708697
1,585.5,0,0.0,80,3634.141512,26.41113767,0.0,3,2,2,2,0,81,4219.641512,52.09433965432099,0.9876543209876543,3354.0695480366903,0.548741763770904,0,1,0,0,0,0,0,0,1,0,0,1,1,1,0.6368948409477654
0,0.0,0,0.0,10,570.5,0.0,0.6,2,4,1,3,0,10,570.5,57.05,1.0,0.0,0.0,0,1,0,0,0,0,0,1,0,0,0,1,0,0,0.024438128369347105
0,0.0,0,0.0,11,304.0,0.0,0.0,2,2,3,4,0,11,304.0,27.636363636363637,1.0,0.0,0.0,0,1,0,0,0,0,0,1,0,0,0,1,0,0,0.024438128369347105
0,0.0,0,0.0,16,283.75,0.0,0.0,2,2,1,11,0,16,283.75,17.734375,1.0,0.0,0.4998000799680128,0,1,0,0,0,0,0,0,1,0,0,1,0,0,0.08091811713940138
1,21.2,0,0.0,21,836.1,0.0,0.0,2,4,9,4,0,22,857.3000000000001,38.96818181818182,0.9545454545454546,0.0,0.0,0,0,0,0,0,0,0,0,0,1,0,0,0,0,0.04261759467701968
3,119.5,0,0.0,24,347.9166667,0.0,0.0,1,1,3,1,0,27,467.4166667,17.311728396296296,0.8888888888888888,0.0,0.0,0,1,1,0,0,0,0,0,0,0,0,1,0,0,0.0377923968970553
10,1559.75,1,7.0,41,1663.761905,13.63463318,0.0,1,1,1,2,0,52,3230.5119050000003,62.1252289423077,0.7884615384615384,854.7272061754652,0.2725562998913806,0,0,0,0,0,0,1,0,0,0,0,1,1,0,0.3347807697384892
0,0.0,0,0.0,12,819.9166667,0.0,0.0,1,1,2,3,1,12,819.9166667,68.32638889166667,1.0,0.0,0.1360211224681394,1,1,0,0,0,0,0,1,0,0,0,1,0,0,0.024438128369347105
2,71.3,0,0.0,18,813.8,0.0,0.8,3,2,8,13,0,20,885.0999999999999,44.254999999999995,0.9,0.0,0.23160926687372257,0,1,0,0,0,0,0,1,0,0,0,1,0,0,0.024438128369347105
1,26.2,0,0.0,92,2451.346667,0.0,0.0,4,1,3,1,0,93,2477.5466669999996,26.64028674193548,0.989247311827957,0.0,0.3606555885945315,0,0,0,0,1,0,0,0,0,0,0,1,0,0,0.04070682677972187
0,0.0,1,14.0,34,3900.428571,0.0,0.6,1,1,1,4,0,35,3914.428571,111.84081631428572,0.9714285714285714,0.0,0.4523725295061021,0,1,0,0,0,0,0,1,0,0,0,1,0,0,0.024438128369347105
6,128.5,1,0.0,32,796.7066667,0.0,0.0,2,4,1,1,1,39,925.2066667,23.723247864102564,0.8205128205128205,0.0,0.6520165848999072,1,1,0,0,0,0,0,0,1,0,0,1,0,0,0.08962555326651377
3,152.0,1,64.4,9,358.4,0.0,0.0,2,2,1,2,1,13,574.8,44.215384615384615,0.6923076923076923,0.0,0.0,0,0,0,0,0,0,0,0,0,1,0,0,0,0,0.08664988265574693
2,13.0,0,0.0,23,441.0,0.0,0.0,2,2,1,1,0,25,454.0,18.16,0.92,0.0,0.6570780936489049,0,1,0,0,0,0,0,0,1,0,0,1,0,0,0.09899930682690244
0,0.0,0,0.0,18,5188.5,0.0,0.0,2,5,1,1,0,18,5188.5,288.25,1.0,0.0,0.0,0,0,0,0,0,0,1,0,0,0,0,1,0,0,0.024385651554708697
0,0.0,0,0.0,3,0.0,0.0,0.0,1,1,3,4,0,3,0.0,0.0,1.0,0.0,0.999950002499875,0,0,0,0,0,0,0,0,0,0,0,1,0,0,0.03183788113276797
0,0.0,0,0.0,1,0.0,0.0,0.0,1,8,1,1,0,1,0.0,0.0,1.0,0.0,0.999950002499875,0,0,0,0,0,0,0,0,0,0,1,1,0,0,0.03183788113276797
0,0.0,0,0.0,17,582.4,0.0,0.2,3,2,4,13,0,17,582.4,34.258823529411764,1.0,0.0,0.9373681887505947,0,1,0,0,0,0,0,1,0,0,0,1,0,0,0.024438128369347105
0,0.0,0,0.0,10,455.0,25.7526389,0.0,1,1,2,2,0,10,455.0,45.5,1.0,1158.3475057059075,0.0,0,1,1,0,0,0,0,0,0,0,0,0,1,1,0.8359895276151802
1,68.6,1,29.2,97,4318.668082,0.0,0.0,2,4,2,2,1,99,4416.468082,44.61078870707071,0.9797979797979798,0.0,0.1826890098980114,1,0,0,0,1,0,0,0,0,0,0,1,0,0,0.04555951193374422
3,37.0,0,0.0,53,2409.068434,0.0,0.0,3,2,1,1,0,56,2446.068434,43.67979346428571,0.9464285714285714,0.0,0.10841108349822555,0,1,0,0,0,0,0,1,0,0,0,1,0,0,0.024438128369347105
1,6.0,0,0.0,41,634.6666667,0.0,0.0,2,4,7,3,0,42,640.6666667,15.253968254761904,0.9761904761904762,0.0,0.5226606223632695,0,1,0,0,0,0,0,1,0,0,0,1,0,0,0.024438128369347105
0,0.0,0,0.0,1,0.0,0.0,0.0,4,2,1,1,1,1,0.0,0.0,1.0,0.0,0.999950002499875,1,1,0,0,0,0,0,0,1,0,0,1,0,0,0.06137252587406211
0,0.0,0,0.0,3,39.66666667,0.0,0.0,2,4,1,10,0,3,39.66666667,13.222222223333333,1.0,0.0,0.0,0,0,0,0,0,0,1,0,0,0,0,1,0,0,0.024385651554708697
0,0.0,0,0.0,25,417.9666667,4.7095,1.0,2,2,9,2,1,25,417.9666667,16.718666668,1.0,244.76672424059558,0.0,1,1,0,0,0,0,0,1,0,0,0,1,1,1,0.6909562724846896
0,0.0,0,0.0,5,476.0,0.0,0.0,2,4,1,1,0,5,476.0,95.2,1.0,0.0,0.14284183531350866,0,1,0,0,0,0,0,1,0,0,0,1,0,0,0.024438128369347105
0,0.0,0,0.0,15,259.6666667,0.0,0.0,1,1,2,2,1,15,259.6666667,17.311111113333332,1.0,0.0,0.0,1,1,0,0,0,0,0,1,0,0,0,1,0,0,0.024438128369347105
0,0.0,0,0.0,8,134.0,0.0,0.0,2,2,1,2,0,8,134.0,16.75,1.0,0.0,0.0,0,1,0,0,0,0,0,1,0,0,0,1,0,0,0.024438128369347105
0,0.0,0,0.0,10,253.25,0.0,0.0,3,2,1,10,0,10,253.25,25.325,1.0,0.0,0.0,0,1,1,0,0,0,0,0,0,0,0,1,0,0,0.03373776773280304
3,95.6,0,0.0,10,337.1,0.0,0.0,1,1,9,3,0,13,432.70000000000005,33.284615384615385,0.7692307692307693,0.0,0.2856163454173844,0,0,0,0,1,0,0,0,0,0,0,1,0,0,0.08499502382979912
1,29.0,0,0.0,25,381.3571429,0.0,0.8,2,2,1,2,0,26,410.3571429,15.782967034615384,0.9615384615384616,0.0,0.0,0,1,0,0,0,0,0,1,0,0,0,0,0,0,0.024438128369347105
0,0.0,0,0.0,8,95.0,0.0,0.0,2,4,7,1,0,8,95.0,11.875,1.0,0.0,0.4284979742244071,0,1,1,0,0,0,0,0,0,0,0,1,0,0,0.03183788113276797
1,34.5,0,0.0,40,1473.658333,0.0,0.0,1,1,8,10,1,41,1508.158333,36.78434958536585,0.975609756097561,0.0,0.0,1,1,0,0,0,0,0,0,1,0,0,1,0,0,0.11120211983536774
4,120.7,0,0.0,5,74.4,0.0,0.0,2,2,4,5,0,9,195.10000000000002,21.67777777777778,0.5555555555555556,0.0,0.0,0,0,0,0,0,0,0,0,0,1,0,0,0,0,0.09430446019663719
0,0.0,0,0.0,1,8.0,0.0,0.0,2,2,2,1,0,1,8.0,8.0,1.0,0.0,0.0,0,0,0,0,0,0,0,0,0,0,1,1,0,0,0.03183788113276797
11,104.9733333,2,41.2,27,572.8733333,23.5504394,0.0,2,4,1,1,0,40,719.0466666,17.976166665,0.675,2117.633696849173,0.0,0,0,0,0,0,0,0,0,0,1,0,1,0,1,0.5109459603204168
9,216.23,1,140.5,310,8468.339278,0.875047932,0.0,2,10,3,2,1,320,8825.069277999999,27.578341493749996,0.96875,70.4303948377268,0.22708066953341574,1,0,0,0,0,0,0,0,0,0,1,1,0,0,0.2702566157171482
0,0.0,0,0.0,2,68.5,0.0,0.0,3,2,1,10,0,2,68.5,34.25,1.0,0.0,0.0,0,0,0,0,0,0,1,0,0,0,0,1,0,0,0.024385651554708697
10,166.9318182,2,246.0,51,2697.487879,3.099,0.6,2,2,2,19,0,63,3110.4196972,49.371741225396825,0.8095238095238095,177.27551051228335,0.24656941282964437,0,1,0,0,0,0,0,1,0,0,0,1,0,0,0.20577432210272945
1,24.0,0,0.0,54,801.5095238,0.0,0.2,1,1,1,3,0,55,825.5095238,15.009264069090909,0.9818181818181818,0.0,0.5680999670830106,0,1,0,0,0,0,0,1,0,0,0,1,0,0,0.024438128369347105
0,0.0,0,0.0,19,220.3848485,0.0,0.0,2,4,1,4,0,19,220.3848485,11.59920255263158,1.0,0.0,0.42698993504682614,0,1,0,0,0,0,0,1,0,0,0,1,0,0,0.024438128369347105
0,0.0,0,0.0,1,0.0,0.0,0.8,2,2,1,11,0,1,0.0,0.0,1.0,0.0,0.999950002499875,0,1,0,0,0,0,0,1,0,0,0,1,0,0,0.024438128369347105
0,0.0,0,0.0,24,754.3,0.0,0.0,2,2,3,10,0,24,754.3,31.429166666666664,1.0,0.0,0.0,0,1,0,0,0,0,0,0,1,0,0,1,0,0,0.0876249225624166
5,150.0,0,0.0,135,4966.520661,0.0,0.0,1,1,2,10,1,140,5116.520661,36.54657615,0.9642857142857143,0.0,0.32332127209612516,1,1,0,0,0,0,0,0,1,0,0,1,0,0,0.24065411781749754
1,23.0,2,272.5,30,974.2698413,11.47812903,0.0,2,2,4,1,1,33,1269.7698413,38.47787397878788,0.9090909090909091,1453.7917192559376,0.8171455060950781,1,1,0,0,0,0,0,1,0,0,0,1,1,1,0.5386258868537693
4,1946.0,0,0.0,31,731.0,0.0,0.0,2,2,4,2,1,35,2677.0,76.48571428571428,0.8857142857142857,0.0,0.0,0,1,1,0,0,0,0,0,0,0,0,0,0,0,0.0377923968970553
1,0.0,1,37.4,23,1146.5,72.52076923,0.0,2,4,1,4,1,25,1183.9,47.356,0.92,3141.2054880591927,0.6663778884695896,1,1,0,0,0,0,0,1,0,0,0,1,1,1,0.6999587887286165
5,154.2,0,0.0,12,269.5357143,0.0,0.0,3,2,1,4,0,17,423.7357143,24.925630252941176,0.7058823529411765,0.0,0.7260845294261123,0,0,0,0,0,0,0,0,0,0,0,1,0,0,0.08664988265574693
2,26.75,0,0.0,103,2546.856685,0.0,0.0,3,2,1,1,0,105,2573.606685,24.51053985714286,0.9809523809523809,0.0,0.5913060078096628,0,1,0,0,0,0,0,0,1,0,0,1,0,0,0.2547106022672031
4,56.0,0,0.0,10,709.0,0.0,0.0,2,2,1,2,0,14,765.0,54.642857142857146,0.7142857142857143,0.0,0.0,0,0,0,0,0,0,1,0,0,0,0,0,0,0,0.027559445376056948
0,0.0,0,0.0,25,629.5,0.0,0.0,2,2,1,13,0,25,629.5,25.18,1.0,0.0,0.0,0,1,0,0,0,0,0,1,0,0,0,1,0,0,0.024438128369347105
0,0.0,0,0.0,3,249.0,0.0,0.0,2,4,9,3,0,3,249.0,83.0,1.0,0.0,0.0,0,0,0,0,0,0,1,0,0,0,0,1,0,0,0.024385651554708697
1,12.0,1,11.0,74,6194.852381,0.0,0.0,2,2,9,13,0,76,6217.852381,81.81384711842105,0.9736842105263158,0.0,0.4831866085979908,0,1,0,0,0,0,0,0,1,0,0,1,0,0,0.19160440190605071
6,88.75,0,0.0,22,757.375,27.97632918,0.0,2,2,1,2,0,28,846.125,30.21875,0.7857142857142857,662.440379765005,0.03507939980046515,0,1,0,0,0,0,0,0,1,0,0,1,0,0,0.4851538311666184
0,0.0,0,0.0,15,477.0,0.0,0.0,2,2,2,1,0,15,477.0,31.8,1.0,0.0,0.0,0,0,0,0,0,0,1,0,0,0,0,1,0,0,0.024385651554708697
0,0.0,0,0.0,24,778.1666667,0.0,0.0,2,2,1,2,0,24,778.1666667,32.4236111125,1.0,0.0,0.0,0,0,0,0,0,0,1,0,0,0,0,1,0,0,0.024385651554708697
0,0.0,0,0.0,22,355.6666667,25.194,0.8,2,2,3,4,0,22,355.6666667,16.16666666818182,1.0,489.7881008397375,0.9257459348938756,0,1,0,0,0,0,0,1,0,0,0,1,1,1,0.6268195404402653
3,430.8333333,1,262.0,49,2338.567766,9.609529412,0.6,3,2,4,4,0,53,3031.4010993,57.196247156603775,0.9245283018867925,332.3077194298842,0.8136720234689209,0,1,0,0,0,0,0,1,0,0,0,1,1,0,0.24111615685460722
0,0.0,0,0.0,10,348.25,0.0,0.0,2,2,4,13,0,10,348.25,34.825,1.0,0.0,0.8329862557267805,0,1,0,0,0,0,0,0,1,0,0,1,0,0,0.07064861781474875
4,63.0,0,0.0,22,2232.5,0.0,0.0,2,2,9,2,0,26,2295.5,88.28846153846153,0.8461538461538461,0.0,0.0,0,1,0,0,0,0,0,1,0,0,0,0,0,0,0.02579173006222376
8,197.6666667,0,0.0,7,88.75,0.0,1.0,3,2,3,2,1,15,286.4166667,19.094444446666667,0.4666666666666667,0.0,0.22218518580236626,1,1,0,0,0,0,0,1,0,0,0,1,0,0,0.025811145167664636
4,59.86,1,38.3,36,725.21,0.0,0.0,2,2,9,2,1,41,823.37,20.08219512195122,0.8780487804878049,0.0,0.1462986428723433,1,0,0,0,0,0,0,0,0,1,0,1,0,0,0.03793664784525171
1,107.0,5,143.75,2,17.0,0.0,0.0,3,2,3,1,0,8,267.75,33.46875,0.25,0.0,0.49990001999600076,0,1,1,0,0,0,0,0,0,0,0,1,0,0,0.09937829684465455
1,53.9,0,0.0,34,422.5230769,36.31643173,0.0,1,1,2,2,0,35,476.42307689999996,13.61208791142857,0.9714285714285714,6027.585507344517,0.0,0,0,0,0,0,0,0,0,0,0,1,1,1,1,0.6933779031688514
5,121.2666667,0,0.0,8,114.6,0.0,0.0,1,1,1,2,1,13,235.8666667,18.143589746153847,0.6153846153846154,0.0,0.0,0,1,0,0,0,0,0,0,1,0,0,0,0,0,0.0814965074916351
6,34.0,0,0.0,69,2456.297619,0.0,0.0,2,2,3,2,0,75,2490.297619,33.20396825333333,0.92,0.0,0.39525791862314685,0,1,0,0,0,0,0,1,0,0,0,1,0,0,0.024438128369347105
0,0.0,0,0.0,12,396.5,0.0,0.0,2,4,3,2,0,12,396.5,33.041666666666664,1.0,0.0,0.0,0,0,0,0,0,0,1,0,0,0,0,1,0,0,0.024385651554708697
6,99.60588235,0,0.0,83,2585.61835,6.871308983,0.0,2,2,2,2,0,89,2685.2242323500004,30.171058790449443,0.9325842696629213,900.7099418385925,0.0,0,0,0,0,0,0,1,0,0,0,0,1,1,0,0.3133073233560444
0,0.0,0,0.0,53,1618.203333,0.0,0.0,1,8,1,1,1,53,1618.203333,30.532138358490563,1.0,0.0,0.5005678530498787,1,0,0,0,0,0,0,0,0,1,0,1,0,0,0.03373776773280304
1,2.0,6,657.8333333,140,3252.200476,0.0,0.0,2,2,4,1,0,147,3912.0338093,26.61247489319728,0.9523809523809523,0.0,0.22547109552095965,0,0,0,0,1,0,0,0,0,0,0,1,0,0,0.04506311585774993
3,49.5,0,0.0,68,2853.020833,0.0,0.0,1,1,1,3,0,71,2902.520833,40.880575112676055,0.9577464788732394,0.0,0.687362197906534,0,1,0,0,0,0,0,0,1,0,0,1,0,0,0.19204798992852748
0,0.0,0,0.0,6,227.3333333,0.0,0.0,3,2,3,2,1,6,227.3333333,37.88888888333333,1.0,0.0,0.0,0,1,0,0,0,0,0,1,0,0,0,0,0,0,0.024438128369347105
6,128.5,0,0.0,68,1080.15,0.0,0.8,2,2,2,2,0,74,1208.65,16.33310810810811,0.918918918918919,0.0,0.0,0,1,0,0,0,0,0,1,0,0,0,0,0,0,0.024438128369347105
15,169.0333333,0,0.0,223,2477.53655,0.17982681,0.0,2,2,7,3,1,238,2646.5698832999997,11.120041526470587,0.9369747899159664,48.54825376530338,0.0,1,0,0,0,0,0,0,0,0,1,0,1,0,0,0.2126356118612478
0,0.0,0,0.0,19,1040.2,115.98,0.0,2,2,6,2,1,19,1040.2,54.747368421052634,1.0,10428.814171533762,0.0,0,1,0,0,0,0,0,1,0,0,0,0,1,1,0.849598918101434
0,0.0,0,0.0,1,0.0,0.0,0.0,3,2,4,2,0,1,0.0,0.0,1.0,0.0,0.999950002499875,0,1,1,0,0,0,0,0,0,0,0,1,0,0,0.03183788113276797
0,0.0,0,0.0,1,0.0,0.0,0.0,3,3,4,4,0,1,0.0,0.0,1.0,0.0,0.999950002499875,0,1,0,0,0,0,0,1,0,0,0,1,0,0,0.024438128369347105
0,0.0,0,0.0,1,0.0,0.0,0.0,2,2,4,3,0,1,0.0,0.0,1.0,0.0,0.999950002499875,0,0,0,1,0,0,0,0,0,0,0,1,0,0,0.03183788113276797
3,52.9,0,0.0,8,278.58,26.18180656,0.0,1,1,1,2,0,11,331.47999999999996,30.13454545454545,0.7272727272727273,2615.565090909091,0.0,0,0,0,0,1,0,0,0,0,0,0,0,0,1,0.7448630011932406
0,0.0,0,0.0,3,36.0,0.0,0.0,2,2,3,2,0,3,36.0,12.0,1.0,0.0,0.666600009999,0,1,0,0,0,0,0,0,1,0,0,1,0,0,0.06723129767552383
0,0.0,0,0.0,8,123.0,0.0,0.0,3,2,3,11,1,8,123.0,15.375,1.0,0.0,0.856849070526116,1,1,0,0,0,0,0,0,1,0,0,1,0,0,0.06704640451231615
0,0.0,0,0.0,7,272.5,0.0,0.0,1,1,6,2,1,7,272.5,38.92857142857143,1.0,0.0,0.0,0,0,0,0,0,0,1,0,0,0,0,0,0,0,0.024385651554708697
10,187.7166667,1,11.0,29,277.35,0.0,0.0,3,2,9,5,0,40,476.06666670000004,11.9016666675,0.725,0.0,0.0,0,0,0,0,0,0,0,0,0,0,1,1,0,0,0.09148586902395077
1,5.0,0,0.0,63,1405.327056,8.44235219,0.0,2,2,1,1,0,64,1410.327056,22.03636025,0.984375,1327.5796050639026,0.49921373831890337,0,1,0,0,0,0,0,0,1,0,0,1,1,1,0.6073148695010177
0,0.0,0,0.0,108,3279.238428,0.0,0.0,2,2,7,1,0,108,3279.238428,30.363318777777778,1.0,0.0,0.3918322003698127,0,1,0,0,0,0,0,0,1,0,0,1,0,0,0.21187582932805626
1,27.2,0,0.0,91,1596.412698,33.61787649,0.0,2,2,2,1,0,92,1623.6126980000001,17.647964108695653,0.9891304347826086,4243.562617582638,0.13871355632504967,0,0,0,0,0,0,0,0,0,0,1,1,0,1,0.5135797593241974
1,81.0,0,0.0,93,3359.625,0.0,0.0,2,2,3,1,0,94,3440.625,36.60239361702128,0.9893617021276596,0.0,0.0,0,1,0,0,0,0,0,0,1,0,0,1,1,0,0.2389394714273252
3,54.0,0,0.0,20,262.9,0.0,0.0,2,2,1,2,0,23,316.9,13.778260869565216,0.8695652173913043,0.0,0.1499729976606371,0,1,1,0,0,0,0,0,0,0,0,1,0,0,0.07608453149984565
6,89.0625,2,888.0,275,9139.496696,0.0,0.0,2,2,1,2,0,283,10116.559196,35.74755899646643,0.9717314487632509,0.0,0.3369363418891444,0,1,0,0,0,0,0,0,1,0,0,1,0,0,0.2205117854555239
1,12.5,0,0.0,3,55.5,0.0,0.0,1,1,1,8,1,4,68.0,17.0,0.75,0.0,0.0,1,1,0,0,0,0,0,0,1,0,0,1,0,0,0.08516101031712843
0,0.0,0,0.0,3,133.5,0.0,0.4,2,4,1,6,0,3,133.5,44.5,1.0,0.0,0.6428158171465668,0,1,0,0,0,0,0,1,0,0,0,1,0,0,0.024438128369347105
8,26.41666667,1,391.0,61,1037.807143,0.0,0.6,2,5,2,2,0,70,1455.22380967,20.788911566714287,0.8714285714285714,0.0,0.1170354426163004,0,1,0,0,0,0,0,1,0,0,0,1,0,0,0.02579173006222376
0,0.0,0,0.0,41,963.0,0.0,0.0,2,2,6,1,0,41,963.0,23.48780487804878,1.0,0.0,0.0,0,1,0,0,0,0,0,1,0,0,0,1,0,0,0.024438128369347105
9,250.2222222,5,343.875,82,5076.380556,28.41708136,0.0,3,2,1,13,0,96,5670.4777782,59.06747685625,0.8541666666666666,2585.1514970674352,0.0,0,1,1,0,0,0,0,0,0,0,0,1,1,0,0.47609168125720175
0,0.0,0,0.0,3,25.5,0.0,0.0,1,1,3,2,1,3,25.5,8.5,1.0,0.0,0.4999625065619141,1,1,0,0,0,0,0,0,1,0,0,1,0,0,0.06175819461542708
7,204.3875,4,187.0,61,776.4138158,0.0,0.0,3,2,6,3,0,72,1167.8013157999999,16.219462719444444,0.8472222222222222,0.0,0.9344744759013552,0,1,0,0,0,0,0,1,0,0,0,1,0,0,0.02579173006222376
3,119.0,1,86.0,25,413.7222222,15.40042308,0.0,1,1,7,4,0,29,618.7222222,21.33524904137931,0.8620689655172413,1176.7795286944074,0.0,0,1,0,0,0,0,0,1,0,0,0,1,0,1,0.6433555694757364
12,569.825,0,0.0,127,6065.016218,0.152167439,0.0,1,1,2,4,0,139,6634.841218,47.73267063309352,0.9136690647482014,16.406125667625297,0.7241391356024633,0,0,0,0,0,0,0,0,0,0,0,1,1,0,0.09761793346399593
6,85.2,0,0.0,11,203.0,0.0,0.0,2,2,5,2,0,17,288.2,16.95294117647059,0.6470588235294118,0.0,0.0,0,1,0,0,0,0,0,0,1,0,0,1,0,0,0.08121823627195879
3,269.1666667,0,0.0,36,2281.208333,0.0,0.0,3,2,6,4,0,39,2550.3749997,65.39423076153847,0.9230769230769231,0.0,0.49588466226381683,0,1,0,0,0,0,0,1,0,0,0,1,0,0,0.024438128369347105
0,0.0,0,0.0,37,1254.75,34.15414773,0.0,2,2,2,7,0,37,1254.75,33.91216216216216,1.0,3353.2327600214385,0.25836677240912254,0,1,0,0,0,0,0,0,1,0,0,1,1,1,0.7229925703821625
0,0.0,0,0.0,10,130.5,0.0,0.0,2,2,7,3,0,10,130.5,13.05,1.0,0.0,0.1999800019998,0,1,1,0,0,0,0,0,0,0,0,1,0,0,0.03183788113276797
0,0.0,0,0.0,16,1062.666667,54.56704868,0.0,4,1,1,4,0,16,1062.666667,66.4166666875,1.0,4361.874394884093,0.0,0,0,0,0,0,0,0,0,0,0,1,0,1,1,0.8510896452358656
0,0.0,0,0.0,27,187.0,0.0,0.0,4,2,7,4,0,27,187.0,6.925925925925926,1.0,0.0,0.0,0,1,0,0,0,0,0,1,0,0,0,1,0,0,0.024438128369347105
2,34.0,0,0.0,18,671.0,0.0,0.0,3,2,3,11,1,20,705.0,35.25,0.9,0.0,0.0,0,0,0,0,0,0,1,0,0,0,0,0,0,0,0.024385651554708697
0,0.0,0,0.0,3,60.5,0.0,0.0,3,2,6,6,0,3,60.5,20.166666666666668,1.0,0.0,0.9999000099990001,0,1,0,0,0,0,0,0,1,0,0,1,0,0,0.06681388431173944
1,8.0,0,0.0,11,701.0,0.0,0.0,2,2,1,2,0,12,709.0,59.083333333333336,0.9166666666666666,0.0,0.0,0,0,0,0,0,0,0,0,0,0,0,1,0,0,0.04261759467701968
5,154.8333333,7,285.0,90,3262.350896,0.0,0.0,3,2,5,6,0,102,3702.1842293,36.295923816666665,0.8823529411764706,0.0,0.28618222472292065,0,1,0,0,0,0,0,1,0,0,0,1,0,0,0.024438128369347105
6,79.25,0,0.0,13,150.1666667,0.0,0.0,1,1,1,3,0,19,229.4166667,12.07456140526316,0.6842105263157895,0.0,0.0,0,1,1,0,0,0,0,0,0,0,0,0,0,0,0.08664988265574693
0,0.0,0,0.0,24,1762.25,0.0,0.0,2,2,2,1,0,24,1762.25,73.42708333333333,1.0,0.0,0.4997001499160474,0,0,0,0,0,0,1,0,0,0,0,1,0,0,0.024385651554708697
0,0.0,1,20.0,13,816.9545455,0.0,0.0,3,2,8,1,0,14,836.9545455,59.78246753571428,0.9285714285714286,0.0,0.5998740306545702,0,1,0,0,0,0,0,1,0,0,0,1,0,0,0.024438128369347105
0,0.0,1,110.0,20,402.3333333,0.0,0.6,2,2,3,13,0,21,512.3333333,24.396825395238096,0.9523809523809523,0.0,0.5477210757302015,0,1,0,0,0,0,0,1,0,0,0,1,0,0,0.024438128369347105
1,11.83333333,2,27.0,31,424.75,30.81857956,0.0,2,2,3,1,0,34,463.58333333,13.634803921470589,0.9117647058823529,784.1375543454379,0.4846411999516468,0,1,0,0,0,0,0,0,1,0,0,1,1,0,0.3657858072394373
1,17.0,0,0.0,12,616.4,0.0,0.0,1,1,3,1,1,13,633.4,48.723076923076924,0.9230769230769231,0.0,0.0,1,0,0,0,0,0,1,0,0,0,0,1,0,0,0.024385651554708697
0,0.0,0,0.0,5,214.0,0.0,0.0,3,2,8,1,0,5,214.0,42.8,1.0,0.0,0.0,0,1,0,0,0,0,0,1,0,0,0,1,0,0,0.024438128369347105
0,0.0,0,0.0,1,0.0,0.0,0.0,1,1,1,1,0,1,0.0,0.0,1.0,0.0,0.999950002499875,0,1,0,0,0,0,0,1,0,0,0,1,0,0,0.024438128369347105
0,0.0,0,0.0,1,0.0,0.0,0.0,3,2,2,10,0,1,0.0,0.0,1.0,0.0,0.999950002499875,0,0,0,0,0,0,1,0,0,0,0,1,0,0,0.024385651554708697
5,327.4,0,0.0,86,2806.846825,0.0,0.0,3,2,9,3,1,91,3134.246825,34.442272802197806,0.945054945054945,0.0,0.3764315748545368,1,0,0,0,0,0,0,0,0,1,0,1,0,0,0.039972594679212124
1,24.0,0,0.0,15,496.75,115.48625,0.0,2,2,3,2,0,16,520.75,32.546875,0.9375,18448.282747603833,0.0,0,1,0,0,0,0,0,1,0,0,0,1,1,1,0.8091082508431512
0,0.0,0,0.0,59,3033.689449,0.0,0.0,1,2,3,2,0,59,3033.689449,51.41846523728813,1.0,0.0,0.4881913350723401,0,1,0,0,0,0,0,0,1,0,0,1,0,0,0.18914896447063936
2,671.0,0,0.0,15,1106.0,0.0,0.0,2,2,4,1,0,17,1777.0,104.52941176470588,0.8823529411764706,0.0,0.0,0,1,1,0,0,0,0,0,0,0,0,1,0,0,0.0377923968970553
1,39.2,2,120.8,7,80.5,0.0,0.0,3,2,4,2,1,10,240.5,24.05,0.7,0.0,0.0,0,1,0,0,0,0,0,0,1,0,0,0,0,0,0.08462542931914355
1,7.0,7,141.0,25,1644.0,0.0,0.0,2,4,1,10,0,33,1792.0,54.303030303030305,0.7575757575757576,0.0,0.1142250330957268,0,0,0,0,0,0,1,0,0,0,0,1,0,0,0.02682579378132341
2,1223.0,4,416.0,21,2755.67094,0.0,0.0,3,2,1,2,1,27,4394.67094,162.76559037037038,0.7777777777777778,0.0,0.16477542505810427,1,0,0,0,0,0,1,0,0,0,0,1,0,0,0.02682579378132341
0,0.0,2,52.5,18,502.0,0.0,0.0,8,2,9,2,1,20,554.5,27.725,0.9,0.0,0.0,0,1,1,0,0,0,0,0,0,0,0,0,0,0,0.04261759467701968
0,0.0,0,0.0,17,433.1333333,0.0,1.0,3,2,4,4,1,17,433.1333333,25.478431370588236,1.0,0.0,0.4527430642570256,1,1,0,0,0,0,0,1,0,0,0,1,0,0,0.024438128369347105
4,97.2,2,16.0,26,690.5666667,59.33984611,0.0,2,4,8,2,0,32,803.7666667000001,25.117708334375003,0.8125,15978.614911150702,0.0,0,0,0,0,1,0,0,0,0,0,0,1,1,1,0.6845213360399581
10,228.35,0,0.0,3,28.6,0.0,0.0,2,2,7,5,0,13,256.95,19.765384615384615,0.23076923076923078,0.0,0.0,0,0,0,0,0,0,0,0,0,1,0,0,0,0,0.09937829684465455
0,0.0,0,0.0,12,305.4,0.0,0.0,3,2,1,11,0,12,305.4,25.45,1.0,0.0,0.0,0,1,1,0,0,0,0,0,0,0,0,1,0,0,0.03373776773280304
0,0.0,1,41.5,98,2400.037843,0.0,0.0,2,2,1,2,0,99,2441.537843,24.661998414141415,0.98989898989899,0.0,0.015755220721072757,0,1,0,0,0,0,0,0,1,0,0,1,1,0,0.17460990834091986
1,9.0,0,0.0,7,638.0,0.0,0.0,1,1,1,3,0,8,647.0,80.875,0.875,0.0,0.8180033506726049,0,0,0,0,0,0,1,0,0,0,0,1,0,0,0.024385651554708697
4,143.0666667,1,6.5,74,1294.405,0.0,0.0,2,2,3,1,1,79,1443.9716667,18.27812236329114,0.9367088607594937,0.0,0.24976586794361952,1,0,0,0,0,0,0,0,0,0,0,1,0,0,0.05151781384394112
1,4.0,0,0.0,7,417.5333333,0.0,0.0,3,2,6,2,0,8,421.5333333,52.6916666625,0.875,0.0,0.0,0,0,0,0,0,0,0,0,0,0,0,1,0,0,0.04277944423554746
1,0.0,1,80.16666667,29,759.75,0.0,0.0,2,2,1,2,1,31,839.91666667,27.094086021612906,0.9354838709677419,0.0,0.0,1,1,0,0,0,0,0,0,1,0,0,1,0,0,0.09933191342002153
0,0.0,0,0.0,3,75.0,0.0,0.0,3,2,1,20,0,3,75.0,25.0,1.0,0.0,0.4999625065619141,0,1,1,0,0,0,0,0,0,0,0,1,0,0,0.03183788113276797
5,181.8666667,0,0.0,192,4845.989214,18.67564853,0.0,2,2,1,1,0,197,5027.8558807,25.522111069543147,0.9746192893401016,844.6983430285204,0.2448011809716584,0,1,0,0,0,0,0,0,1,0,0,1,0,1,0.556121523110589
0,0.0,0,0.0,3,29.0,0.0,0.0,2,2,1,4,1,3,29.0,9.666666666666666,1.0,0.0,0.0,1,1,0,0,0,0,0,1,0,0,0,1,0,0,0.024438128369347105
6,257.5,0,0.0,37,2533.333333,6.651334683,0.0,2,2,3,1,0,43,2790.833333,64.90310076744186,0.8604651162790697,209.70672528827075,0.46139293560044814,0,1,0,0,0,0,0,0,1,0,0,1,1,0,0.4516454158902803
0,0.0,0,0.0,5,53.0,0.0,0.0,2,5,2,2,1,5,53.0,10.6,1.0,0.0,0.4999375078115236,1,0,0,0,0,0,1,0,0,0,0,1,0,0,0.024385651554708697
0,0.0,0,0.0,38,935.0,0.0,0.0,2,2,3,11,0,38,935.0,24.605263157894736,1.0,0.0,0.0,0,1,0,0,0,0,0,0,1,0,0,0,0,0,0.09163358776200727
4,55.0,0,0.0,2,13.0,0.0,0.0,2,10,4,2,0,6,68.0,11.333333333333334,0.3333333333333333,0.0,0.0,0,1,1,0,0,0,0,0,0,0,0,0,1,0,0.11410080831451311
0,0.0,0,0.0,33,2193.541667,0.0,0.0,2,2,2,6,0,33,2193.541667,66.4709596060606,1.0,0.0,0.0,0,1,0,0,0,0,0,0,1,0,0,1,0,0,0.14277936929404178
2,34.0,0,0.0,65,1451.227362,0.0,0.0,2,2,1,1,0,67,1485.227362,22.167572567164182,0.9701492537313433,0.0,0.3563848128919841,0,0,0,0,0,0,1,0,0,0,0,1,0,0,0.024385651554708697
0,0.0,0,0.0,13,226.0,0.0,0.0,2,2,9,8,0,13,226.0,17.384615384615383,1.0,0.0,0.0,0,1,1,0,0,0,0,0,0,0,0,0,0,0,0.03373776773280304
0,0.0,0,0.0,68,1723.753711,0.0,0.0,3,2,5,2,0,68,1723.753711,25.349319279411766,1.0,0.0,0.5039888834823764,0,1,0,0,0,0,0,0,1,0,0,1,0,0,0.10428300552830631
2,11.5,0,0.0,12,1562.0,33.1128,0.8,2,2,1,1,0,14,1573.5,112.39285714285714,0.8571428571428571,770.9404743655913,0.5354917406685209,0,1,0,0,0,0,0,1,0,0,0,1,0,0,0.3729193294632283
0,0.0,0,0.0,5,24.0,0.0,0.0,1,1,1,4,1,5,24.0,4.8,1.0,0.0,0.3333055578701775,1,1,0,0,0,0,0,1,0,0,0,1,0,0,0.024438128369347105
3,81.0,0,0.0,19,448.0333333,0.0,0.0,3,2,5,4,1,22,529.0333333,24.046969695454546,0.8636363636363636,0.0,0.0,1,1,0,0,0,0,0,1,0,0,0,1,0,0,0.02579173006222376
5,44.5,1,4.0,37,836.3333333,0.0,0.0,2,2,4,1,0,43,884.8333333,20.57751937906977,0.8604651162790697,0.0,0.11006750726396017,0,0,0,0,0,0,1,0,0,0,0,1,0,0,0.02682579378132341
2,270.0,3,228.5,13,2451.0,42.22150549,0.0,2,2,4,2,0,18,2949.5,163.86111111111111,0.7222222222222222,1969.4179005680928,0.0,0,1,0,0,0,0,0,0,1,0,0,1,1,1,0.707311408011874
4,141.7619048,0,0.0,20,850.0357143,0.0,0.0,2,2,6,4,0,24,991.7976191,41.32490079583334,0.8333333333333334,0.0,0.5998560297540109,0,1,0,0,0,0,0,1,0,0,0,1,0,0,0.02579173006222376
12,1276.264286,0,0.0,118,3215.173074,22.45841786,0.0,3,2,8,3,0,130,4491.43736,34.54951815384615,0.9076923076923077,4116.132575198023,0.0,0,1,0,0,0,0,0,0,1,0,0,1,1,1,0.576814431464715
3,69.16666667,0,0.0,35,869.0611111,0.0,0.8,2,2,1,2,0,38,938.22777777,24.690204678157894,0.9210526315789473,0.0,0.0,0,1,0,0,0,0,0,1,0,0,0,1,0,0,0.024438128369347105
1,18.0,0,0.0,16,1331.75,33.79956701,0.0,2,5,2,3,0,17,1349.75,79.3970588235294,0.9411764705882353,2701.803917665867,0.0,0,0,0,0,0,0,1,0,0,0,0,0,1,1,0.827550685570758
4,92.1,2,28.2,29,852.0,0.0,0.0,2,5,8,5,0,35,972.3,27.779999999999998,0.8285714285714286,0.0,0.27894521930963245,0,0,0,0,0,0,0,0,0,0,0,1,1,0,0.07608453149984565
5,266.0,0,0.0,29,730.35,32.91300914,0.0,4,1,8,1,0,34,996.35,29.304411764705883,0.8529411764705882,1252.7491214620113,0.23068139439125726,0,1,0,0,0,0,0,0,1,0,0,1,1,0,0.49252177576378636
0,0.0,0,0.0,26,810.3713768,0.0,0.8,3,2,3,1,0,26,810.3713768,31.16812987692308,1.0,0.0,0.7596515539052547,0,1,0,0,0,0,0,1,0,0,0,1,0,0,0.024438128369347105
1,5.0,1,7.0,31,561.0940141,0.0,0.0,3,2,3,13,0,33,573.0940141,17.366485275757576,0.9393939393939394,0.0,0.6545410314492732,0,0,0,0,1,0,0,0,0,0,0,1,0,0,0.04261759467701968
1,5.0,0,0.0,5,95.1,0.0,0.0,1,1,4,4,0,6,100.1,16.683333333333334,0.8333333333333334,0.0,0.8570326690653125,0,0,0,0,0,0,0,0,0,1,0,1,0,0,0.09823793171578807
10,236.0795455,2,5.0,107,2589.881537,0.0,0.0,3,2,4,2,0,119,2830.9610825,23.78958892857143,0.8991596638655462,0.0,0.539862148714256,0,1,1,0,0,0,0,0,0,0,0,1,0,0,0.039972594679212124
0,0.0,0,0.0,1,1.0,0.0,0.0,2,2,2,1,0,1,1.0,1.0,1.0,0.0,0.0,0,0,0,0,0,0,1,0,0,0,0,1,0,0,0.024385651554708697
2,1172.0,0,0.0,24,1244.066667,0.0,0.0,1,8,2,6,0,26,2416.066667,92.92564103846154,0.9230769230769231,0.0,0.28561228132809713,0,1,0,0,0,0,0,1,0,0,0,1,0,0,0.024438128369347105
1,12.0,0,0.0,36,493.3033901,0.0,0.0,2,2,5,2,0,37,505.3033901,13.656848381081081,0.972972972972973,0.0,0.0,0,0,0,0,0,0,0,0,0,1,0,1,0,0,0.04261759467701968
1,40.0,0,0.0,27,1400.5,0.0,0.0,1,1,4,2,0,28,1440.5,51.44642857142857,0.9642857142857143,0.0,0.0,0,0,0,0,0,0,1,0,0,0,0,1,0,0,0.024385651554708697
2,131.0,2,9.0,14,237.75,0.0,0.0,2,10,4,2,0,18,377.75,20.98611111111111,0.7777777777777778,0.0,0.0,0,1,1,0,0,0,0,0,0,0,0,0,0,0,0.07608453149984565
0,0.0,0,0.0,10,111.0,0.0,0.0,2,4,7,3,0,10,111.0,11.1,1.0,0.0,0.0,0,0,0,0,0,0,1,0,0,0,0,1,0,0,0.024385651554708697
0,0.0,0,0.0,1,0.0,0.0,0.4,2,2,3,4,0,1,0.0,0.0,1.0,0.0,0.999950002499875,0,0,0,1,0,0,0,0,0,0,0,1,0,0,0.03183788113276797
0,0.0,0,0.0,9,0.0,0.0,0.6,2,2,1,13,0,9,0.0,0.0,1.0,0.0,0.7499531279295043,0,1,0,0,0,0,0,1,0,0,0,1,0,0,0.024438128369347105
0,0.0,1,33.0,25,972.25,0.0,0.0,1,2,1,1,0,26,1005.25,38.66346153846154,0.9615384615384616,0.0,1.4853383350339766,0,1,0,0,0,0,0,1,0,0,0,1,0,0,0.024438128369347105
4,77.1,0,0.0,4,41.7,0.0,0.0,2,2,4,6,1,8,118.8,14.85,0.5,0.0,0.0,1,0,0,0,0,0,0,0,0,0,1,1,0,0,0.17328148386794823
2,51.66666667,0,0.0,35,1977.05,38.20357895,0.0,2,2,1,2,0,37,2028.71666667,54.83018018027027,0.9459459459459459,2560.1701877883147,0.35270465688188024,0,1,0,0,0,0,0,1,0,0,0,1,0,0,0.4749538772102235
2,18.0,0,0.0,49,1550.916667,0.0,0.0,2,2,3,1,0,51,1568.916667,30.763071901960785,0.9607843137254902,0.0,0.38700314752078646,0,1,0,0,0,0,0,0,1,0,0,1,0,0,0.11083465776289539
2,11.0,0,0.0,38,938.9333333,0.0,0.0,3,2,2,3,0,40,949.9333333,23.7483333325,0.95,0.0,0.5959365060002504,0,0,0,0,0,1,0,0,0,0,0,1,0,0,0.04261759467701968
7,65.83333333,2,39.66666667,135,5520.175505,0.0,0.0,2,2,1,1,0,144,5625.675505,39.06719100694445,0.9375,0.0,0.28855896644152684,0,1,1,0,0,0,0,0,0,0,0,1,0,0,0.04555951193374422
0,0.0,0,0.0,2,29.0,0.0,0.0,1,1,3,3,0,2,29.0,14.5,1.0,0.0,0.0,0,1,0,0,0,0,0,0,1,0,0,1,0,0,0.06723129767552383
0,0.0,0,0.0,1,0.0,0.0,0.0,2,2,1,3,0,1,0.0,0.0,1.0,0.0,0.999950002499875,0,0,0,0,0,0,1,0,0,0,0,1,0,0,0.024385651554708697
0,0.0,0,0.0,1,0.0,0.0,0.4,1,1,1,3,0,1,0.0,0.0,1.0,0.0,0.999950002499875,0,0,0,1,0,0,0,0,0,0,0,1,0,0,0.03183788113276797
0,0.0,0,0.0,1,39.5,0.0,0.0,1,2,1,2,0,1,39.5,39.5,1.0,0.0,0.0,0,1,1,0,0,0,0,0,0,0,0,1,0,0,0.03183788113276797
5,100.0,0,0.0,7,137.25,0.0,0.0,1,2,3,3,0,12,237.25,19.770833333333332,0.5833333333333334,0.0,0.3999200159968006,0,1,1,0,0,0,0,0,0,0,0,0,0,0,0.09430446019663719
0,0.0,0,0.0,6,92.0,0.0,0.0,1,1,3,10,0,6,92.0,15.333333333333334,1.0,0.0,0.0,0,0,0,0,0,0,1,0,0,0,0,1,0,0,0.024385651554708697
0,0.0,0,0.0,11,200.85,0.0,0.0,1,1,2,1,0,11,200.85,18.259090909090908,1.0,0.0,0.7717659860877834,0,0,0,0,0,0,1,0,0,0,0,1,0,0,0.024385651554708697
0,0.0,0,0.0,12,599.6133333,0.0,0.0,2,2,4,20,1,12,599.6133333,49.967777775,1.0,0.0,0.0,1,1,0,0,0,0,0,0,1,0,0,1,0,0,0.07133442143037683
0,0.0,0,0.0,34,933.85,0.0,0.0,1,1,1,2,1,34,933.85,27.466176470588238,1.0,0.0,0.6940988933699737,1,1,0,0,0,0,0,0,1,0,0,1,0,0,0.08792304389639131
0,0.0,0,0.0,39,805.7916667,0.0,0.0,2,2,4,1,0,39,805.7916667,20.661324787179485,1.0,0.0,0.5551546266012921,0,1,1,0,0,0,0,0,0,0,0,1,0,0,0.03373776773280304
0,0.0,1,18.0,36,833.0833333,0.0,1.0,1,1,7,3,1,37,851.0833333,23.002252251351354,0.972972972972973,0.0,0.5871693652012823,1,1,0,0,0,0,0,1,0,0,0,1,0,0,0.024438128369347105
4,69.96666667,0,0.0,28,2728.755,0.0,0.0,1,1,1,5,0,32,2798.72166667,87.4600520834375,0.875,0.0,0.0,0,0,0,0,0,0,0,0,0,1,0,1,0,0,0.03793664784525171
2,115.2,0,0.0,7,211.1,0.0,0.0,2,2,2,2,1,9,326.3,36.25555555555556,0.7777777777777778,0.0,0.0,0,0,0,0,1,0,0,0,0,0,0,0,0,0,0.08499502382979912
2,29.5,0,0.0,36,1110.666667,0.0,0.0,2,4,9,2,1,38,1140.166667,30.004385973684208,0.9473684210526315,0.0,0.15185604754477142,1,1,1,0,0,0,0,0,0,0,0,1,0,0,0.04261759467701968
1,19.0,0,0.0,100,3457.285317,0.0,0.0,2,2,1,2,0,101,3476.285317,34.418666504950494,0.9900990099009901,0.0,0.21679067597931867,0,1,0,0,0,0,0,0,1,0,0,1,0,0,0.2389394714273252
3,155.6078431,1,14.0,108,2942.021588,7.890931935,0.0,1,1,2,10,0,112,3111.6294311,27.78240563482143,0.9642857142857143,606.4105110268761,0.019960768567207365,0,1,1,0,0,0,0,0,0,0,0,1,1,0,0.30258106415186775
0,0.0,0,0.0,10,351.75,0.0,0.0,2,2,4,1,1,10,351.75,35.175,1.0,0.0,0.666533353329334,1,1,1,0,0,0,0,0,0,0,0,1,0,0,0.03373776773280304
9,269.8,0,0.0,112,2478.622727,60.43385263,0.2,2,2,4,3,0,121,2748.422727,22.71423741322314,0.9256198347107438,15048.839654787731,0.0,0,1,0,0,0,0,0,1,0,0,0,1,1,1,0.6072997881981701
5,43.5,0,0.0,6,110.3333333,0.0,0.0,2,2,8,8,1,11,153.8333333,13.984848481818181,0.5454545454545454,0.0,0.0,0,1,1,0,0,0,0,0,0,0,0,0,0,0,0.12106776172923307
13,83.9952381,2,99.8,24,364.9619048,0.0,0.0,2,2,1,2,0,39,548.7571429,14.070695971794871,0.6153846153846154,0.0,0.0,0,1,0,0,0,0,0,0,1,0,0,1,0,0,0.09985816289816696
0,0.0,0,0.0,9,71.75,0.0,1.0,2,4,2,3,1,9,71.75,7.972222222222222,1.0,0.0,0.0,1,1,0,0,0,0,0,1,0,0,0,1,0,0,0.024438128369347105
2,37.0,0,0.0,36,862.5738095,10.87212857,0.0,2,4,6,2,0,38,899.5738095,23.672994986842106,0.9473684210526315,855.5063932845115,0.2248229578311627,0,1,0,0,0,0,0,1,0,0,0,1,1,0,0.4447033960518765
2,51.0,3,68.75,227,12460.67006,0.0,0.0,2,2,1,2,0,232,12580.42006,54.22594853448276,0.978448275862069,0.0,0.5104013666552887,0,1,0,0,0,0,0,0,1,0,0,1,0,0,0.20524553422272854
1,45.0,0,0.0,13,1610.916667,0.0,0.0,1,1,1,3,1,14,1655.916667,118.27976192857143,0.9285714285714286,0.0,0.0,0,0,0,0,0,0,1,0,0,0,0,0,0,0,0.024385651554708697
13,374.875,1,53.0,88,5958.071931,0.0,0.0,2,2,3,2,0,102,6385.946931,62.60732285294118,0.8627450980392157,0.0,0.22035732154333434,0,0,0,0,0,0,1,0,0,0,0,1,0,0,0.02682579378132341
1,73.0,0,0.0,12,2156.5,68.88769355,0.0,3,2,1,2,0,13,2229.5,171.5,0.9230769230769231,2524.9563047711467,0.666422311816557,0,1,0,0,0,0,0,0,1,0,0,0,1,1,0.7633860768035865
4,62.66666667,0,0.0,82,1805.277375,0.0,0.0,1,1,2,2,0,86,1867.94404167,21.720279554302326,0.9534883720930233,0.0,0.0,0,1,1,0,0,0,0,0,0,0,0,1,0,0,0.04555951193374422
8,57.83333333,1,3.0,115,8388.316083,0.0,0.8,3,2,2,6,0,124,8449.14941633,68.13830174459677,0.9274193548387096,0.0,0.4238431890416607,0,1,0,0,0,0,0,1,0,0,0,1,0,0,0.024438128369347105
0,0.0,0,0.0,6,186.0,0.0,0.0,1,1,8,3,0,6,186.0,31.0,1.0,0.0,0.0,0,1,0,0,0,0,0,1,0,0,0,1,0,0,0.024438128369347105
0,0.0,0,0.0,29,1721.125,0.0,0.6,3,2,2,13,0,29,1721.125,59.349137931034484,1.0,0.0,0.5966904680235117,0,1,0,0,0,0,0,1,0,0,0,1,0,0,0.024438128369347105
2,77.0,0,0.0,43,1607.297619,0.0,0.0,2,2,1,2,0,45,1684.297619,37.42883597777778,0.9555555555555556,0.0,0.14276738539907838,0,0,0,0,0,0,1,0,0,0,0,1,0,0,0.024385651554708697
0,0.0,0,0.0,22,876.25,0.0,0.0,2,2,2,10,0,22,876.25,39.82954545454545,1.0,0.0,0.0,0,1,1,0,0,0,0,0,0,0,0,1,0,0,0.03373776773280304
0,0.0,0,0.0,22,402.5,0.0,0.8,3,2,1,13,0,22,402.5,18.295454545454547,1.0,0.0,0.8063150666470315,0,1,0,0,0,0,0,1,0,0,0,1,0,0,0.024438128369347105
0,0.0,1,65.5,49,574.8333333,0.0,0.0,2,2,2,10,0,50,640.3333333,12.806666666000002,0.98,0.0,0.0,0,0,0,0,0,0,1,0,0,0,0,1,0,0,0.024385651554708697
5,241.35,0,0.0,5,244.7,0.0,0.0,2,2,4,1,1,10,486.04999999999995,48.605,0.5,0.0,0.3332333633233366,1,1,0,0,0,0,0,0,1,0,0,1,0,0,0.14364720034103526
0,0.0,0,0.0,25,701.8833333,0.0,0.0,2,2,1,2,0,25,701.8833333,28.075333332,1.0,0.0,0.0,0,0,0,0,0,0,0,0,0,0,1,1,0,0,0.03373776773280304
0,0.0,0,0.0,1,0.0,0.0,0.0,1,2,9,2,0,1,0.0,0.0,1.0,0.0,0.999950002499875,0,0,0,0,0,0,1,0,0,0,0,1,0,0,0.024385651554708697
0,0.0,0,0.0,42,1185.666667,0.0,0.0,2,2,1,1,0,42,1185.666667,28.230158738095238,1.0,0.0,0.0,0,0,0,0,0,0,1,0,0,0,0,1,0,0,0.024385651554708697
2,3.0,4,161.5,137,4791.460889,5.482895824,0.0,2,2,1,2,0,143,4955.960889,34.65706915384615,0.958041958041958,261.50904047681684,0.20859698568736643,0,1,0,0,0,0,0,0,1,0,0,1,1,1,0.5526549405855204
0,0.0,0,0.0,17,287.5,0.0,0.8,3,2,4,13,0,17,287.5,16.91176470588235,1.0,0.0,0.765869457452067,0,1,0,0,0,0,0,1,0,0,0,1,0,0,0.024438128369347105
1,81.0,0,0.0,12,131.5,0.0,1.0,3,2,1,4,1,13,212.5,16.346153846153847,0.9230769230769231,0.0,0.0,1,1,0,0,0,0,0,1,0,0,0,1,0,0,0.024438128369347105
7,157.5,1,23.0,42,3503.025,21.76475048,0.0,2,2,1,2,0,50,3683.525,73.6705,0.84,1195.6066475502912,0.2825134164644256,0,1,0,0,0,0,0,1,0,0,0,1,0,0,0.3466013615448794
0,0.0,0,0.0,50,3002.902778,0.0,0.0,2,2,1,2,1,50,3002.902778,60.05805556,1.0,0.0,0.15294883067908338,1,1,0,0,0,0,0,0,1,0,0,1,0,0,0.16172102437939395
0,0.0,0,0.0,5,337.25,0.0,0.0,2,2,2,10,0,5,337.25,67.45,1.0,0.0,0.0,0,0,0,0,0,0,1,0,0,0,0,1,0,0,0.024385651554708697
0,0.0,0,0.0,62,3564.590227,0.0,0.0,3,2,4,2,0,62,3564.590227,57.49339075806452,1.0,0.0,0.4211930152110437,0,0,0,0,0,0,0,0,0,0,0,1,0,0,0.0339055197689365
3,50.94615385,1,42.4,38,1323.093695,5.62486136,0.0,3,2,8,2,1,42,1416.43984885,33.724758305952385,0.9047619047619048,436.85349312391185,0.6009772711757427,1,0,0,0,0,0,0,0,0,0,1,1,0,0,0.36252766504116374
0,0.0,0,0.0,2,8.0,0.0,0.0,2,4,2,1,0,2,8.0,4.0,1.0,0.0,0.0,0,0,0,0,0,0,1,0,0,0,0,1,0,0,0.024385651554708697
1,0.0,1,34.2,69,3051.525518,0.0,0.0,2,4,9,3,0,71,3085.7255179999997,43.46092278873239,0.971830985915493,0.0,0.04211694790191223,0,0,0,0,0,0,0,0,0,1,0,1,0,0,0.04282754231043622
0,0.0,0,0.0,12,459.0833333,0.0,0.0,2,2,1,2,0,12,459.0833333,38.25694444166667,1.0,0.0,0.05375708758234463,0,1,1,0,0,0,0,0,0,0,0,1,0,0,0.03373776773280304
2,738.0,0,0.0,26,1840.666667,0.0,0.0,2,2,7,13,0,28,2578.666667,92.09523810714286,0.9285714285714286,0.0,0.1904308497976672,0,1,0,0,0,0,0,1,0,0,0,1,0,0,0.024438128369347105
1,43.0,0,0.0,38,1348.7,2.561538462,0.0,2,6,1,1,0,39,1391.7,35.684615384615384,0.9743589743589743,90.23928435597351,0.0,0,1,0,0,0,0,0,1,0,0,0,1,0,0,0.3566711584215555
1,18.2,0,0.0,22,624.76,0.0,0.0,2,2,7,3,0,23,642.96,27.954782608695655,0.9565217391304348,0.0,0.5710696044139706,0,0,0,0,0,0,0,0,0,1,0,1,0,0,0.04261759467701968
0,0.0,0,0.0,28,4446.625,0.0,0.0,2,5,1,3,0,28,4446.625,158.80803571428572,1.0,0.0,0.4391268842875463,0,1,0,0,0,0,0,0,1,0,0,1,0,0,0.15517002619935058
6,60.0,1,30.0,51,1403.841919,20.2453697,0.0,2,4,1,2,0,58,1493.841919,25.755895155172414,0.8793103448275862,2224.5436911851334,0.39956052741544834,0,1,0,0,0,0,0,1,0,0,0,1,0,0,0.41358825323805287
8,106.8333333,1,96.0,16,373.4583333,0.0,0.0,2,2,3,2,0,25,576.2916666,23.051666664,0.64,0.0,0.0,0,1,0,0,0,0,0,0,1,0,0,1,0,0,0.09985816289816696
0,0.0,0,0.0,2,54.0,0.0,0.0,1,1,1,1,0,2,54.0,27.0,1.0,0.0,0.33331111259249385,0,1,0,0,0,0,0,1,0,0,0,1,0,0,0.024438128369347105
4,38.5,1,308.0,14,582.0,0.0,0.0,2,2,2,13,1,19,928.5,48.86842105263158,0.7368421052631579,0.0,0.0,1,1,0,0,0,0,0,1,0,0,0,1,0,0,0.02579173006222376
2,59.0,0,0.0,3,82.0,0.0,0.0,1,1,6,3,0,5,141.0,28.2,0.6,0.0,0.6665555740709882,0,1,0,0,0,0,0,1,0,0,0,0,0,0,0.02841979414021608
11,286.9333333,0,0.0,119,7609.82065,0.0,0.0,2,2,3,1,0,130,7896.7539833,60.74426141,0.9153846153846154,0.0,0.20995844725492782,0,1,1,0,0,0,0,0,0,0,0,1,0,0,0.04555951193374422
7,200.5,0,0.0,66,2656.183333,2.208494444,0.0,2,2,1,1,0,73,2856.683333,39.132648397260276,0.9041095890410958,228.57349124556666,0.0958309580673967,0,1,0,0,0,0,0,1,0,0,0,1,0,0,0.19175173075445293
0,0.0,0,0.0,16,1773.25,0.0,0.0,2,2,3,13,0,16,1773.25,110.828125,1.0,0.0,0.5999177228269598,0,1,0,0,0,0,0,0,1,0,0,1,0,0,0.08683365833909686
0,0.0,0,0.0,5,99.66666667,0.0,0.6,2,2,5,4,0,5,99.66666667,19.933333334,1.0,0.0,0.0,0,1,0,0,0,0,0,1,0,0,0,1,0,0,0.024438128369347105
10,770.7388889,2,138.6666667,35,726.0388889,10.82357287,0.0,2,2,7,2,0,47,1635.4444445,34.796690308510634,0.7446808510638298,1987.8795665502187,0.0,0,1,0,0,0,0,0,0,1,0,0,1,1,1,0.5339743054528143
7,132.0,4,256.0666667,125,3674.803673,5.613708292,0.0,3,2,3,13,0,136,4062.8703397,29.874046615441177,0.9191176470588235,171.59040019503755,0.7071312567880152,0,0,0,0,0,0,0,0,0,0,0,1,0,0,0.2582550346268708
0,0.0,0,0.0,33,1324.616667,0.0,0.2,2,2,1,4,0,33,1324.616667,40.139899,1.0,0.0,0.22053795622740133,0,1,0,0,0,0,0,1,0,0,0,1,0,0,0.024438128369347105
13,246.5333333,0,0.0,26,892.0,0.0,0.0,2,6,1,3,0,39,1138.5333333,29.193162392307695,0.6666666666666666,0.0,0.0,0,0,0,0,0,0,0,0,0,0,1,1,0,0,0.09952110389357742
0,0.0,0,0.0,154,4800.574762,0.0,0.0,2,2,1,1,1,154,4800.574762,31.172563389610392,1.0,0.0,0.44015962505877315,1,0,0,0,0,0,0,0,0,1,0,1,0,0,0.04070682677972187
1,47.5,0,0.0,123,3944.384921,3.303059969,0.0,2,2,1,2,0,124,3991.884921,32.19262033064516,0.9919354838709677,192.9116882328051,0.3014396277099789,0,1,0,0,0,0,0,0,1,0,0,1,0,1,0.565524899960696
1,153.5,0,0.0,20,1002.847222,41.13433129,0.0,2,2,4,2,0,21,1156.3472219999999,55.06415342857142,0.9523809523809523,4314.574266741208,0.0,0,1,0,0,0,0,0,0,1,0,0,1,0,1,0.7703596935720686
0,0.0,0,0.0,6,203.0,0.0,0.0,4,1,2,3,0,6,203.0,33.833333333333336,1.0,0.0,0.0,0,1,0,0,0,0,0,0,1,0,0,1,0,0,0.07108816330592016
1,43.5,3,230.1666667,93,3773.715179,17.77043431,0.0,2,2,1,2,0,97,4047.3818456999998,41.72558603814433,0.9587628865979382,977.8738103674432,0.22692011450473887,0,1,0,0,0,0,0,0,1,0,0,1,1,1,0.5528896179503956
0,0.0,0,0.0,2,0.0,0.0,0.6,2,2,1,3,0,2,0.0,0.0,1.0,0.0,0.999950002499875,0,1,0,0,0,0,0,1,0,0,0,1,0,0,0.024438128369347105
1,20.0,1,35.5,35,946.5952381,0.0,0.0,2,2,1,2,0,37,1002.0952381,27.083655083783782,0.9459459459459459,0.0,0.0,0,1,0,0,0,0,0,0,1,0,0,1,0,0,0.09899930682690244
7,288.5208333,0,0.0,12,402.3958333,0.0,0.0,1,1,8,2,1,19,690.9166666,36.36403508421053,0.631578947368421,0.0,0.0,0,1,1,0,0,0,0,0,0,0,0,0,0,0,0.09430446019663719
3,19.0,0,0.0,120,3013.116917,14.18391563,0.0,2,5,1,2,0,123,3032.116917,24.651357048780486,0.975609756097561,1912.159273946756,0.2265744266319104,0,1,0,0,0,0,0,0,1,0,0,1,1,1,0.5811762841033158
0,0.0,0,0.0,20,2846.833333,0.0,0.0,2,2,3,1,0,20,2846.833333,142.34166665,1.0,0.0,0.14032134287518416,0,1,0,0,0,0,0,0,1,0,0,1,0,0,0.1493889572972503
0,0.0,0,0.0,13,454.5,0.0,0.0,3,2,4,13,0,13,454.5,34.96153846153846,1.0,0.0,0.0,0,1,0,0,0,0,0,1,0,0,0,1,0,0,0.024438128369347105
0,0.0,0,0.0,3,60.0,0.0,0.0,2,2,7,2,1,3,60.0,20.0,1.0,0.0,0.0,1,1,0,0,0,0,0,1,0,0,0,1,0,0,0.024438128369347105
0,0.0,0,0.0,4,100.25,0.0,0.0,3,2,3,20,1,4,100.25,25.0625,1.0,0.0,0.0,1,1,1,0,0,0,0,0,0,0,0,1,0,0,0.03183788113276797
0,0.0,0,0.0,7,379.5,0.0,0.0,3,2,8,1,0,7,379.5,54.214285714285715,1.0,0.0,0.6665888940737285,0,0,0,0,0,0,1,0,0,0,0,1,0,0,0.024385651554708697
0,0.0,0,0.0,9,148.3333333,0.0,0.0,3,2,6,3,0,9,148.3333333,16.481481477777777,1.0,0.0,0.6895362868470952,0,1,0,0,0,0,0,1,0,0,0,1,0,0,0.024438128369347105
3,214.6,0,0.0,59,1992.733333,13.18078221,0.0,2,2,1,2,1,62,2207.333333,35.602150532258065,0.9516129032258065,383.8116627967954,0.09393235886869869,1,0,0,0,0,0,0,0,0,0,0,1,0,0,0.3107960060914407
0,0.0,4,8.0,66,1514.83631,0.0,0.0,2,2,6,2,0,70,1522.83631,21.75480442857143,0.9428571428571428,0.0,0.5094684507552412,0,1,1,0,0,0,0,0,0,0,0,1,0,0,0.04282754231043622
4,38.30555556,0,0.0,52,1630.972222,0.0,1.0,6,5,3,2,1,56,1669.27777756,29.808531742142858,0.9285714285714286,0.0,0.46136101499423304,1,1,0,0,0,0,0,1,0,0,0,1,0,0,0.024438128369347105
0,0.0,0,0.0,13,524.0,45.4642609,0.0,2,4,9,8,1,13,524.0,40.30769230769231,1.0,2726.21986755507,0.0,0,1,0,0,0,0,0,0,1,0,0,0,1,1,0.849598918101434
9,146.3,4,137.8166667,7,197.0666667,0.0,0.0,2,5,2,2,1,20,481.18333340000004,24.059166670000003,0.35,0.0,0.0,1,0,0,0,0,1,0,0,0,0,0,1,0,0,0.09937829684465455
0,0.0,1,0.0,24,2244.666667,0.0,0.0,2,2,1,1,0,25,2244.666667,89.78666668,0.96,0.0,0.28561228132809713,0,0,0,0,0,0,1,0,0,0,0,1,0,0,0.024385651554708697
0,0.0,0,0.0,12,157.0,0.0,0.0,3,2,7,1,0,12,157.0,13.083333333333334,1.0,0.0,0.2499250149947517,0,1,0,0,0,0,0,0,1,0,0,1,0,0,0.07108816330592016
0,0.0,0,0.0,7,42.0,0.0,0.0,2,4,6,1,1,7,42.0,6.0,1.0,0.0,0.6665888940737285,1,1,1,0,0,0,0,0,0,0,0,1,0,0,0.03183788113276797
5,724.5,0,0.0,23,867.3333333,59.988,0.0,1,1,1,2,0,28,1591.8333333,56.851190475,0.8214285714285714,71717.71997235923,0.0,0,1,0,0,0,0,0,1,0,0,0,1,1,1,0.6919043286010862
0,0.0,0,0.0,29,1073.295779,0.0,0.0,1,1,1,3,1,29,1073.295779,37.01019927586207,1.0,0.0,0.7890220638507605,1,1,1,0,0,0,0,0,0,0,0,1,0,0,0.03373776773280304
0,0.0,0,0.0,8,20.2,0.0,0.0,3,2,1,1,0,8,20.2,2.525,1.0,0.0,0.5713959202331296,0,0,0,0,0,1,0,0,0,0,0,1,0,0,0.03183788113276797
5,147.4,0,0.0,12,1226.1,5.034409251,0.0,3,2,2,1,0,17,1373.5,80.79411764705883,0.7058823529411765,134.92884264075929,0.5955850122376194,0,0,0,0,0,0,0,0,0,0,1,1,1,0,0.31957243973545446
1,20.0,0,0.0,18,375.5547619,32.3171163,0.0,2,2,5,3,0,19,395.5547619,20.818671678947368,0.9473684210526315,2583.302661870504,0.0,0,1,0,0,0,0,0,0,1,0,0,1,1,1,0.8133099426505964
1,0.0,0,0.0,34,2161.979365,0.0,0.0,3,2,1,1,0,35,2161.979365,61.770839,0.9714285714285714,0.0,0.30873976577074835,0,0,0,0,0,0,1,0,0,0,0,1,0,0,0.024385651554708697
1,5.0,0,0.0,7,1252.766667,0.0,0.0,1,2,7,4,0,8,1257.766667,157.220833375,0.875,0.0,1.166122499489355,0,0,0,0,0,0,0,0,0,0,1,1,0,0,0.04277944423554746
0,0.0,0,0.0,19,696.875,0.0,0.0,1,2,4,2,0,19,696.875,36.67763157894737,1.0,0.0,0.2999145329073949,0,1,1,0,0,0,0,0,0,0,0,1,0,0,0.03373776773280304
8,212.625,3,124.5,52,968.1964286,214.3066627,0.0,2,2,1,2,0,63,1305.3214286,20.719387755555555,0.8253968253968254,41352.671303373296,0.0,0,1,0,0,0,0,0,0,1,0,0,1,1,1,0.5836042205747292
7,54.63636364,1,75.0,67,1336.554221,4.148878378,0.0,2,2,7,4,0,75,1466.19058464,19.5492077952,0.8933333333333333,151.76605883962247,0.0,0,1,0,0,0,0,0,1,0,0,0,1,0,0,0.15424192843292506
0,0.0,0,0.0,1,67.0,0.0,0.0,3,3,1,3,0,1,67.0,67.0,1.0,0.0,0.7499437560931524,0,0,0,0,0,0,1,0,0,0,0,1,0,0,0.024385651554708697
5,74.25,2,84.0,37,1599.083333,0.0,0.0,2,2,4,1,0,44,1757.333333,39.93939393181818,0.8409090909090909,0.0,0.0,0,0,0,0,0,0,1,0,0,0,0,1,0,0,0.02682579378132341
0,0.0,0,0.0,13,266.8,0.0,0.0,2,5,7,4,0,13,266.8,20.523076923076925,1.0,0.0,0.0,0,0,0,0,1,0,0,0,0,0,0,1,0,0,0.03373776773280304
3,26.0,0,0.0,85,768.5,0.0,0.0,2,5,4,4,0,88,794.5,9.028409090909092,0.9659090909090909,0.0,0.0,0,1,0,0,0,0,0,1,0,0,0,1,0,0,0.024438128369347105
0,0.0,0,0.0,2,0.0,0.0,0.0,1,8,3,1,1,2,0.0,0.0,1.0,0.0,0.999950002499875,1,1,0,0,0,0,0,0,1,0,0,1,0,0,0.06137252587406211
2,17.0,0,0.0,30,1448.928571,0.0,0.0,3,2,1,13,0,32,1465.928571,45.81026784375,0.9375,0.0,0.6267724888370244,0,1,1,0,0,0,0,0,0,0,0,1,0,0,0.04261759467701968
0,0.0,0,0.0,1,0.0,0.0,0.0,1,1,3,2,0,1,0.0,0.0,1.0,0.0,0.999950002499875,0,0,0,0,0,1,0,0,0,0,0,1,0,0,0.03183788113276797
14,295.2,3,56.9,80,1242.063095,0.0,0.0,2,2,3,1,0,97,1594.1630949999999,16.434671082474225,0.8247422680412371,0.0,0.21940625680145617,0,0,0,0,0,0,0,0,0,1,0,1,0,0,0.09065044077752973
1,492.1666667,0,0.0,63,4518.297619,8.137274079,0.0,2,2,2,1,0,64,5010.4642857,78.2885044640625,0.984375,204.5985496294432,0.3192809849063051,0,1,0,0,0,0,0,0,1,0,0,1,1,1,0.5104905127453206
4,85.6,0,0.0,1,5.0,0.0,0.0,2,4,1,5,0,5,90.6,18.119999999999997,0.2,0.0,0.0,0,0,0,0,0,0,0,0,0,0,1,0,1,0,0.17328148386794823
0,0.0,0,0.0,9,771.5,0.0,0.0,1,1,6,1,0,9,771.5,85.72222222222223,1.0,0.0,0.4998875253056814,0,0,0,0,0,0,1,0,0,0,0,1,0,0,0.024385651554708697
0,0.0,0,0.0,6,243.0,0.0,0.0,2,4,4,1,0,6,243.0,40.5,1.0,0.0,0.0,0,0,0,1,0,0,0,0,0,0,0,1,0,0,0.03373776773280304
4,68.66666667,0,0.0,14,617.15,9.253161679,0.0,1,1,6,5,0,18,685.81666667,38.10092592611111,0.7777777777777778,2077.287688205307,0.0,0,0,0,0,0,0,0,0,0,0,1,0,1,1,0.7682189125692016
1,7.0,0,0.0,14,183.3333333,0.0,0.0,2,2,3,10,0,15,190.3333333,12.688888886666666,0.9333333333333333,0.0,0.0,0,0,0,0,0,0,1,0,0,0,0,1,0,0,0.024385651554708697
4,68.5,0,0.0,152,5426.823764,0.0,0.0,2,2,4,10,0,156,5495.323764,35.22643438461538,0.9743589743589743,0.0,0.27861755602036,0,1,0,0,0,0,0,0,1,0,0,1,0,0,0.21345073437256953
0,0.0,0,0.0,25,317.5,0.0,0.0,2,2,5,6,0,25,317.5,12.7,1.0,0.0,0.3911818963271587,0,1,0,0,0,0,0,1,0,0,0,1,0,0,0.024438128369347105
11,202.4254386,5,1767.666667,338,13265.35595,1.114150182,0.0,2,2,3,2,0,354,15235.4480556,43.03798885762712,0.9548022598870056,59.057132193762065,0.39862685763048605,0,1,0,0,0,0,0,0,1,0,0,1,1,1,0.5394276750678645
0,0.0,5,14.0,31,750.5904762,0.0,0.0,2,2,1,2,0,36,764.5904762,21.23862433888889,0.8611111111111112,0.0,0.20037526301358657,0,0,0,0,0,0,1,0,0,0,0,1,0,0,0.02682579378132341
0,0.0,0,0.0,102,4509.0,0.0,0.0,2,2,7,1,0,102,4509.0,44.205882352941174,1.0,0.0,0.31214612550116094,0,1,0,0,0,0,0,0,1,0,0,1,0,0,0.1999984080597093
6,34.4,0,0.0,44,1820.566667,15.184125,0.6,2,2,4,6,0,50,1854.9666670000001,37.09933334,0.88,273.26506010306093,0.5249055188073705,0,1,0,0,0,0,0,1,0,0,0,1,0,0,0.2173797988534878
3,57.0,0,0.0,15,486.5166667,0.0,0.0,2,2,5,6,0,18,543.5166667,30.19537037222222,0.8333333333333334,0.0,0.0,0,0,0,0,0,0,1,0,0,0,0,1,0,0,0.02682579378132341
0,0.0,0,0.0,38,314.8333333,0.0,0.6,2,2,1,3,0,38,314.8333333,8.285087718421053,1.0,0.0,0.3332278217441056,0,1,0,0,0,0,0,1,0,0,0,1,0,0,0.024438128369347105
1,5.5,0,0.0,22,339.25,0.0,0.0,2,2,2,3,0,23,344.75,14.98913043478261,0.9565217391304348,0.0,0.0,0,0,0,0,0,0,1,0,0,0,0,1,0,0,0.024385651554708697
0,0.0,0,0.0,7,63.0,0.0,0.6,2,2,1,3,0,7,63.0,9.0,1.0,0.0,0.3999440162373909,0,0,0,1,0,0,0,0,0,0,0,1,0,0,0.03183788113276797
1,0.0,0,0.0,59,2334.105159,0.0,0.0,2,2,3,3,0,60,2334.105159,38.901752650000006,0.9833333333333333,0.0,0.4377000174143325,0,1,1,0,0,0,0,0,0,0,0,1,0,0,0.047964534248318175
5,68.66666667,0,0.0,11,126.5,0.0,0.0,2,2,4,2,0,16,195.16666666999998,12.197916666874999,0.6875,0.0,0.4791142822443188,0,1,0,0,0,0,0,1,0,0,0,1,0,0,0.025811145167664636
4,159.0,2,27.75,33,821.6825397,0.0,0.0,2,2,1,2,0,39,1008.4325397,25.85724460769231,0.8461538461538461,0.0,0.03189532152278505,0,1,1,0,0,0,0,0,0,0,0,1,1,0,0.07608453149984565
3,18.0,0,0.0,14,411.5,0.0,0.0,2,2,8,2,0,17,429.5,25.264705882352942,0.8235294117647058,0.0,0.0,0,0,0,0,0,0,1,0,0,0,0,1,0,0,0.02682579378132341
0,0.0,1,242.8,73,1860.95,0.0,0.0,2,2,1,2,0,74,2103.75,28.429054054054053,0.9864864864864865,0.0,0.27667490043392995,0,0,0,0,0,1,0,0,0,0,0,1,0,0,0.047964534248318175
0,0.0,0,0.0,19,380.9464286,0.0,0.0,3,2,4,2,0,19,380.9464286,20.04981203157895,1.0,0.0,0.0,0,1,0,0,0,0,0,0,1,0,0,1,1,0,0.08723024627843734
4,63.0,0,0.0,5,95.5,0.0,0.0,3,2,1,9,1,9,158.5,17.61111111111111,0.5555555555555556,0.0,0.0,0,0,0,0,0,0,1,0,0,0,0,0,0,0,0.03089449705975995
0,0.0,0,0.0,13,152.3333333,0.0,0.8,2,2,4,3,0,13,152.3333333,11.717948715384615,1.0,0.0,0.6047853903065014,0,1,0,0,0,0,0,1,0,0,0,1,0,0,0.024438128369347105
3,63.0,0,0.0,13,400.3333333,0.0,0.0,4,1,3,1,0,16,463.3333333,28.95833333125,0.8125,0.0,0.6665222607319157,0,0,0,0,0,0,1,0,0,0,0,1,0,0,0.02682579378132341
0,0.0,0,0.0,2,0.0,0.0,0.0,1,1,1,3,0,2,0.0,0.0,1.0,0.0,0.999950002499875,0,1,0,0,0,0,0,1,0,0,0,1,0,0,0.024438128369347105
0,0.0,0,0.0,19,517.0,0.0,0.0,4,1,7,1,1,19,517.0,27.210526315789473,1.0,0.0,0.39984807292955216,1,1,1,0,0,0,0,0,0,0,0,1,0,0,0.03373776773280304
0,0.0,1,1729.0,19,1401.083333,0.0,0.0,2,2,1,3,0,20,3130.083333,156.50416665,0.95,0.0,0.3999200159968006,0,1,1,0,0,0,0,0,0,0,0,1,0,0,0.04261759467701968
0,0.0,0,0.0,10,229.25,0.0,0.0,1,1,6,2,0,10,229.25,22.925,1.0,0.0,0.0,0,0,0,0,0,0,1,0,0,0,0,1,0,0,0.024385651554708697
1,69.0,0,0.0,8,423.0,28.05094335,0.0,2,4,1,8,0,9,492.0,54.666666666666664,0.8888888888888888,1121.5890983606557,0.0,0,0,0,0,0,0,1,0,0,0,0,0,1,1,0.7964258371194499
3,96.0,0,0.0,6,384.0,0.0,0.0,3,2,1,2,0,9,480.0,53.333333333333336,0.6666666666666666,0.0,0.0,0,0,0,0,0,0,1,0,0,0,0,0,0,0,0.027559445376056948
0,0.0,1,16.0,8,308.0,35.091,0.0,2,4,1,2,0,9,324.0,36.0,0.8888888888888888,1403.0787684926029,0.0,0,1,0,0,0,0,0,1,0,0,0,1,1,1,0.8109143018257069
9,299.45,2,48.3,54,2802.367821,16.96885494,0.0,3,2,7,1,0,65,3150.117821,48.46335109230769,0.8307692307692308,666.6818427889565,0.3649894472897436,0,0,0,0,0,0,0,0,0,0,0,1,0,0,0.28459584467613147
0,0.0,0,0.0,30,986.5,0.0,0.0,2,4,3,3,0,30,986.5,32.88333333333333,1.0,0.0,0.28559190754807806,0,1,0,0,0,0,0,1,0,0,0,1,0,0,0.024438128369347105
5,72.5,0,0.0,55,936.1333333,23.27552205,0.0,2,2,1,2,0,60,1008.6333333,16.810555555,0.9166666666666666,1149.5166360094615,0.1763834573079591,0,1,0,0,0,0,0,0,1,0,0,1,1,1,0.5856524638878629
6,95.6,0,0.0,12,582.7333333,21.32413414,0.0,2,2,8,7,0,18,678.3333333,37.68518518333334,0.6666666666666666,596.9086167320461,0.3998880201552523,0,0,0,0,0,0,0,0,0,0,1,1,0,0,0.45318007458194515
1,63.5,0,0.0,7,58.9,0.0,0.0,1,1,2,2,0,8,122.4,15.3,0.875,0.0,0.0,0,1,1,0,0,0,0,0,0,0,0,0,0,0,0.039308967277681094
5,145.8833333,0,0.0,9,112.0833333,2.001640344,0.0,3,2,4,1,0,14,257.9666666,18.426190471428573,0.6428571428571429,46.3909081585839,0.5453281326934935,0,0,0,0,1,0,0,0,0,0,0,1,0,0,0.1669194923818141
0,0.0,0,0.0,4,95.0,0.0,0.0,8,13,9,20,0,4,95.0,23.75,1.0,0.0,0.0,0,1,1,0,0,0,0,0,0,0,0,0,0,0,0.03183788113276797
9,177.2,0,0.0,34,817.4333333,0.0,0.0,2,2,3,2,0,43,994.6333333,23.13100775116279,0.7906976744186046,0.0,0.0,0,1,0,0,0,0,0,0,1,0,0,1,0,0,0.08932222455869944
0,0.0,0,0.0,5,41.66666667,0.0,0.0,2,2,4,2,0,5,41.66666667,8.333333333999999,1.0,0.0,0.0,0,1,1,0,0,0,0,0,0,0,0,0,0,0,0.03183788113276797
5,224.8,0,0.0,30,974.9,25.11150884,0.0,2,2,4,4,0,35,1199.7,34.277142857142856,0.8571428571428571,1784.4383613430448,0.4441286196482502,0,1,0,0,0,0,0,0,1,0,0,1,0,1,0.5170688024445019
5,110.3,1,21.8,78,3621.606667,18.78186098,0.0,2,4,4,1,0,84,3753.706667,44.68698413095238,0.9285714285714286,3112.622169087135,0.0,0,0,0,0,1,0,0,0,0,0,0,1,0,0,0.4911681267089494
2,49.5,0,0.0,260,8555.765985,0.0,0.0,1,2,1,2,0,262,8605.265985,32.84452666030534,0.9923664122137404,0.0,0.31151657768023544,0,1,0,0,0,0,0,0,1,0,0,1,1,0,0.2389394714273252
0,0.0,1,232.0,16,343.2,0.0,0.4,2,2,1,2,0,17,575.2,33.83529411764706,0.9411764705882353,0.0,0.0,0,1,0,0,0,0,0,1,0,0,0,1,0,0,0.024438128369347105
0,0.0,0,0.0,11,194.0,0.0,0.0,2,2,6,1,0,11,194.0,17.636363636363637,1.0,0.0,0.0,0,0,0,0,0,0,1,0,0,0,0,1,0,0,0.024385651554708697
5,85.16666667,1,8.0,95,3715.777564,0.0,0.0,2,4,4,1,0,101,3808.94423067,37.71231911554455,0.9405940594059405,0.0,0.8515542092415249,0,0,0,0,1,0,0,0,0,0,0,1,0,0,0.039972594679212124
7,96.6,0,0.0,9,230.62,71.23156574,0.0,3,2,1,1,0,16,327.22,20.45125,0.5625,2492.232482147761,0.9996501224623864,0,1,0,0,0,0,0,0,1,0,0,1,0,1,0.666388434131324
0,0.0,0,0.0,12,1484.0,0.0,0.0,2,2,7,1,0,12,1484.0,123.66666666666667,1.0,0.0,0.0,0,0,0,0,0,0,1,0,0,0,0,1,0,0,0.024385651554708697
0,0.0,0,0.0,7,58.0,0.0,0.0,2,2,1,4,0,7,58.0,8.285714285714286,1.0,0.0,0.49991252405807113,0,1,0,0,0,0,0,1,0,0,0,1,0,0,0.024438128369347105
0,0.0,0,0.0,38,1372.0,0.0,0.0,2,2,1,2,0,38,1372.0,36.10526315789474,1.0,0.0,0.28556332244857724,0,0,0,0,0,0,1,0,0,0,0,1,0,0,0.024385651554708697
2,119.8,1,22.2,15,643.5,0.0,0.0,3,2,1,5,1,18,785.5,43.638888888888886,0.8333333333333334,0.0,0.0,1,0,0,0,0,0,0,0,0,0,1,1,0,0,0.0803827538725416
1,49.5,0,0.0,9,350.25,0.0,0.0,2,2,1,7,1,10,399.75,39.975,0.9,0.0,0.0,0,1,1,0,0,0,0,0,0,0,0,0,0,0,0.03813520076792076
0,0.0,0,0.0,14,862.7916667,0.0,0.0,1,1,1,10,0,14,862.7916667,61.62797619285714,1.0,0.0,0.7139287356321838,0,1,0,0,0,0,0,0,1,0,0,1,0,0,0.08091811713940138
1,0.0,2,11.0,50,1799.666667,0.0,0.0,1,1,1,3,0,53,1810.666667,34.16352201886792,0.9433962264150944,0.0,0.6794548212231911,0,1,1,0,0,0,0,0,0,0,0,1,0,0,0.04261759467701968
3,59.5,0,0.0,2,13.1,0.0,0.0,1,1,4,5,0,5,72.6,14.52,0.4,0.0,0.0,0,0,0,0,0,0,0,0,0,0,1,0,0,0,0.17328148386794823
0,0.0,0,0.0,3,17.0,0.0,0.0,1,1,1,3,0,3,17.0,5.666666666666667,1.0,0.0,0.0,0,0,0,0,0,0,1,0,0,0,0,1,0,0,0.024385651554708697
2,14.0,0,0.0,8,57.0,0.0,0.0,1,2,4,8,0,10,71.0,7.1,0.8,0.0,0.0,0,0,0,0,0,0,1,0,0,0,0,0,0,0,0.03007480982577439
2,140.1666667,4,244.3,14,307.4435055,0.0,0.0,3,2,1,1,0,20,691.9101722,34.59550861,0.7,0.0,0.659338172259085,0,0,0,0,0,0,0,0,0,0,1,1,0,0,0.09148586902395077
9,779.3556619,4,163.6666667,75,13430.97606,16.16333333,0.0,2,2,2,13,0,88,14373.9983886,163.34089077954548,0.8522727272727273,504.66966175465615,0.09183268492804836,0,1,0,0,0,0,0,1,0,0,0,1,1,0,0.21414115034779158
2,110.8,0,0.0,6,85.76666667,59.57182786,0.0,1,1,1,4,0,8,196.56666667000002,24.570833333750002,0.75,2084.284444280235,0.0,0,0,0,0,0,0,0,0,0,0,0,1,1,1,0.7821031366683179
0,0.0,0,0.0,5,186.5,0.0,0.0,2,2,1,2,0,5,186.5,37.3,1.0,0.0,0.0,0,1,0,0,0,0,0,0,1,0,0,1,0,0,0.07108816330592016
2,21.0,0,0.0,9,84.1,0.0,0.0,2,2,3,2,0,11,105.1,9.554545454545455,0.8181818181818182,0.0,0.0,0,0,0,0,0,0,0,0,0,1,0,0,0,0,0.09823793171578807
0,0.0,0,0.0,6,81.75,0.0,0.0,2,2,1,3,0,6,81.75,13.625,1.0,0.0,0.0,0,1,0,0,0,0,0,0,1,0,0,1,1,0,0.06723129767552383
0,0.0,0,0.0,11,547.5,0.0,1.0,3,3,3,1,1,11,547.5,49.77272727272727,1.0,0.0,0.7343971063284926,1,1,0,0,0,0,0,1,0,0,0,1,0,0,0.024438128369347105
0,0.0,0,0.0,22,1664.0,0.0,0.0,1,1,1,2,0,22,1664.0,75.63636363636364,1.0,0.0,0.9342912962171276,0,1,0,0,0,0,0,0,1,0,0,1,1,0,0.09341377303321016
1,18.2,0,0.0,58,2007.206667,0.0,0.0,4,2,8,1,0,59,2025.406667,34.328926559322035,0.9830508474576272,0.0,0.12626953803365804,0,0,0,0,1,0,0,0,0,0,0,1,0,0,0.04282754231043622
0,0.0,0,0.0,10,357.5555556,0.0,0.0,1,8,3,11,0,10,357.5555556,35.75555556,1.0,0.0,0.0,0,1,1,0,0,0,0,0,0,0,0,0,0,0,0.03373776773280304
5,179.875,0,0.0,47,1011.319444,3.322660364,0.0,3,2,2,1,0,52,1191.194444,22.90758546153846,0.9038461538461539,71.06650965272964,0.41938110163964604,0,1,0,0,0,0,0,0,1,0,0,1,1,0,0.4335575614695684
0,0.0,0,0.0,3,98.0,0.0,0.0,4,1,6,2,0,3,98.0,32.666666666666664,1.0,0.0,0.0,0,1,0,0,0,0,0,0,1,0,0,1,0,0,0.06723129767552383
2,58.4,0,0.0,24,589.8,1.696968944,0.0,2,2,1,1,1,26,648.1999999999999,24.93076923076923,0.9230769230769231,30.204399492798867,0.57132684997768,1,0,0,0,0,0,0,0,0,0,1,1,0,0,0.10026513288892513
2,144.5,0,0.0,7,416.5,0.0,0.0,3,2,3,8,1,9,561.0,62.333333333333336,0.7777777777777778,0.0,1.428112383262924,1,1,0,0,0,0,0,0,1,0,0,1,0,0,0.07229236122883757
9,726.3666667,0,0.0,80,4322.779121,8.069027652,0.0,2,2,2,2,0,89,5049.145787699999,56.73197514269662,0.898876404494382,491.884911395183,0.1385445889187591,0,1,0,0,0,0,0,1,0,0,0,1,1,0,0.1893291475954675
0,0.0,0,0.0,4,1623.666667,0.0,0.0,1,1,1,3,0,4,1623.666667,405.91666675,1.0,0.0,0.9466783422400262,0,0,0,0,0,0,0,0,0,0,0,1,0,0,0.03373776773280304
0,0.0,0,0.0,13,252.0,0.0,0.0,2,2,8,3,0,13,252.0,19.384615384615383,1.0,0.0,0.0,0,1,0,0,0,0,0,1,0,0,0,1,0,0,0.024438128369347105
0,0.0,0,0.0,24,1476.021429,0.0,0.0,2,2,8,2,0,24,1476.021429,61.500892875,1.0,0.0,0.5348124608581895,0,0,0,0,0,0,0,0,0,0,1,1,0,0,0.03373776773280304
1,0.0,0,0.0,1,74.6,0.0,0.0,3,2,1,4,0,2,74.6,37.3,0.5,0.0,0.9999000099990001,0,0,0,0,0,0,0,0,0,1,0,1,0,0,0.12737902072115947
2,22.2,0,0.0,18,470.8966667,0.0,0.0,2,2,2,4,0,20,493.0966667,24.654833335,0.9,0.0,0.0,0,1,0,0,0,0,0,0,1,0,0,0,0,0,0.09899930682690244
0,0.0,0,0.0,31,502.9666667,0.0,0.0,2,2,2,1,0,31,502.9666667,16.22473118387097,1.0,0.0,0.28565104073848674,0,0,0,0,0,0,0,0,0,1,0,1,0,0,0.03373776773280304
0,0.0,2,11.0,1,0.0,0.0,0.0,1,1,1,2,0,3,11.0,3.6666666666666665,0.3333333333333333,0.0,0.4999625065619141,0,1,0,0,0,0,0,0,1,0,0,1,0,0,0.2318887726176676
6,32.06666667,0,0.0,41,1921.10307,5.290262526,0.0,2,2,3,1,0,47,1953.1697366699998,41.55680290787234,0.8723404255319149,160.32238310032585,0.42651741241968294,0,0,0,0,1,0,0,0,0,0,0,1,0,0,0.2585223621883795
4,65.4,0,0.0,23,1954.4,15.13596148,0.0,2,2,3,2,0,27,2019.8000000000002,74.80740740740741,0.8518518518518519,2266.993618222985,0.0,0,0,0,0,0,0,0,0,0,0,0,1,0,1,0.6548561211937346
0,0.0,0,0.0,12,666.0,0.0,0.0,2,4,8,2,0,12,666.0,55.5,1.0,0.0,0.0,0,1,0,0,0,0,0,1,0,0,0,1,0,0,0.024438128369347105
2,114.0,0,0.0,24,368.3333333,0.0,0.4,3,2,4,3,0,26,482.3333333,18.55128205,0.9230769230769231,0.0,0.8101143057735306,0,1,0,0,0,0,0,1,0,0,0,1,0,0,0.024438128369347105
2,75.0,0,0.0,29,1279.089286,35.60912359,0.0,2,2,3,11,0,31,1354.089286,43.68029954838709,0.9354838709677419,2511.8120916573694,0.23512811579759896,0,1,0,0,0,0,0,0,1,0,0,1,1,1,0.5816280452021857
0,0.0,0,0.0,8,372.8333333,0.0,0.0,1,1,1,1,0,8,372.8333333,46.6041666625,1.0,0.0,0.0,0,0,0,0,0,0,1,0,0,0,0,1,0,0,0.024385651554708697
2,152.0,0,0.0,13,241.5833333,0.0,0.0,1,1,1,2,0,15,393.5833333,26.238888886666665,0.8666666666666667,0.0,0.9992505620597193,0,0,0,0,0,0,0,0,0,0,1,0,0,0,0.0803827538725416
9,145.7708333,8,408.5,139,6566.867562,67.39709637,0.0,2,2,3,2,1,156,7121.1383953,45.64832304679487,0.8910256410256411,4336.724233906215,0.22375913027559655,1,1,0,0,0,0,0,0,1,0,0,1,0,1,0.5863487313646548
2,128.8,2,49.3,13,700.55,0.0,0.0,2,2,6,2,0,17,878.65,51.68529411764706,0.7647058823529411,0.0,0.0,0,0,0,0,1,0,0,0,0,0,0,0,0,0,0.08499502382979912
0,0.0,0,0.0,9,250.2,0.0,0.0,2,2,4,1,0,9,250.2,27.799999999999997,1.0,0.0,0.6664667266466732,0,0,0,0,0,1,0,0,0,0,0,1,0,0,0.03373776773280304
0,0.0,0,0.0,40,2426.266667,0.0,0.0,2,2,2,11,0,40,2426.266667,60.656666675,1.0,0.0,0.21229695336477283,0,1,0,0,0,0,0,0,1,0,0,1,0,0,0.1488994535316318
3,231.0,0,0.0,16,386.4444444,0.0,0.2,1,1,1,3,0,19,617.4444444000001,32.497076021052635,0.8421052631578947,0.0,0.0,0,1,0,0,0,0,0,1,0,0,0,1,0,0,0.02579173006222376
0,0.0,0,0.0,13,472.4333333,0.0,0.0,2,2,3,2,0,13,472.4333333,36.34102563846154,1.0,0.0,0.0,0,0,0,0,1,0,0,0,0,0,0,1,0,0,0.03373776773280304
2,26.0,1,6.0,103,3400.248897,0.0,0.0,3,2,9,13,1,106,3432.248897,32.3797065754717,0.9716981132075472,0.0,0.5737328938057238,1,1,0,0,0,0,0,0,1,0,0,1,0,0,0.23433203535861813
2,81.6,1,0.0,32,2230.600476,0.0,0.0,2,2,9,1,0,35,2312.200476,66.06287074285714,0.9142857142857143,0.0,0.5403068943159716,0,0,0,0,1,0,0,0,0,0,0,1,0,0,0.0377923968970553
3,335.0,0,0.0,6,1615.0,0.0,0.8,3,3,1,4,0,9,1950.0,216.66666666666666,0.6666666666666666,0.0,0.0,0,1,0,0,0,0,0,1,0,0,0,1,0,0,0.025811145167664636
0,0.0,0,0.0,14,169.9166667,0.0,0.0,2,2,4,2,0,14,169.9166667,12.136904764285715,1.0,0.0,0.0,0,1,0,0,0,0,0,0,1,0,0,1,1,0,0.08091811713940138
0,0.0,0,0.0,16,507.8333333,0.0,0.0,2,4,1,4,0,16,507.8333333,31.73958333125,1.0,0.0,0.0,0,1,0,0,0,0,0,1,0,0,0,1,0,0,0.024438128369347105
4,114.3333333,0,0.0,55,1247.357143,0.0,0.0,3,2,3,4,1,59,1361.6904763,23.079499598305084,0.9322033898305084,0.0,0.17630564658884315,1,1,0,0,0,0,0,1,0,0,0,1,0,0,0.024438128369347105
5,194.2857143,4,162.75,98,5325.234886,56.1773806,0.0,2,2,1,10,1,107,5682.2706003,53.10533271308412,0.9158878504672897,4453.43016124341,0.15393097749263998,1,1,0,0,0,0,0,0,1,0,0,1,1,1,0.6045940648191558
0,0.0,0,0.0,4,87.875,0.0,0.0,1,1,4,10,1,4,87.875,21.96875,1.0,0.0,0.0,1,1,0,0,0,0,0,0,1,0,0,1,1,0,0.06746516550394657
0,0.0,0,0.0,18,490.3,0.0,0.0,2,2,1,13,0,18,490.3,27.23888888888889,1.0,0.0,0.49977510120221,0,0,0,0,0,0,0,0,0,0,1,1,0,0,0.03373776773280304
0,0.0,0,0.0,81,2071.0,0.0,0.6,1,8,3,2,0,81,2071.0,25.567901234567902,1.0,0.0,0.4876122107970878,0,1,0,0,0,0,0,1,0,0,0,1,0,0,0.024438128369347105
2,75.05,0,0.0,106,4143.175238,4.484328486,0.0,3,2,1,1,0,108,4218.225238,39.05764109259259,0.9814814814814815,114.93442082446846,0.5052114738388284,0,0,0,0,0,0,0,0,0,0,0,1,0,0,0.34721537698091026
10,2407.42381,3,434.3,486,23050.10414,0.0,0.0,2,2,1,3,0,499,25891.82795,51.88743076152304,0.9739478957915831,0.0,0.02875325409199098,0,0,0,0,1,0,0,0,0,0,0,1,0,0,0.04555951193374422
0,0.0,0,0.0,5,43.0,0.0,0.0,1,1,1,9,1,5,43.0,8.6,1.0,0.0,0.0,1,0,0,0,0,0,1,0,0,0,0,1,0,0,0.024385651554708697
2,38.04,0,0.0,8,886.57,0.0,0.0,1,1,1,2,0,10,924.61,92.461,0.8,0.0,0.0,0,1,0,0,0,0,0,0,1,0,0,1,0,0,0.08204427136751852
4,57.0,1,0.0,19,479.8666667,0.0,0.0,4,2,1,2,0,24,536.8666667,22.369444445833334,0.7916666666666666,0.0,0.0,0,0,0,0,0,0,1,0,0,0,0,1,0,0,0.02682579378132341
10,815.7666667,3,618.0,129,6657.151362,0.0,0.4,2,2,2,2,0,142,8090.9180287,56.97829597676056,0.9084507042253521,0.0,0.4937378635463965,0,1,0,0,0,0,0,1,0,0,0,1,0,0,0.024438128369347105
1,82.0,0,0.0,62,1243.17619,0.0,0.0,1,1,6,2,0,63,1325.17619,21.034542698412697,0.9841269841269841,0.0,0.6550718825105014,0,1,1,0,0,0,0,0,0,0,0,1,0,0,0.03797951707048736
5,41.0,1,9.307692308,49,1042.416667,0.0,0.6,2,2,6,3,0,55,1092.724359308,19.867715623781816,0.8909090909090909,0.0,0.4714304504156524,0,1,0,0,0,0,0,1,0,0,0,1,0,0,0.024438128369347105
7,123.5,0,0.0,27,477.5,0.0,0.0,2,2,9,4,0,34,601.0,17.676470588235293,0.7941176470588235,0.0,0.41631973355537055,0,1,0,0,0,0,0,1,0,0,0,1,0,0,0.02579173006222376
0,0.0,1,29.5,7,103.5208333,0.0,0.0,3,2,8,1,1,8,133.0208333,16.6276041625,0.875,0.0,0.0,1,1,0,0,0,0,0,0,1,0,0,1,0,0,0.08516101031712843
0,0.0,0,0.0,3,15.0,0.0,0.0,2,4,3,12,0,3,15.0,5.0,1.0,0.0,0.0,0,0,0,0,0,0,1,0,0,0,0,1,0,0,0.024385651554708697
6,615.25,0,0.0,68,2524.719048,0.0,0.0,1,2,6,1,0,74,3139.969048,42.43201416216216,0.918918918918919,0.0,0.0,0,0,0,0,0,0,1,0,0,0,0,1,0,0,0.024385651554708697
0,0.0,0,0.0,7,205.5,0.0,0.0,3,2,9,13,0,7,205.5,29.357142857142858,1.0,0.0,0.0,0,1,0,0,0,0,0,0,1,0,0,1,0,0,0.07108816330592016
0,0.0,0,0.0,1,0.0,0.0,0.0,3,3,3,2,1,1,0.0,0.0,1.0,0.0,0.999950002499875,1,0,0,1,0,0,0,0,0,0,0,1,0,0,0.03183788113276797
6,77.75,0,0.0,18,941.9166667,0.0,0.0,2,2,1,2,0,24,1019.6666667,42.4861111125,0.75,0.0,0.0,0,1,0,0,0,0,0,0,1,0,0,0,0,0,0.08932222455869944
2,59.5,0,0.0,3,67.66666667,0.0,0.0,3,2,8,2,0,5,127.16666667,25.433333334,0.6,0.0,0.0,0,1,0,0,0,0,0,0,1,0,0,0,0,0,0.08401948911657865
0,0.0,0,0.0,1,0.0,0.0,0.0,2,2,2,3,0,1,0.0,0.0,1.0,0.0,0.999950002499875,0,0,0,1,0,0,0,0,0,0,0,1,0,0,0.03183788113276797
0,0.0,0,0.0,3,62.4,23.79060609,0.0,1,1,8,3,0,3,62.4,20.8,1.0,475.7169784043191,0.0,0,0,0,0,0,0,0,0,0,0,0,0,1,1,0.7744418933255283
1,19.0,1,11.0,11,66.83333333,0.0,0.0,2,2,1,8,0,13,96.83333333,7.448717948461539,0.8461538461538461,0.0,0.0,0,1,0,0,0,0,0,0,1,0,0,0,0,0,0.07781486101943967
2,47.5,0,0.0,50,1870.791667,0.0,0.0,2,2,6,1,0,52,1918.291667,36.89022436538461,0.9615384615384616,0.0,0.10990188247990225,0,1,1,0,0,0,0,0,0,0,0,1,0,0,0.03813520076792076
16,445.35,0,0.0,103,2091.037588,7.224419132,0.0,3,2,1,2,1,119,2536.387588,21.314181411764707,0.865546218487395,256.40507479396155,0.2801956245862585,1,0,0,0,0,0,0,0,0,1,0,1,0,0,0.2246876413085618
2,107.3333333,0,0.0,8,224.0,0.0,0.0,1,2,7,2,1,10,331.3333333,33.13333333,0.8,0.0,0.0,1,0,0,0,0,0,1,0,0,0,0,1,0,0,0.02682579378132341
1,27.33333333,0,0.0,3,20.0,0.0,0.0,1,1,4,8,0,4,47.33333333,11.8333333325,0.75,0.0,0.33329445286951703,0,1,0,0,0,0,0,0,1,0,0,1,0,0,0.1047899037691628
0,0.0,0,0.0,14,654.875,0.0,0.0,2,2,1,13,0,14,654.875,46.776785714285715,1.0,0.0,0.6665111551754218,0,1,0,0,0,0,0,0,1,0,0,1,0,0,0.08091811713940138
0,0.0,0,0.0,3,0.0,0.0,0.0,3,2,1,11,0,3,0.0,0.0,1.0,0.0,0.999950002499875,0,1,0,0,0,0,0,0,1,0,0,1,1,0,0.061158393045808314
0,0.0,0,0.0,36,631.3068627,0.0,0.8,2,2,3,6,0,36,631.3068627,17.536301741666666,1.0,0.0,0.441292357715595,0,1,0,0,0,0,0,1,0,0,0,1,0,0,0.024438128369347105
4,31.70833333,1,4.0,51,946.3934211,10.37175846,0.0,1,1,3,2,0,56,982.1017544299999,17.537531329107143,0.9107142857142857,291.0124894739801,0.6326840786647635,0,1,0,0,0,0,0,0,1,0,0,1,0,0,0.4861066353677637
2,36.5,0,0.0,32,770.375,0.0,0.0,2,2,3,2,0,34,806.875,23.731617647058822,0.9411764705882353,0.0,0.0,0,1,1,0,0,0,0,0,0,0,0,1,0,0,0.04261759467701968
1,0.0,0,0.0,23,975.75,16.197,0.0,2,2,6,6,1,24,975.75,40.65625,0.9583333333333334,321.92455910526553,0.0,1,1,0,0,0,0,0,1,0,0,0,1,0,1,0.5786424019697394
0,0.0,1,30.5,14,327.0,0.0,0.0,1,1,4,3,0,15,357.5,23.833333333333332,0.9333333333333333,0.0,0.4998125515455135,0,1,0,0,0,0,0,0,1,0,0,1,0,0,0.09150922556293052
4,229.25,0,0.0,8,372.25,0.0,0.0,1,2,1,8,0,12,601.5,50.125,0.6666666666666666,0.0,2.3308857634041376,0,1,1,0,0,0,0,0,0,0,0,1,0,0,0.09430446019663719
6,190.2857143,6,609.0,47,2989.494048,30.897985,0.0,2,2,1,8,1,59,3788.7797623,64.21660614067797,0.7966101694915254,6406.093400712968,0.0,0,0,0,0,0,0,1,0,0,0,0,0,1,1,0.6121473571668661
5,71.08333333,0,0.0,24,1249.708333,52.28491058,0.0,2,2,3,2,0,29,1320.79166633,45.54454021827586,0.8275862068965517,10175.715172905713,0.0,0,1,1,0,0,0,0,0,0,0,0,0,1,1,0.7399477310059858
1,2.0,0,0.0,6,106.75,0.0,0.0,3,2,3,3,0,7,108.75,15.535714285714286,0.8571428571428571,0.0,0.7498312879585222,0,1,0,0,0,0,0,0,1,0,0,1,0,0,0.08435435329622097
5,419.0,0,0.0,14,362.1029825,3.164088313,0.0,3,2,3,2,1,19,781.1029825,41.110683289473684,0.7368421052631579,143.89305029153675,1.0421798606559312,1,0,0,0,1,0,0,0,0,0,0,1,1,0,0.36774682574724776
0,0.0,0,0.0,28,1384.071429,11.01942857,0.0,2,4,3,2,0,28,1384.071429,49.431122464285714,1.0,340.20082429191956,0.22052013167133833,0,1,0,0,0,0,0,1,0,0,0,1,1,0,0.3606946023174825
1,95.33333333,0,0.0,16,819.3333333,25.25564195,0.0,2,2,7,2,0,17,914.66666663,53.80392156647059,0.9411764705882353,1615.32727534378,0.0,0,1,1,0,0,0,0,0,0,0,0,0,1,1,0.8017009861409068
4,82.0,0,0.0,17,269.0,0.0,0.0,3,2,1,13,0,21,351.0,16.714285714285715,0.8095238095238095,0.0,0.7498383161145025,0,0,0,0,1,0,0,0,0,0,0,1,0,0,0.10379633667528491
2,452.5,0,0.0,18,762.2380952,0.0,0.0,1,1,6,2,0,20,1214.7380951999999,60.736904759999994,0.9,0.0,0.0,0,1,0,0,0,0,0,0,1,0,0,0,0,0,0.08924210400821263
0,0.0,3,29.0,41,1652.75,0.0,0.0,2,2,4,4,1,44,1681.75,38.22159090909091,0.9318181818181818,0.0,0.38817915020071136,1,1,0,0,0,0,0,1,0,0,0,1,0,0,0.024438128369347105
0,0.0,0,0.0,11,216.0,0.0,0.0,2,5,1,1,0,11,216.0,19.636363636363637,1.0,0.0,0.49986253780073014,0,1,0,0,0,0,0,1,0,0,0,1,0,0,0.024438128369347105
0,0.0,0,0.0,4,135.6666667,0.0,0.4,3,3,1,4,0,4,135.6666667,33.916666675,1.0,0.0,1.9992003198720512,0,0,0,1,0,0,0,0,0,0,0,1,0,0,0.03183788113276797
5,230.25,2,135.0,27,517.3928571,30.269375,0.0,2,2,4,2,1,34,882.6428571,25.960084032352942,0.7941176470588235,2639.3875204007422,0.0,0,1,0,0,0,0,0,1,0,0,0,0,1,1,0.6324054165592083
8,447.125,3,168.375,142,4777.812554,0.0,0.0,3,2,1,1,1,153,5393.312554,35.25040884967321,0.9281045751633987,0.0,0.28736873789317774,1,1,0,0,0,0,0,0,1,0,0,1,0,0,0.21966267081053484
1,17.0,0,0.0,15,247.0,0.0,0.0,4,1,1,3,0,16,264.0,16.5,0.9375,0.0,0.0,0,1,0,0,0,0,0,0,1,0,0,0,0,0,0.091098800664601
4,738.0,0,0.0,21,664.3333333,0.0,0.0,2,2,1,2,1,25,1402.3333333,56.093333332,0.84,0.0,0.0,1,1,0,0,0,0,0,1,0,0,0,1,0,0,0.02579173006222376
0,0.0,0,0.0,10,316.5,17.538,0.0,2,4,1,8,1,10,316.5,31.65,1.0,701.2395041983207,0.0,0,0,0,0,0,0,1,0,0,0,0,0,1,1,0.7731797955030676
1,28.5,2,44.5,12,445.5,0.0,0.0,3,2,1,8,0,15,518.5,34.56666666666667,0.8,0.0,0.2726083124075558,0,1,0,0,0,0,0,0,1,0,0,0,0,0,0.08204427136751852
11,201.84,0,0.0,48,2074.401905,7.248757745,0.0,2,7,3,1,0,59,2276.2419050000003,38.58037127118644,0.8135593220338984,450.75333448289945,0.0,0,0,0,0,0,0,0,0,0,0,0,1,0,0,0.27071956975666345
0,0.0,0,0.0,10,250.8,0.0,0.0,2,2,4,3,0,10,250.8,25.080000000000002,1.0,0.0,0.0,0,0,0,0,0,0,1,0,0,0,0,1,0,0,0.024385651554708697
0,0.0,0,0.0,14,342.5,0.0,0.0,2,2,8,4,0,14,342.5,24.464285714285715,1.0,0.0,0.0,0,1,0,0,0,0,0,1,0,0,0,1,0,0,0.024438128369347105
6,513.8333333,0,0.0,33,2690.333333,30.21878011,0.0,2,4,1,2,0,39,3204.1666663,82.15811964871796,0.8461538461538461,1721.489183005903,0.0,0,1,0,0,0,0,0,0,1,0,0,1,1,1,0.5239182971352697
0,0.0,0,0.0,2,73.0,0.0,0.0,2,2,1,1,0,2,73.0,36.5,1.0,0.0,0.33331111259249385,0,0,0,0,0,0,1,0,0,0,0,1,0,0,0.024385651554708697
0,0.0,0,0.0,3,35.4,0.0,0.0,1,1,1,1,0,3,35.4,11.799999999999999,1.0,0.0,0.0,0,1,0,0,0,0,0,0,1,0,0,1,0,0,0.06723129767552383
0,0.0,0,0.0,16,142.5,0.0,0.0,2,2,1,4,0,16,142.5,8.90625,1.0,0.0,0.4614816637952252,0,1,0,0,0,0,0,1,0,0,0,1,0,0,0.024438128369347105
0,0.0,0,0.0,4,157.5,0.0,0.0,2,4,9,2,0,4,157.5,39.375,1.0,0.0,0.0,0,1,0,0,0,0,0,0,1,0,0,1,0,0,0.07108816330592016
14,324.0,2,40.5,12,338.25,0.0,0.0,1,1,1,10,1,28,702.75,25.098214285714285,0.42857142857142855,0.0,0.0,1,1,1,0,0,0,0,0,0,0,0,1,0,0,0.09937829684465455
3,55.0,0,0.0,18,376.5,0.0,0.4,4,2,3,11,0,21,431.5,20.547619047619047,0.8571428571428571,0.0,0.5216098748300241,0,1,0,0,0,0,0,1,0,0,0,1,0,0,0.02579173006222376
0,0.0,0,0.0,9,257.9,0.0,0.0,1,1,1,20,1,9,257.9,28.65555555555555,1.0,0.0,0.2499437626528407,1,0,0,0,0,1,0,0,0,0,0,1,0,0,0.03373776773280304
2,44.0,2,53.0,8,667.6666667,56.62363636,0.0,2,2,1,4,1,12,764.6666667,63.722222224999996,0.6666666666666666,3112.5881074667745,0.0,1,1,0,0,0,0,0,1,0,0,0,1,1,1,0.7417669556944007
1,0.0,0,0.0,8,162.5,0.0,0.0,2,2,1,1,0,9,162.5,18.055555555555557,0.8888888888888888,0.0,0.0,0,1,0,0,0,0,0,1,0,0,0,1,0,0,0.024438128369347105
2,96.75,0,0.0,103,3216.920172,0.0,0.0,2,2,6,2,1,105,3313.670172,31.558763542857143,0.9809523809523809,0.0,0.3962544076299432,1,1,1,0,0,0,0,0,0,0,0,1,0,0,0.039972594679212124
0,0.0,0,0.0,53,2052.125,52.49862029,0.0,2,4,2,2,1,53,2052.125,38.719339622641506,1.0,13353.0965093071,0.0,0,1,0,0,0,0,0,0,1,0,0,0,1,1,0.843744914848636
0,0.0,0,0.0,89,5044.75689,0.0,0.8,1,1,6,6,0,89,5044.75689,56.682661685393256,1.0,0.0,0.3015398381793822,0,1,0,0,0,0,0,1,0,0,0,1,0,0,0.024438128369347105
0,0.0,0,0.0,15,907.5,0.0,0.6,2,2,7,2,0,15,907.5,60.5,1.0,0.0,0.21421687034245018,0,1,0,0,0,0,0,1,0,0,0,1,0,0,0.024438128369347105
4,822.7666667,0,0.0,17,1229.466667,0.0,0.0,2,2,1,16,0,21,2052.2333337,97.72539684285714,0.8095238095238095,0.0,0.0,0,0,0,0,0,1,0,0,0,0,0,1,1,0,0.07608453149984565
4,226.0,0,0.0,81,4836.486905,5.312300227,0.0,2,2,1,2,0,85,5062.486905,59.558669470588235,0.9529411764705882,495.3523457878688,0.22201496677727545,0,1,0,0,0,0,0,0,1,0,0,1,1,1,0.5273541490936323
0,0.0,0,0.0,64,1911.610665,0.0,0.0,1,2,2,10,1,64,1911.610665,29.868916640625,1.0,0.0,0.467303799882718,1,1,0,0,0,0,0,0,1,0,0,1,0,0,0.1751430316636389
0,0.0,0,0.0,9,210.0,0.0,0.0,1,1,3,3,0,9,210.0,23.333333333333332,1.0,0.0,0.7998560115190785,0,0,0,0,0,0,1,0,0,0,0,1,0,0,0.024385651554708697
2,50.0,0,0.0,24,602.25,0.0,0.0,2,2,1,2,1,26,652.25,25.08653846153846,0.9230769230769231,0.0,0.0,1,1,0,0,0,0,0,0,1,0,0,1,0,0,0.08868026118420419
0,0.0,0,0.0,10,172.5,0.0,0.0,2,2,3,6,0,10,172.5,17.25,1.0,0.0,0.23071599039234014,0,0,0,0,0,0,1,0,0,0,0,1,0,0,0.024385651554708697
1,24.5,0,0.0,27,1792.466667,0.0,0.0,2,2,2,2,0,28,1816.966667,64.89166667857143,0.9642857142857143,0.0,0.0,0,1,1,0,0,0,0,0,0,0,0,1,0,0,0.04261759467701968
2,248.5,5,192.25,9,1176.5,0.0,0.0,1,1,3,2,0,16,1617.25,101.078125,0.5625,0.0,0.0,0,1,1,0,0,0,0,0,0,0,0,0,0,0,0.09430446019663719
0,0.0,0,0.0,231,11246.13379,0.0,0.0,2,2,3,2,1,231,11246.13379,48.68456186147186,1.0,0.0,0.17399198255781986,1,1,0,0,0,0,0,0,1,0,0,1,0,0,0.22276204164365024
0,0.0,0,0.0,24,985.0,0.0,0.0,3,2,6,13,0,24,985.0,41.041666666666664,1.0,0.0,0.8094312992800824,0,0,0,0,0,1,0,0,0,0,0,1,0,0,0.03373776773280304
2,63.5,0,0.0,9,99.06666667,0.0,0.0,1,1,1,4,0,11,162.56666667000002,14.778787879090912,0.8181818181818182,0.0,0.49993125257802834,0,0,0,0,0,0,0,0,0,1,0,1,0,0,0.08477980012434952
1,14.0,0,0.0,6,156.0,0.0,0.0,1,1,3,1,1,7,170.0,24.285714285714285,0.8571428571428571,0.0,0.0,1,0,0,0,0,0,1,0,0,0,0,1,0,0,0.03007480982577439
0,0.0,0,0.0,14,116.8333333,0.0,0.6,2,2,2,3,0,14,116.8333333,8.345238092857143,1.0,0.0,0.7499125043747812,0,1,0,0,0,0,0,1,0,0,0,1,0,0,0.024438128369347105
0,0.0,0,0.0,3,50.2,0.0,0.0,2,2,1,13,0,3,50.2,16.733333333333334,1.0,0.0,0.0,0,0,0,0,0,0,0,0,0,0,1,1,0,0,0.03183788113276797
2,168.4,0,0.0,10,208.0,0.0,0.0,3,2,5,2,0,12,376.4,31.366666666666664,0.8333333333333334,0.0,0.0,0,1,0,0,0,0,0,0,1,0,0,0,0,0,0.0724905970459003
0,0.0,0,0.0,6,56.0,0.0,0.8,2,2,1,13,0,6,56.0,9.333333333333334,1.0,0.0,0.0,0,1,0,0,0,0,0,1,0,0,0,1,0,0,0.024438128369347105
0,0.0,0,0.0,10,1678.333333,0.0,0.0,2,2,1,2,0,10,1678.333333,167.8333333,1.0,0.0,0.0,0,1,0,0,0,0,0,0,1,0,0,1,0,0,0.07634477629047126
0,0.0,0,0.0,9,186.7,0.0,0.0,2,2,1,2,1,9,186.7,20.744444444444444,1.0,0.0,0.0,1,0,0,0,0,0,1,0,0,0,0,1,0,0,0.024385651554708697
2,48.5,0,0.0,53,2438.075,29.04476648,0.0,2,2,1,6,1,55,2486.575,45.21045454545454,0.9636363636363636,1681.619165922925,0.31016514970410036,1,1,0,0,0,0,0,0,1,0,0,1,1,1,0.5887566223404996
0,0.0,0,0.0,2,0.0,0.0,0.0,2,4,1,1,0,2,0.0,0.0,1.0,0.0,0.999950002499875,0,0,0,0,0,0,1,0,0,0,0,1,0,0,0.024385651554708697
13,407.57,0,0.0,146,2650.780526,0.0,0.0,4,1,1,2,1,159,3058.350526,19.23490896855346,0.9182389937106918,0.0,0.0,1,0,0,0,0,0,0,0,0,1,0,1,0,0,0.04555951193374422
2,2.0,3,261.0,10,281.0,0.0,0.0,2,2,1,2,0,15,544.0,36.266666666666666,0.6666666666666666,0.0,0.0,0,0,0,0,0,0,1,0,0,0,0,1,0,0,0.027559445376056948
7,112.375,0,0.0,24,916.5,0.0,0.0,3,2,3,3,0,31,1028.875,33.189516129032256,0.7741935483870968,0.0,0.3034874315393949,0,1,0,0,0,0,0,0,1,0,0,1,0,0,0.08892064844041458
0,0.0,2,65.5,4,71.5,0.0,0.0,2,2,1,11,1,6,137.0,22.833333333333332,0.6666666666666666,0.0,0.0,1,1,0,0,0,0,0,0,1,0,0,1,0,0,0.09525745707894842
0,0.0,2,23.0,4,57.75,0.0,0.0,2,5,3,1,0,6,80.75,13.458333333333334,0.6666666666666666,0.0,0.0,0,1,0,0,0,0,0,0,1,0,0,1,0,0,0.0949370554648257
5,171.7333333,0,0.0,93,2087.64987,0.0,0.0,3,2,1,4,1,98,2259.3832033000003,23.054930645918372,0.9489795918367347,0.0,0.5869738189940947,1,0,0,0,0,0,0,0,0,1,0,1,0,0,0.04555951193374422
0,0.0,0,0.0,5,162.5,0.0,0.0,3,2,1,3,0,5,162.5,32.5,1.0,0.0,0.545380177909286,0,1,0,0,0,0,0,1,0,0,0,1,0,0,0.024438128369347105
0,0.0,0,0.0,1,0.0,0.0,0.0,1,1,1,1,0,1,0.0,0.0,1.0,0.0,0.999950002499875,0,1,0,0,0,0,0,0,1,0,0,0,0,0,0.061158393045808314
0,0.0,0,0.0,2,20.0,0.0,0.0,4,5,1,13,0,2,20.0,10.0,1.0,0.0,0.0,0,1,0,0,0,0,0,1,0,0,0,1,0,0,0.024438128369347105
0,0.0,0,0.0,14,811.0,0.0,0.0,2,2,8,1,0,14,811.0,57.92857142857143,1.0,0.0,0.3749086068863893,0,0,0,0,0,0,1,0,0,0,0,1,0,0,0.024385651554708697
1,14.0,0,0.0,10,90.0,0.0,0.0,2,2,2,10,0,11,104.0,9.454545454545455,0.9090909090909091,0.0,0.0,0,0,0,0,0,0,1,0,0,0,0,0,0,0,0.024385651554708697
8,127.7,3,36.0,70,1675.525366,15.02583766,0.0,3,2,3,11,0,81,1839.2253660000001,22.706486,0.8641975308641975,561.8899593225567,0.6799075836967433,0,1,0,0,0,0,0,1,0,0,0,1,0,0,0.1835310531540186
0,0.0,2,101.7,42,1892.198319,153.5776975,0.0,2,2,1,1,0,44,1993.8983190000001,45.31587088636364,0.9545454545454546,33712.92165107547,0.0,0,0,0,0,0,0,0,0,0,0,0,1,1,1,0.8111601783555255
18,514.075,4,67.5,178,6630.479365,0.0,0.0,3,2,1,8,0,200,7212.054365,36.060271825,0.89,0.0,0.33710683438207084,0,1,0,0,0,0,0,0,1,0,0,1,1,0,0.21966267081053484
0,0.0,0,0.0,8,133.0,0.0,0.0,1,1,1,3,1,8,133.0,16.625,1.0,0.0,0.0,1,1,0,0,0,0,0,1,0,0,0,1,0,0,0.024438128369347105
0,0.0,0,0.0,37,5208.65,0.0,0.0,2,2,1,6,0,37,5208.65,140.7743243243243,1.0,0.0,0.0,0,1,0,0,0,0,0,0,1,0,0,1,0,0,0.16172102437939395
0,0.0,0,0.0,5,1162.5,0.0,0.0,2,2,2,2,0,5,1162.5,232.5,1.0,0.0,0.0,0,0,0,0,0,0,1,0,0,0,0,1,0,0,0.024385651554708697
8,105.5644231,5,249.0,128,3158.561476,5.472974626,0.0,1,1,6,13,0,141,3513.1258991,24.915786518439717,0.9078014184397163,939.503234460445,0.9397570154935496,0,1,0,0,0,0,0,1,0,0,0,1,0,0,0.2524757671733223
1,9.0,0,0.0,33,1597.10609,5.774785164,0.0,2,2,3,2,0,34,1606.10609,47.23841441176471,0.9705882352941176,658.9054601504824,0.0,0,1,1,0,0,0,0,0,0,0,0,1,1,0,0.458773975257035
0,0.0,0,0.0,7,208.0,0.0,0.0,4,1,1,5,1,7,208.0,29.714285714285715,1.0,0.0,0.0,1,0,0,1,0,0,0,0,0,0,0,1,0,0,0.03373776773280304
3,151.0,0,0.0,21,840.2863203,0.0,0.0,2,2,3,2,0,24,991.2863203,41.30359667916667,0.875,0.0,0.0,0,0,0,0,0,0,0,0,0,1,0,1,0,0,0.03793664784525171
2,15.0,0,0.0,26,601.7681818,0.0,0.8,2,4,1,2,0,28,616.7681818,22.027435064285715,0.9285714285714286,0.0,0.0,0,1,0,0,0,0,0,1,0,0,0,0,0,0,0.024438128369347105
3,29.0,0,0.0,2,7.0,0.0,0.0,2,2,3,2,0,5,36.0,7.2,0.4,0.0,0.0,0,1,1,0,0,0,0,0,0,0,0,0,0,0,0.12737902072115947
0,0.0,0,0.0,60,1288.563333,0.0,0.0,2,4,3,4,0,60,1288.563333,21.47605555,1.0,0.0,0.0,0,0,0,0,0,1,0,0,0,0,0,1,0,0,0.03801485315968305
0,0.0,0,0.0,4,132.5,0.0,0.0,3,2,4,13,1,4,132.5,33.125,1.0,0.0,0.954493393004915,1,1,0,0,0,0,0,0,1,0,0,1,0,0,0.06704640451231615
4,15.0,1,0.0,38,1155.0,5.903181818,0.0,2,2,5,2,0,43,1170.0,27.209302325581394,0.8837209302325582,288.4589820101058,0.22211366047962464,0,1,0,0,0,0,0,1,0,0,0,1,1,0,0.306736297306354
0,0.0,0,0.0,42,1433.083333,0.0,0.4,2,2,1,11,0,42,1433.083333,34.12103173809524,1.0,0.0,0.19409937888198758,0,1,0,0,0,0,0,1,0,0,0,1,0,0,0.024438128369347105
0,0.0,0,0.0,71,1094.310476,4.718931118,0.0,4,1,2,2,0,71,1094.310476,15.412823605633804,1.0,507.64590197159686,0.0,0,0,0,0,0,0,0,0,0,1,0,1,0,0,0.40527589783635987
9,252.8,0,0.0,36,1191.616667,14.75943613,0.0,2,2,2,13,0,45,1444.416667,32.098148155555556,0.8,499.381116954552,0.4613823065826596,0,0,0,0,0,0,0,0,0,1,0,1,0,0,0.338003298497515
0,0.0,0,0.0,12,304.75,0.0,0.8,1,2,3,4,0,12,304.75,25.395833333333332,1.0,0.0,0.0,0,1,0,0,0,0,0,1,0,0,0,1,0,0,0.024438128369347105
0,0.0,0,0.0,2,22.0,0.0,0.0,3,2,7,20,0,2,22.0,11.0,1.0,0.0,0.749887513123594,0,1,1,0,0,0,0,0,0,0,0,1,0,0,0.03183788113276797
2,48.66666667,4,155.3333333,20,540.75,38.88816225,0.0,2,2,3,2,0,26,744.74999997,28.644230768076923,0.7692307692307693,9310.812245745234,0.0,0,1,0,0,0,0,0,0,1,0,0,1,1,1,0.706594692431277
0,0.0,0,0.0,1,0.0,0.0,0.0,3,2,3,3,0,1,0.0,0.0,1.0,0.0,0.999950002499875,0,1,0,0,0,0,0,0,1,0,0,1,0,0,0.061158393045808314
0,0.0,0,0.0,44,547.0,0.0,0.6,3,2,1,13,0,44,547.0,12.431818181818182,1.0,0.0,0.6863621566812202,0,1,0,0,0,0,0,1,0,0,0,1,0,0,0.024438128369347105
3,80.5,0,0.0,62,2337.196667,0.0,0.0,2,2,5,1,0,65,2417.696667,37.19533333846154,0.9538461538461539,0.0,0.3426578571713139,0,0,0,0,0,0,0,0,0,0,0,1,0,0,0.03797951707048736
0,0.0,0,0.0,31,1297.464286,0.0,0.0,2,1,1,2,1,31,1297.464286,41.85368664516129,1.0,0.0,0.0,1,1,0,0,0,0,0,0,1,0,0,1,0,0,0.09429814084112774
0,0.0,0,0.0,7,152.75,0.0,0.0,3,2,3,2,0,7,152.75,21.821428571428573,1.0,0.0,0.29993700482948976,0,1,1,0,0,0,0,0,0,0,0,0,0,0,0.03183788113276797
0,0.0,0,0.0,15,340.1,0.0,0.0,2,2,1,1,0,15,340.1,22.673333333333336,1.0,0.0,0.0,0,0,0,0,0,0,0,0,0,0,0,1,0,0,0.03373776773280304
3,57.0,1,163.0,36,2928.777778,0.0,0.0,2,10,2,5,1,40,3148.777778,78.71944445,0.9,0.0,0.12494065319092125,1,1,0,0,0,0,0,1,0,0,0,1,0,0,0.024438128369347105
3,22.0,0,0.0,10,53.83333333,0.0,0.0,4,2,3,10,1,13,75.83333333,5.833333333076923,0.7692307692307693,0.0,0.6664889362836577,1,1,1,0,0,0,0,0,0,0,0,1,0,0,0.09823793171578807
2,91.0,3,865.0,27,1244.833333,0.0,0.0,2,2,1,2,1,32,2200.833333,68.77604165625,0.84375,0.0,0.0,0,0,0,0,0,0,1,0,0,0,0,0,0,0,0.02682579378132341
0,0.0,0,0.0,17,591.25,0.0,0.0,3,3,8,4,1,17,591.25,34.779411764705884,1.0,0.0,0.5249330732647935,1,1,0,0,0,0,0,1,0,0,0,1,0,0,0.024438128369347105
0,0.0,0,0.0,10,111.4166667,0.0,0.0,2,2,1,2,0,10,111.4166667,11.14166667,1.0,0.0,0.0,0,1,0,0,0,0,0,1,0,0,0,1,0,0,0.024438128369347105
0,0.0,0,0.0,2,233.5,0.0,0.0,1,1,1,1,0,2,233.5,116.75,1.0,0.0,0.0,0,1,0,0,0,0,0,1,0,0,0,1,0,0,0.024438128369347105
5,140.6,0,0.0,16,423.5,0.0,0.0,3,2,1,3,1,21,564.1,26.861904761904764,0.7619047619047619,0.0,0.9992006394884093,1,0,0,0,0,0,0,0,0,0,0,1,0,0,0.07608453149984565
0,0.0,0,0.0,6,301.5,0.0,0.0,2,4,9,3,0,6,301.5,50.25,1.0,0.0,0.0,0,0,0,1,0,0,0,0,0,0,0,1,0,0,0.03373776773280304
0,0.0,0,0.0,4,137.5,0.0,0.0,2,2,2,11,0,4,137.5,34.375,1.0,0.0,0.0,0,1,0,0,0,0,0,0,1,0,0,1,0,0,0.06723129767552383
1,0.0,3,447.5,27,1381.75,0.0,0.0,2,2,1,2,1,31,1829.25,59.00806451612903,0.8709677419354839,0.0,0.19994202261407965,1,1,0,0,0,0,0,0,1,0,0,1,0,0,0.1084138826166352
0,0.0,0,0.0,21,1296.716667,70.01826316,0.0,2,2,1,2,0,21,1296.716667,61.74841271428571,1.0,9963.404449691103,0.0,0,1,0,0,0,0,0,1,0,0,0,1,1,1,0.8313547580664412
0,0.0,1,16.0,25,902.0833333,0.0,0.0,3,3,3,2,0,26,918.0833333,35.310897434615384,0.9615384615384616,0.0,0.0,0,1,1,0,0,0,0,0,0,0,0,0,1,0,0.04261759467701968
0,0.0,0,0.0,2,0.0,0.0,0.0,3,3,1,3,0,2,0.0,0.0,1.0,0.0,0.999950002499875,0,0,0,1,0,0,0,0,0,0,0,1,0,0,0.03183788113276797
0,0.0,0,0.0,20,869.8,0.0,0.0,3,2,4,2,1,20,869.8,43.489999999999995,1.0,0.0,0.3332333633233366,1,1,0,0,0,0,0,1,0,0,0,1,0,0,0.024438128369347105
0,0.0,0,0.0,116,5389.883333,0.0,0.0,3,2,1,1,0,116,5389.883333,46.464511491379305,1.0,0.0,0.4599380893619479,0,1,0,0,0,0,0,0,1,0,0,1,0,0,0.22190672880299758
0,0.0,2,861.0,12,2250.35,0.0,0.0,1,1,3,2,1,14,3111.35,222.2392857142857,0.8571428571428571,0.0,0.46138938733426216,1,1,0,0,0,0,0,0,1,0,0,1,0,0,0.14012113373140136
0,0.0,0,0.0,11,142.4166667,0.0,0.0,2,2,1,2,0,11,142.4166667,12.9469697,1.0,0.0,0.0,0,1,0,0,0,0,0,1,0,0,0,1,0,0,0.024438128369347105
0,0.0,0,0.0,27,892.9679487,0.0,0.0,2,2,3,2,1,27,892.9679487,33.07288698888889,1.0,0.0,0.6508767087044984,1,1,1,0,0,0,0,0,0,0,0,1,0,0,0.03373776773280304
6,186.5,0,0.0,16,476.25,16.04403014,0.0,2,2,3,1,0,22,662.75,30.125,0.7272727272727273,412.4547140665122,0.2856408315414869,0,1,1,0,0,0,0,0,0,0,0,1,1,0,0.3598646922437589
3,423.0,0,0.0,24,1203.533333,0.0,0.0,4,1,1,4,0,27,1626.533333,60.241975296296296,0.8888888888888888,0.0,0.0,0,0,0,0,0,0,0,0,0,1,0,0,0,0,0.0377923968970553
2,7.0,0,0.0,27,559.4,0.0,0.0,2,4,4,3,1,29,566.4,19.53103448275862,0.9310344827586207,0.0,0.4863267917213443,1,0,0,0,0,0,1,0,0,0,0,1,0,0,0.024385651554708697
1,10.0,0,0.0,16,120.0,0.0,0.0,2,2,6,4,0,17,130.0,7.647058823529412,0.9411764705882353,0.0,0.6665833395825521,0,1,0,0,0,0,0,1,0,0,0,1,0,0,0.024438128369347105
7,644.5,2,166.5,31,1629.641667,0.0,0.0,2,2,4,2,0,40,2440.641667,61.016041675,0.775,0.0,0.0,0,1,1,0,0,0,0,0,0,0,0,1,0,0,0.07608453149984565
0,0.0,0,0.0,5,124.0,0.0,0.0,1,1,3,11,0,5,124.0,24.8,1.0,0.0,0.0,0,1,0,0,0,0,0,0,1,0,0,1,0,0,0.06723129767552383
1,8.0,0,0.0,47,1459.576667,0.0,0.0,1,1,3,3,0,48,1467.576667,30.574513895833334,0.9791666666666666,0.0,0.5902165853046046,0,0,0,0,0,0,0,0,0,1,0,1,0,0,0.04261759467701968
2,126.75,0,0.0,22,2281.583333,0.0,0.0,3,2,2,3,0,24,2408.333333,100.34722220833333,0.9166666666666666,0.0,0.6796132235469776,0,1,1,0,0,0,0,0,0,0,0,1,0,0,0.0377923968970553
0,0.0,0,0.0,7,43.0,0.0,0.0,3,2,1,1,0,7,43.0,6.142857142857143,1.0,0.0,0.7058242310838786,0,1,1,0,0,0,0,0,0,0,0,1,0,0,0.03183788113276797
11,157.3889922,3,338.4,46,1624.935625,0.0,0.0,3,2,3,3,0,60,2120.7246172,35.34541028666667,0.7666666666666667,0.0,0.25031690620113795,0,1,0,0,0,0,0,0,1,0,0,1,0,0,0.15859666269107156
5,46.5,0,0.0,17,219.5,0.0,0.0,3,2,2,13,0,22,266.0,12.090909090909092,0.7727272727272727,0.0,0.49977510120221,0,1,1,0,0,0,0,0,0,0,0,1,0,0,0.08536498998756806
3,37.3,0,0.0,19,317.8,0.0,0.0,2,2,7,4,0,22,355.1,16.14090909090909,0.8636363636363636,0.0,0.3999120193548621,0,0,0,0,1,0,0,0,0,0,0,1,0,0,0.11603245274255858
9,174.475,0,0.0,43,895.9731685,30.66624113,0.0,1,2,6,2,0,52,1070.4481685,20.585541701923077,0.8269230769230769,3085.421115519971,0.0,0,1,0,0,0,0,0,1,0,0,0,1,1,1,0.5340792835685768
0,0.0,0,0.0,20,1606.333333,0.0,0.0,2,2,2,1,0,20,1606.333333,80.31666665,1.0,0.0,0.28758849996858094,0,0,0,0,0,0,1,0,0,0,0,1,0,0,0.024385651554708697
0,0.0,0,0.0,13,208.8333333,0.0,0.4,2,2,6,4,0,13,208.8333333,16.064102561538462,1.0,0.0,0.34778677635286503,0,1,0,0,0,0,0,1,0,0,0,1,0,0,0.024438128369347105
15,292.88,1,48.35,130,3645.909048,10.41358118,0.0,2,4,8,2,0,146,3987.139048,27.309171561643836,0.8904109589041096,1221.4176803038772,0.17122750141775303,0,1,0,0,0,0,0,0,1,0,0,1,0,1,0.5267572537816857
4,169.2,0,0.0,14,315.4666667,34.75023292,0.0,2,2,1,2,1,18,484.6666667,26.92592592777778,0.7777777777777778,3124.708756166538,0.0,1,0,0,0,1,0,0,0,0,0,0,1,1,1,0.7326823660869679
5,73.0,0,0.0,18,498.3333333,0.0,0.0,2,4,7,3,0,23,571.3333333,24.840579708695653,0.782608695652174,0.0,0.2499375156210947,0,1,0,0,0,0,0,1,0,0,0,1,0,0,0.02579173006222376
3,15.0,0,0.0,102,4021.172222,0.0,0.0,2,2,1,2,1,105,4036.172222,38.43973544761905,0.9714285714285714,0.0,0.0,1,1,0,0,0,0,0,0,1,0,0,1,0,0,0.24693063066217893
3,112.9607843,0,0.0,13,3014.018519,0.0,0.0,2,2,1,2,0,16,3126.9793033,195.43620645625,0.8125,0.0,0.21278052632650152,0,0,0,0,0,0,1,0,0,0,0,1,0,0,0.02682579378132341
6,40.66666667,0,0.0,49,783.45,4.272807692,0.0,2,2,1,2,1,55,824.1166666700001,14.983939394000002,0.8909090909090909,554.7438108161865,0.0,1,1,0,0,0,0,0,1,0,0,0,1,0,0,0.2267675208592614
3,31.2,0,0.0,4,36.2,0.0,0.0,2,2,3,2,0,7,67.4,9.62857142857143,0.5714285714285714,0.0,0.49991252405807113,0,0,0,0,0,1,0,0,0,0,0,1,0,0,0.12106776172923307
3,97.5,0,0.0,5,155.3333333,0.0,0.0,3,2,1,2,0,8,252.8333333,31.6041666625,0.625,0.0,0.0,0,1,1,0,0,0,0,0,0,0,0,0,0,0,0.09430446019663719
1,41.125,0,0.0,126,4310.004668,3.451072113,0.0,2,2,2,2,0,127,4351.129668,34.26086352755905,0.9921259842519685,268.9249851338476,0.05359926868894133,0,1,0,0,0,0,0,0,1,0,0,1,0,1,0.5735954402809846
3,51.5,0,0.0,21,1623.5,49.3886,0.6,2,4,2,3,0,24,1675.0,69.79166666666667,0.875,9858.003992015969,0.0,0,1,0,0,0,0,0,1,0,0,0,0,1,1,0.753441312199666
4,133.8,2,54.4,13,421.7857143,0.0,0.0,1,1,3,2,0,19,609.9857143,32.10451127894737,0.6842105263157895,0.0,0.0,0,1,0,0,0,0,0,0,1,0,0,0,0,0,0.08076293115310063
0,0.0,0,0.0,15,455.5,0.0,0.0,2,10,3,2,0,15,455.5,30.366666666666667,1.0,0.0,0.0,0,1,0,0,0,0,0,1,0,0,0,0,0,0,0.024438128369347105
5,118.9,4,380.7,4,188.4,0.0,0.0,4,2,1,4,0,13,688.0,52.92307692307692,0.3076923076923077,0.0,0.0,0,0,0,0,0,0,0,0,0,1,0,1,0,0,0.09937829684465455
7,77.5,0,0.0,14,192.9333333,0.0,0.0,2,2,1,1,0,21,270.43333329999996,12.877777776190474,0.6666666666666666,0.0,0.0,0,0,0,0,0,0,1,0,0,0,0,1,0,0,0.027559445376056948
0,0.0,0,0.0,12,770.25,0.0,0.0,2,4,1,8,0,12,770.25,64.1875,1.0,0.0,0.0,0,1,1,0,0,0,0,0,0,0,0,0,0,0,0.03373776773280304
0,0.0,0,0.0,1,0.0,0.0,0.0,3,2,2,1,0,1,0.0,0.0,1.0,0.0,0.999950002499875,0,0,0,0,0,0,1,0,0,0,0,1,0,0,0.024385651554708697
0,0.0,0,0.0,65,1624.941667,0.0,0.0,2,6,2,11,1,65,1624.941667,24.99910256923077,1.0,0.0,0.0,1,1,0,0,0,0,0,0,1,0,0,1,0,0,0.11679013373414279
0,0.0,0,0.0,29,2159.4,0.0,0.0,3,2,1,13,0,29,2159.4,74.46206896551725,1.0,0.0,0.4734674411920319,0,0,0,0,0,0,0,0,0,1,0,1,0,0,0.03373776773280304
5,88.0,0,0.0,34,3195.828571,0.0,0.0,2,2,3,2,0,39,3283.828571,84.2007325897436,0.8717948717948718,0.0,0.1611889559071619,0,1,0,0,0,0,0,1,0,0,0,1,0,0,0.024438128369347105
0,0.0,0,0.0,8,361.0,0.0,0.0,2,2,3,3,0,8,361.0,45.125,1.0,0.0,0.0,0,1,1,0,0,0,0,0,0,0,0,1,0,0,0.03373776773280304
3,139.0,0,0.0,35,631.9333333,0.0,0.0,1,2,1,2,0,38,770.9333333,20.28771929736842,0.9210526315789473,0.0,0.3331223558455174,0,1,0,0,0,0,0,0,1,0,0,0,0,0,0.08837982113756715
0,0.0,0,0.0,6,48.0,0.0,0.0,2,2,4,1,0,6,48.0,8.0,1.0,0.0,0.0,0,1,0,0,0,0,0,0,1,0,0,1,0,0,0.061542804391521655
0,0.0,0,0.0,22,337.1,0.0,0.0,2,4,1,3,0,22,337.1,15.322727272727274,1.0,0.0,0.0,0,0,0,0,0,0,0,0,0,0,0,1,0,0,0.03373776773280304
2,11.0,0,0.0,4,15.0,0.0,0.0,2,10,1,1,0,6,26.0,4.333333333333333,0.6666666666666666,0.0,0.0,0,0,0,0,0,0,0,0,0,0,0,1,0,0,0.12106776172923307
0,0.0,0,0.0,3,34.0,0.0,0.0,1,1,6,3,0,3,34.0,11.333333333333334,1.0,0.0,0.0,0,1,0,0,0,0,0,1,0,0,0,1,0,0,0.024438128369347105
0,0.0,0,0.0,2,46.5,0.0,0.0,2,2,3,1,0,2,46.5,23.25,1.0,0.0,0.9999000099990001,0,1,0,0,0,0,0,0,1,0,0,1,0,0,0.06681388431173944
0,0.0,0,0.0,17,557.4,83.93274289,0.0,2,2,2,2,1,17,557.4,32.78823529411765,1.0,7547.154496524673,0.0,0,0,0,0,0,0,0,0,0,0,1,0,1,1,0.849598918101434
0,0.0,0,0.0,4,186.25,0.0,0.0,3,2,3,2,0,4,186.25,46.5625,1.0,0.0,0.749887513123594,0,1,0,0,0,0,0,0,1,0,0,1,0,0,0.07064861781474875
3,89.0,0,0.0,26,655.5357143,0.0,0.0,2,2,4,1,0,29,744.5357143,25.673645320689655,0.896551724137931,0.0,0.0,0,1,0,0,0,0,0,0,1,0,0,1,0,0,0.08900065973690499
1,2.0,0,0.0,118,4541.925,0.0,0.4,2,2,1,20,0,119,4543.925,38.18424369747899,0.9915966386554622,0.0,0.41753504335632774,0,1,0,0,0,0,0,1,0,0,0,1,0,0,0.024438128369347105
0,0.0,0,0.0,2,135.5,0.0,0.0,2,2,4,3,0,2,135.5,67.75,1.0,0.0,0.0,0,1,1,0,0,0,0,0,0,0,0,1,0,0,0.03183788113276797
3,37.0,1,9.0,17,1075.713095,0.0,0.0,3,2,1,2,1,21,1121.713095,53.41490928571429,0.8095238095238095,0.0,0.3180907246604592,1,1,0,0,0,0,0,1,0,0,0,1,0,0,0.02579173006222376
0,0.0,0,0.0,3,24.0,0.0,0.0,2,2,3,3,0,3,24.0,8.0,1.0,0.0,0.0,0,0,0,0,0,0,0,0,0,0,1,1,0,0,0.03183788113276797
2,74.0,0,0.0,30,1708.083333,16.1892,0.0,2,2,7,1,1,32,1782.083333,55.69010415625,0.9375,1213.2800702792924,0.49962531850175673,1,1,0,0,0,0,0,1,0,0,0,1,1,0,0.4602012757096117
2,143.25,0,0.0,38,2508.413853,54.16451768,0.0,2,2,7,2,0,40,2651.663853,66.291596325,0.95,7254.6881896133755,0.0,0,1,0,0,0,0,0,0,1,0,0,1,1,1,0.6980108802050998
6,103.9,3,50.2,9,1759.066667,0.0,0.0,1,1,7,5,0,18,1913.166667,106.28703705555556,0.5,0.0,0.47599782196726786,0,0,0,0,0,0,0,0,0,0,1,1,0,0,0.10484311991606736
0,0.0,0,0.0,50,2617.233333,53.22881633,0.0,4,1,3,2,1,50,2617.233333,52.34466666,1.0,38837.728909104706,0.0,0,1,0,0,0,0,0,1,0,0,0,0,1,1,0.843744914848636
3,515.0,0,0.0,29,3229.169841,15.65808387,0.0,1,1,1,1,0,32,3744.169841,117.00530753125,0.90625,473.4183826000658,0.0975314650107049,0,1,0,0,0,0,0,1,0,0,0,1,1,0,0.28143311603302323
1,11.1,0,0.0,48,830.3142529,0.0,0.0,1,1,1,3,0,49,841.4142529000001,17.171719446938777,0.9795918367346939,0.0,0.24662851902156036,0,1,0,0,0,0,0,0,1,0,0,1,0,0,0.1034693156794675
0,0.0,6,270.3333333,11,160.5,0.0,0.0,2,4,1,8,0,17,430.8333333,25.343137252941176,0.6470588235294118,0.0,0.0,0,0,0,0,0,0,1,0,0,0,0,0,0,0,0.027559445376056948
3,150.0,0,0.0,12,271.3333333,0.0,0.0,1,1,4,2,0,15,421.3333333,28.088888886666666,0.8,0.0,0.0,0,0,0,0,0,0,1,0,0,0,0,0,0,0,0.02682579378132341
4,35.125,0,0.0,31,1975.458333,0.0,0.0,2,2,3,3,1,35,2010.583333,57.44523808571429,0.8857142857142857,0.0,0.0,0,0,0,0,0,0,1,0,0,0,0,0,0,0,0.024385651554708697
2,31.2,0,0.0,17,2077.166667,0.0,0.0,2,2,8,2,1,19,2108.366667,110.96666668421051,0.8947368421052632,0.0,0.0,1,1,0,0,0,0,0,0,1,0,0,1,0,0,0.1628153036984107
0,0.0,0,0.0,145,4108.808442,0.0,0.0,2,2,4,2,0,145,4108.808442,28.336609944827583,1.0,0.0,0.3251611727719676,0,1,0,0,0,0,0,0,1,0,0,1,1,0,0.21187582932805626
0,0.0,0,0.0,5,186.0666667,0.0,0.0,3,2,1,13,0,5,186.0666667,37.213333340000005,1.0,0.0,0.9193453538155956,0,0,0,0,0,1,0,0,0,0,0,1,0,0,0.03373776773280304
4,37.5,2,82.0,4,96.625,0.0,0.0,2,2,9,2,0,10,216.125,21.6125,0.4,0.0,0.0,0,1,0,0,0,0,0,0,1,0,0,0,0,0,0.24229221372324253
3,112.0,0,0.0,20,1187.5,26.8752,0.0,2,2,1,4,0,23,1299.5,56.5,0.8695652173913043,1611.5450407446524,0.0,0,1,0,0,0,0,0,1,0,0,0,1,0,1,0.6409181446361066
3,29.25,0,0.0,32,1729.75,16.7293697,0.0,2,4,3,2,0,35,1759.0,50.25714285714286,0.9142857142857143,2922.5251323920575,0.0,0,1,1,0,0,0,0,0,0,0,0,0,1,1,0.7199594789886778
0,0.0,0,0.0,6,224.0,0.0,0.0,4,1,3,2,0,6,224.0,37.333333333333336,1.0,0.0,0.0,0,1,0,0,0,0,0,1,0,0,0,1,0,0,0.024438128369347105
8,112.0,0,0.0,27,601.0864146,0.0,0.0,1,1,2,8,0,35,713.0864146,20.37389756,0.7714285714285715,0.0,0.6323530228159522,0,1,1,0,0,0,0,0,0,0,0,1,0,0,0.07608453149984565
0,0.0,0,0.0,13,255.0,0.0,0.0,2,4,1,1,1,13,255.0,19.615384615384617,1.0,0.0,0.0,1,0,0,0,0,0,1,0,0,0,0,1,0,0,0.024385651554708697
2,42.2,0,0.0,17,440.2261905,0.0,0.0,3,2,3,1,0,19,482.42619049999996,25.390852131578946,0.8947368421052632,0.0,1.1106421311095778,0,0,0,0,1,0,0,0,0,0,0,1,0,0,0.04261759467701968
4,50.0,4,486.6666667,6,555.6666667,0.0,0.0,3,2,1,2,0,14,1092.3333334,78.02380952857142,0.42857142857142855,0.0,0.0,0,1,1,0,0,0,0,0,0,0,0,1,0,0,0.09937829684465455
0,0.0,0,0.0,4,46.0,0.0,0.0,1,1,7,2,0,4,46.0,11.5,1.0,0.0,0.0,0,1,0,0,0,0,0,1,0,0,0,1,0,0,0.024438128369347105
3,79.4,0,0.0,11,394.0,0.0,0.0,3,2,3,1,1,14,473.4,33.81428571428571,0.7857142857142857,0.0,0.0,1,0,0,0,0,0,0,0,0,0,0,1,0,0,0.07608453149984565
0,0.0,0,0.0,1,0.0,0.0,0.0,6,7,3,15,0,1,0.0,0.0,1.0,0.0,0.999950002499875,0,1,0,0,0,0,0,1,0,0,0,1,0,0,0.024438128369347105
4,87.0,0,0.0,14,280.5,0.0,0.0,2,2,1,4,0,18,367.5,20.416666666666668,0.7777777777777778,0.0,0.5712979890310786,0,1,0,0,0,0,0,1,0,0,0,1,0,0,0.02579173006222376
0,0.0,0,0.0,8,32.2,0.0,0.0,1,1,1,3,0,8,32.2,4.025,1.0,0.0,0.8332777814812345,0,0,0,0,0,1,0,0,0,0,0,1,0,0,0.03183788113276797
3,17.0,0,0.0,18,407.5,0.0,0.0,2,2,6,5,1,21,424.5,20.214285714285715,0.8571428571428571,0.0,0.0,1,1,0,0,0,0,0,1,0,0,0,1,0,0,0.02579173006222376
2,48.83333333,6,370.875,22,526.0281385,22.93531071,0.6,1,1,1,2,0,30,945.73647183,31.524549061000002,0.7333333333333333,700.3555690796669,0.9815183753436648,0,1,0,0,0,0,0,1,0,0,0,1,0,0,0.44386609633319046
0,0.0,0,0.0,25,948.3428571,0.0,0.0,2,4,1,3,0,25,948.3428571,37.933714284,1.0,0.0,0.0,0,1,0,0,0,0,0,0,1,0,0,1,0,0,0.0876249225624166
0,0.0,0,0.0,9,218.0,0.0,0.0,2,2,6,3,1,9,218.0,24.22222222222222,1.0,0.0,0.0,1,0,0,0,0,0,1,0,0,0,0,1,0,0,0.024385651554708697
0,0.0,0,0.0,89,3480.811706,0.0,0.0,4,2,1,1,1,89,3480.811706,39.11024388764045,1.0,0.0,0.15276231911151145,1,1,0,0,0,0,0,0,1,0,0,1,1,0,0.22190672880299758
2,96.0,0,0.0,37,1238.5,0.0,0.0,2,2,1,2,0,39,1334.5,34.217948717948715,0.9487179487179487,0.0,0.3123096862801652,0,0,0,0,0,0,1,0,0,0,0,0,0,0,0.024385651554708697
0,0.0,0,0.0,116,3184.815705,0.0,0.0,2,2,1,10,1,116,3184.815705,27.45530780172414,1.0,0.0,0.0069214732060295684,1,1,0,0,0,0,0,0,1,0,0,1,0,0,0.255052135440694
5,850.0,0,0.0,20,1893.466667,0.0,0.0,2,4,9,2,0,25,2743.4666669999997,109.73866668,0.8,0.0,0.0,0,0,0,0,0,0,0,0,0,1,0,1,0,0,0.07608453149984565
0,0.0,0,0.0,2,0.0,0.0,0.8,3,2,3,3,0,2,0.0,0.0,1.0,0.0,0.999950002499875,0,1,0,0,0,0,0,1,0,0,0,1,0,0,0.024438128369347105
6,110.0,0,0.0,21,884.3333333,17.94797101,0.0,1,2,5,2,0,27,994.3333333,36.8271604925926,0.7777777777777778,1105.0424328852491,0.0,0,1,0,0,0,0,0,1,0,0,0,1,0,0,0.47549938802499986
3,99.0,0,0.0,58,1261.658333,0.0,0.0,1,2,9,2,0,61,1360.658333,22.30587431147541,0.9508196721311475,0.0,0.0,0,1,0,0,0,0,0,0,1,0,0,0,1,0,0.10563130497977023
1,113.0,0,0.0,13,935.0,0.0,0.6,1,1,1,2,0,14,1048.0,74.85714285714286,0.9285714285714286,0.0,0.0,0,1,0,0,0,0,0,1,0,0,0,0,0,0,0.024438128369347105
0,0.0,0,0.0,19,686.5833333,0.0,0.0,1,1,5,2,1,19,686.5833333,36.13596491052632,1.0,0.0,0.0,1,1,1,0,0,0,0,0,0,0,0,1,0,0,0.03373776773280304
0,0.0,0,0.0,10,211.8333333,0.0,0.0,2,2,3,13,0,10,211.8333333,21.18333333,1.0,0.0,0.0,0,1,1,0,0,0,0,0,0,0,0,1,0,0,0.03373776773280304
5,224.5833333,5,84.0,15,674.247619,0.0,0.0,3,2,4,2,0,25,982.8309523,39.313238092,0.6,0.0,0.6661559470970112,0,1,0,0,0,0,0,1,0,0,0,1,0,0,0.025811145167664636
0,0.0,0,0.0,27,1316.035714,0.0,0.0,2,2,1,1,0,27,1316.035714,48.74206348148149,1.0,0.0,0.0,0,1,0,0,0,0,0,0,1,0,0,1,0,0,0.09398063074455923
0,0.0,0,0.0,9,69.75,0.0,0.0,2,2,1,3,0,9,69.75,7.75,1.0,0.0,0.7272132302397317,0,1,1,0,0,0,0,0,0,0,0,1,0,0,0.03183788113276797
0,0.0,0,0.0,20,1511.0,0.0,0.6,2,2,3,6,0,20,1511.0,75.55,1.0,0.0,0.0,0,1,0,0,0,0,0,1,0,0,0,1,0,0,0.024438128369347105
6,149.7619048,3,267.25,120,3934.201024,8.788976395,0.0,2,2,4,2,1,129,4351.2129288,33.73033278139535,0.9302325581395349,371.53265112445047,0.10394893473114644,1,1,0,0,0,0,0,0,1,0,0,1,0,1,0.523854771753331
0,0.0,0,0.0,26,938.5833333,0.0,0.0,2,2,6,1,0,26,938.5833333,36.099358973076924,1.0,0.0,0.3527793238135037,0,1,1,0,0,0,0,0,0,0,0,1,0,0,0.03373776773280304
5,56.6,0,0.0,55,1058.338095,37.21183634,0.0,2,2,1,3,0,60,1114.938095,18.582301583333333,0.9166666666666666,5202.373868231953,0.0,0,1,0,0,0,0,0,0,1,0,0,1,1,1,0.6188499481744931
5,237.25,1,181.0,63,3445.0125,0.0,0.0,3,2,1,2,0,69,3863.2625,55.989311594202896,0.9130434782608695,0.0,0.42189031565827695,0,1,1,0,0,0,0,0,0,0,0,1,0,0,0.042560864390344094
0,0.0,0,0.0,27,644.0,0.0,0.0,3,2,2,3,0,27,644.0,23.85185185185185,1.0,0.0,0.1481196271116383,0,0,0,0,0,0,1,0,0,0,0,1,0,0,0.024385651554708697
0,0.0,0,0.0,17,631.5,0.0,0.8,2,2,1,13,0,17,631.5,37.14705882352941,1.0,0.0,0.18179008979588657,0,1,0,0,0,0,0,1,0,0,0,1,0,0,0.024438128369347105
0,0.0,0,0.0,12,142.75,0.0,0.0,1,1,6,2,0,12,142.75,11.895833333333334,1.0,0.0,0.3870068924687748,0,1,0,0,0,0,0,0,1,0,0,1,0,0,0.06723129767552383
3,148.0,0,0.0,8,292.5,0.0,0.0,2,2,1,3,1,11,440.5,40.04545454545455,0.7272727272727273,0.0,0.0,1,0,0,0,0,0,1,0,0,0,0,1,0,0,0.027559445376056948
2,36.75,2,9.0,20,393.5833333,0.0,0.0,1,1,3,6,0,24,439.3333333,18.305555554166666,0.8333333333333334,0.0,0.24594724909417376,0,1,0,0,0,0,0,0,1,0,0,1,0,0,0.10085296683782476
0,0.0,0,0.0,2,59.0,0.0,0.0,1,2,1,6,0,2,59.0,29.5,1.0,0.0,0.0,0,1,0,0,0,0,0,1,0,0,0,1,0,0,0.024438128369347105
0,0.0,0,0.0,7,360.75,0.0,0.0,1,1,1,2,1,7,360.75,51.535714285714285,1.0,0.0,0.0,0,0,0,0,0,0,1,0,0,0,0,0,0,0,0.024385651554708697
3,107.8,0,0.0,11,362.6,0.0,0.0,2,2,2,4,0,14,470.40000000000003,33.6,0.7857142857142857,0.0,0.0,0,0,0,0,0,0,0,0,0,0,1,1,0,0,0.0803827538725416
0,0.0,0,0.0,1,0.0,0.0,0.0,2,2,7,1,0,1,0.0,0.0,1.0,0.0,0.999950002499875,0,0,0,0,0,0,1,0,0,0,0,1,0,0,0.024385651554708697
2,129.0,0,0.0,31,866.7,18.11148387,0.0,3,2,6,1,0,33,995.7,30.172727272727276,0.9393939393939394,530.9513367121859,0.3467451714503974,0,1,0,0,0,0,0,1,0,0,0,1,1,0,0.43607748405387575
0,0.0,2,157.5,35,5999.808333,0.0,0.0,2,2,4,1,1,37,6157.308333,166.41373872972972,0.9459459459459459,0.0,0.19860248702227234,1,1,1,0,0,0,0,0,0,0,0,1,0,0,0.04261759467701968
8,137.075,0,0.0,59,2088.443506,54.07524113,0.0,4,2,3,3,0,67,2225.518506,33.21669411940298,0.8805970149253731,2297.8608012064155,0.2695500445292205,0,1,0,0,0,0,0,1,0,0,0,1,1,0,0.3872021959344103
1,26.0,2,33.0,6,64.0,0.0,0.2,1,1,3,4,0,9,123.0,13.666666666666666,0.6666666666666666,0.0,0.0,0,1,0,0,0,0,0,1,0,0,0,1,0,0,0.02841979414021608
1,77.0,1,335.0,33,3583.166667,11.15734286,0.0,2,2,3,11,1,35,3995.166667,114.14761905714286,0.9428571428571428,246.95276819857816,0.44267308318349585,1,1,0,0,0,0,0,1,0,0,0,1,0,0,0.30298061802204396
6,253.75,3,33.0,19,569.5138889,0.0,0.2,3,2,2,3,0,28,856.2638889,30.580853174999998,0.6785714285714286,0.0,0.7603128043468806,0,1,0,0,0,0,0,1,0,0,0,1,0,0,0.025811145167664636
0,0.0,0,0.0,20,968.75,73.98253901,0.0,1,2,1,1,0,20,968.75,48.4375,1.0,4014.01585736854,0.856677803487408,0,1,1,0,0,0,0,0,0,0,0,1,1,1,0.716104606946552
0,0.0,0,0.0,3,47.5,0.0,0.0,3,3,3,1,0,3,47.5,15.833333333333334,1.0,0.0,0.5999640009600145,0,1,0,0,0,0,0,0,1,0,0,1,0,0,0.06723129767552383
5,70.20765027,0,0.0,89,2542.60431,5.887666731,0.0,2,2,4,2,0,94,2612.8119602700003,27.79587191776596,0.9468085106382979,482.65117813558226,0.14850840211447286,0,1,0,0,0,0,0,0,1,0,0,1,1,1,0.5271350877726839
8,245.3333333,4,168.5,14,361.5,0.0,0.0,1,1,3,3,0,26,775.3333333,29.82051281923077,0.5384615384615384,0.0,0.9989012086594867,0,1,0,0,0,0,0,1,0,0,0,1,0,0,0.025811145167664636
2,54.0,0,0.0,11,220.9666667,0.0,0.0,1,1,4,6,0,13,274.9666667,21.151282053846156,0.8461538461538461,0.0,0.6954163650700292,0,1,0,0,0,0,0,1,0,0,0,1,0,0,0.02579173006222376
1,114.8,0,0.0,10,951.4333333,0.0,0.0,3,2,6,1,0,11,1066.2333333,96.93030302727271,0.9090909090909091,0.0,0.0,0,0,0,0,0,0,0,0,0,0,1,1,0,0,0.0377923968970553
0,0.0,1,37.0,15,497.3333333,0.0,0.0,1,1,2,1,0,16,534.3333333,33.39583333125,0.9375,0.0,0.33324446814182884,0,0,0,0,0,0,1,0,0,0,0,1,0,0,0.024385651554708697
2,88.0,10,719.0,54,1986.553118,25.82676446,0.0,1,1,2,2,0,66,2793.553118,42.32656239393939,0.8181818181818182,1294.6363738943144,0.25706513628795036,0,1,1,0,0,0,0,0,0,0,0,1,0,0,0.37768786340530264
7,213.3916667,0,0.0,32,1350.391667,0.0,0.0,2,2,1,8,1,39,1563.7833337000002,40.09700855641026,0.8205128205128205,0.0,0.0,1,0,0,0,0,0,1,0,0,0,0,1,0,0,0.02682579378132341
9,268.5,0,0.0,8,407.5,0.0,0.0,3,2,3,8,0,17,676.0,39.76470588235294,0.47058823529411764,0.0,0.0,0,1,1,0,0,0,0,0,0,0,0,1,0,0,0.09937829684465455
0,0.0,0,0.0,2,0.0,0.0,0.0,1,1,9,1,0,2,0.0,0.0,1.0,0.0,0.999950002499875,0,1,0,0,0,0,0,0,1,0,0,1,0,0,0.061158393045808314
1,7.0,0,0.0,39,1118.833333,0.0,0.0,2,2,6,13,0,40,1125.833333,28.145833325,0.975,0.0,0.28287074131543305,0,1,0,0,0,0,0,0,1,0,0,1,0,0,0.1034693156794675
0,0.0,0,0.0,17,287.75,0.0,0.6,2,2,1,4,0,17,287.75,16.926470588235293,1.0,0.0,0.6047889650867665,0,1,0,0,0,0,0,1,0,0,0,1,0,0,0.024438128369347105
5,77.08333333,2,96.5,15,2106.833333,0.0,0.0,1,1,4,2,1,22,2280.41666633,103.65530301500002,0.6818181818181818,0.0,0.3828760754668516,1,1,0,0,0,0,0,0,1,0,0,1,1,0,0.1496236053188291
2,19.0,0,0.0,11,658.9166667,0.0,0.0,2,2,1,2,0,13,677.9166667,52.1474359,0.8461538461538461,0.0,0.0,0,1,1,0,0,0,0,0,0,0,0,1,0,0,0.08536498998756806
4,85.92857143,0,0.0,39,681.7619048,0.0,0.0,1,1,7,3,0,43,767.6904762300001,17.85326688906977,0.9069767441860465,0.0,0.46622636542891505,0,1,0,0,0,0,0,1,0,0,0,1,0,0,0.024438128369347105
0,0.0,4,82.5,22,1087.986111,0.0,0.0,3,2,3,2,0,26,1170.486111,45.01869657692308,0.8461538461538461,0.0,0.379777884254833,0,1,0,0,0,0,0,0,1,0,0,1,0,0,0.10040526618688729
1,15.2,0,0.0,11,201.6333333,31.49043616,0.0,2,2,5,2,0,12,216.8333333,18.069444441666665,0.9166666666666666,629.6827866426714,0.11108890221955607,0,0,0,0,0,1,0,0,0,0,0,1,1,0,0.46954513941947645
0,0.0,0,0.0,24,832.0,21.92521348,0.0,2,6,6,1,0,24,832.0,34.666666666666664,1.0,1080.0674921077023,0.0,0,0,0,0,0,0,1,0,0,0,0,1,0,1,0.690484766531295
0,0.0,0,0.0,22,1443.25,0.0,0.8,2,2,1,13,0,22,1443.25,65.60227272727273,1.0,0.0,0.5832798698313321,0,1,0,0,0,0,0,1,0,0,0,1,0,0,0.024438128369347105
0,0.0,0,0.0,3,208.5,0.0,0.2,3,2,2,13,0,3,208.5,69.5,1.0,0.0,1.111000009999,0,1,0,0,0,0,0,1,0,0,0,1,0,0,0.024438128369347105
4,60.0,0,0.0,33,841.0333333,0.0,0.4,2,1,7,4,0,37,901.0333333,24.352252251351352,0.8918918918918919,0.0,0.34875691410501936,0,1,0,0,0,0,0,1,0,0,0,1,0,0,0.024438128369347105
0,0.0,0,0.0,14,108.0,0.0,0.0,2,2,1,19,0,14,108.0,7.714285714285714,1.0,0.0,0.0,0,1,0,0,0,0,0,1,0,0,0,1,0,0,0.024438128369347105
0,0.0,0,0.0,2,64.0,0.0,0.0,2,2,1,2,0,2,64.0,32.0,1.0,0.0,0.0,0,0,0,1,0,0,0,0,0,0,0,1,0,0,0.03183788113276797
0,0.0,0,0.0,7,370.8333333,0.0,0.0,2,2,2,3,0,7,370.8333333,52.97619047142857,1.0,0.0,0.49991252405807113,0,0,0,0,0,0,1,0,0,0,0,1,0,0,0.024385651554708697
4,900.5,0,0.0,14,1957.5,105.260972,0.0,1,1,3,10,0,18,2858.0,158.77777777777777,0.7777777777777778,7450.7079629042255,0.0,0,1,1,0,0,0,0,0,0,0,0,1,1,1,0.7565846142371822
1,11.0,0,0.0,51,1059.253472,0.0,0.0,3,2,6,3,0,52,1070.253472,20.58179753846154,0.9807692307692307,0.0,0.46740903063822914,0,0,0,0,0,0,1,0,0,0,0,1,0,0,0.024385651554708697
2,45.5,0,0.0,22,535.0,9.650250036,0.0,2,2,3,11,1,24,580.5,24.1875,0.9166666666666666,385.8556591763294,0.0,1,1,0,0,0,0,0,0,1,0,0,1,1,1,0.5796457924827881
2,34.0,0,0.0,21,521.5,0.0,0.0,3,2,5,1,1,23,555.5,24.152173913043477,0.9130434782608695,0.0,0.856738965912031,1,0,0,0,0,0,1,0,0,0,0,1,0,0,0.024385651554708697
0,0.0,0,0.0,19,866.3333333,14.58941181,0.0,2,4,3,2,1,19,866.3333333,45.59649122631579,1.0,583.3431351459416,0.0,1,1,1,0,0,0,0,0,0,0,0,1,0,1,0.5513444833686119
2,62.5,0,0.0,17,548.3333333,0.0,0.0,2,2,1,2,0,19,610.8333333,32.14912280526316,0.8947368421052632,0.0,0.0,0,0,0,0,0,0,1,0,0,0,0,1,0,0,0.024385651554708697
0,0.0,0,0.0,1,0.0,0.0,0.0,1,1,7,3,0,1,0.0,0.0,1.0,0.0,0.999950002499875,0,1,0,0,0,0,0,1,0,0,0,1,0,0,0.024438128369347105
0,0.0,0,0.0,22,848.8407143,0.0,0.0,2,4,3,2,0,22,848.8407143,38.58366883181818,1.0,0.0,0.0,0,0,0,0,0,1,0,0,0,0,0,1,0,0,0.03373776773280304
2,35.5,0,0.0,29,3296.65,18.25059634,0.0,4,2,9,8,0,31,3332.15,107.48870967741935,0.9354838709677419,831.633348346293,0.44097541890623143,0,1,1,0,0,0,0,0,0,0,0,1,0,0,0.3113862163461268
2,34.0,0,0.0,8,358.0,0.0,0.0,2,2,1,2,0,10,392.0,39.2,0.8,0.0,0.0,0,0,0,0,0,0,1,0,0,0,0,1,0,0,0.02682579378132341
12,255.5166667,0,0.0,38,436.8583333,0.0,0.0,2,2,7,5,1,50,692.375,13.8475,0.76,0.0,0.0,1,0,0,0,0,0,0,0,0,1,0,1,0,0,0.07608453149984565
0,0.0,0,0.0,8,85.5,0.0,0.0,2,2,1,1,0,8,85.5,10.6875,1.0,0.0,0.7499250074992501,0,1,0,0,0,0,0,1,0,0,0,1,0,0,0.024438128369347105
0,0.0,0,0.0,1,0.0,0.0,0.0,2,2,9,2,1,1,0.0,0.0,1.0,0.0,0.999950002499875,0,0,0,0,0,0,1,0,0,0,0,0,0,0,0.024385651554708697
0,0.0,3,103.1666667,21,1586.333333,0.0,0.0,2,2,1,2,0,24,1689.4999997,70.39583332083333,0.875,0.0,0.4998500599805064,0,1,0,0,0,0,0,1,0,0,0,1,0,0,0.024438128369347105
0,0.0,0,0.0,13,574.6666667,0.0,0.0,2,2,8,1,0,13,574.6666667,44.205128207692304,1.0,0.0,0.0,0,0,0,0,0,0,1,0,0,0,0,1,0,0,0.024385651554708697
3,875.0,0,0.0,34,780.7916667,0.0,0.0,4,2,3,2,1,37,1655.7916667,44.75112612702703,0.918918918918919,0.0,0.0,1,1,1,0,0,0,0,0,0,0,0,1,0,0,0.0377923968970553
0,0.0,0,0.0,1,0.0,0.0,0.0,3,3,1,3,0,1,0.0,0.0,1.0,0.0,0.999950002499875,0,1,0,0,0,0,0,1,0,0,0,1,0,0,0.024438128369347105
0,0.0,0,0.0,2,22.0,0.0,0.0,3,2,3,3,0,2,22.0,11.0,1.0,0.0,0.0,0,1,0,0,0,0,0,0,1,0,0,1,0,0,0.08338709146772509
0,0.0,0,0.0,7,182.5,0.0,0.0,3,2,3,13,0,7,182.5,26.071428571428573,1.0,0.0,1.1248523696886095,0,1,0,0,0,0,0,0,1,0,0,1,0,0,0.07064861781474875
0,0.0,0,0.0,12,198.0,0.0,0.0,2,2,3,2,0,12,198.0,16.5,1.0,0.0,0.22219260098653515,0,0,0,0,0,0,1,0,0,0,0,1,0,0,0.024385651554708697
5,175.9166667,0,0.0,12,276.25,0.0,0.0,3,2,1,3,0,17,452.1666667,26.59803921764706,0.7058823529411765,0.0,0.28565306515994376,0,1,1,0,0,0,0,0,0,0,0,1,1,0,0.08664988265574693
2,23.0,0,0.0,22,335.6666667,0.0,0.0,2,2,1,2,1,24,358.6666667,14.944444445833334,0.9166666666666666,0.0,0.0,0,1,0,0,0,0,0,1,0,0,0,0,0,0,0.024438128369347105
9,146.0,0,0.0,49,1592.133333,3.490036364,0.0,2,2,3,4,1,58,1738.133333,29.967816086206895,0.8448275862068966,174.4146108945527,0.18172733633183408,1,1,0,0,0,0,0,1,0,0,0,1,0,0,0.16759048583072383
0,0.0,0,0.0,14,244.0,0.0,0.0,2,4,1,4,0,14,244.0,17.428571428571427,1.0,0.0,0.09997900860836018,0,1,0,0,0,0,0,1,0,0,0,1,0,0,0.024438128369347105
0,0.0,0,0.0,6,50.0,0.0,0.0,2,5,6,4,0,6,50.0,8.333333333333334,1.0,0.0,0.4999250037498125,0,1,0,0,0,0,0,1,0,0,0,1,0,0,0.024438128369347105
0,0.0,0,0.0,4,59.0,0.0,0.8,2,2,4,1,0,4,59.0,14.75,1.0,0.0,0.714244900291412,0,1,0,0,0,0,0,1,0,0,0,1,0,0,0.024438128369347105
4,224.0,1,32.0,20,789.35,0.0,0.0,1,2,4,2,0,25,1045.35,41.81399999999999,0.8,0.0,0.0,0,0,0,0,0,0,1,0,0,0,0,1,0,0,0.02682579378132341
3,23.0,0,0.0,16,431.9,0.0,0.0,2,2,7,13,1,19,454.9,23.942105263157895,0.8421052631578947,0.0,0.312407255952662,1,0,0,0,1,0,0,0,0,0,0,1,0,0,0.0952502959872981
0,0.0,0,0.0,24,1483.333333,0.0,0.4,2,4,2,3,0,24,1483.333333,61.80555554166667,1.0,0.0,0.31566983746929655,0,1,0,0,0,0,0,1,0,0,0,1,0,0,0.024438128369347105
2,530.5,2,9.0,9,452.25,0.0,0.0,1,1,7,2,0,13,991.75,76.28846153846153,0.6923076923076923,0.0,0.4999062769474866,0,1,1,0,0,0,0,0,0,0,0,1,0,0,0.08664988265574693
0,0.0,0,0.0,4,57.0,0.0,0.0,1,1,3,3,1,4,57.0,14.25,1.0,0.0,0.6666222251849877,1,1,0,0,0,0,0,1,0,0,0,1,0,0,0.024438128369347105
7,356.675,0,0.0,72,1636.258333,0.0,0.0,2,2,4,4,0,79,1992.933333,25.227004215189872,0.9113924050632911,0.0,0.6887645152287781,0,0,0,0,0,0,0,0,0,1,0,1,0,0,0.04523486501605895
2,87.83333333,1,113.0,67,4868.0,48.45370723,0.0,2,2,5,2,0,70,5068.83333333,72.41190476185714,0.9571428571428572,15214.991391391643,0.0,0,1,1,0,0,0,0,0,0,0,0,1,1,1,0.6026240746035681
4,131.1,0,0.0,13,777.05,0.0,0.0,2,2,1,2,0,17,908.15,53.42058823529412,0.7647058823529411,0.0,0.0,0,0,0,0,0,0,0,0,0,1,0,1,0,0,0.07608453149984565
0,0.0,0,0.0,2,0.0,0.0,0.0,2,10,2,10,0,2,0.0,0.0,1.0,0.0,0.999950002499875,0,1,0,0,0,0,0,0,1,0,0,1,0,0,0.061158393045808314
2,21.25,0,0.0,33,968.6444444,0.0,0.0,3,2,1,8,1,35,989.8944444,28.282698411428573,0.9428571428571428,0.0,0.817016135668503,1,1,0,0,0,0,0,0,1,0,0,1,0,0,0.09829696450207022
1,23.2,0,0.0,4,44.8,0.0,0.0,2,10,7,4,1,5,68.0,13.6,0.8,0.0,0.0,1,0,0,0,0,1,0,0,0,0,0,1,0,0,0.09823793171578807
1,11.0,0,0.0,5,71.0,0.0,0.0,2,2,6,3,0,6,82.0,13.666666666666666,0.8333333333333334,0.0,0.0,0,0,0,0,0,0,1,0,0,0,0,1,0,0,0.03007480982577439
0,0.0,1,134.3333333,16,765.4454545,0.0,0.8,2,10,1,1,0,17,899.7787877999999,52.92816398823529,0.9411764705882353,0.0,1.1092623960066557,0,1,0,0,0,0,0,1,0,0,0,1,0,0,0.024438128369347105
0,0.0,0,0.0,18,481.4,0.0,0.0,3,2,3,3,0,18,481.4,26.744444444444444,1.0,0.0,0.7478968004104309,0,0,0,0,0,0,0,0,0,0,0,1,0,0,0.03373776773280304
0,0.0,0,0.0,9,303.6666667,0.0,0.0,2,4,5,2,0,9,303.6666667,33.740740744444444,1.0,0.0,0.11997409596310617,0,0,0,1,0,0,0,0,0,0,0,1,0,0,0.03373776773280304
0,0.0,0,0.0,3,69.0,0.0,1.0,3,2,1,20,1,3,69.0,23.0,1.0,0.0,0.0,1,1,0,0,0,0,0,1,0,0,0,1,0,0,0.024438128369347105
4,96.8,1,535.0,9,1888.2,0.0,0.0,2,2,9,2,0,14,2520.0,180.0,0.6428571428571429,0.0,0.0,0,1,0,0,0,0,0,0,1,0,0,1,0,0,0.13353124427554866
0,0.0,0,0.0,3,0.0,0.0,0.0,2,2,5,1,0,3,0.0,0.0,1.0,0.0,0.999950002499875,0,1,0,0,0,0,0,0,1,0,0,1,0,0,0.061158393045808314
0,0.0,0,0.0,31,1008.416667,0.0,0.0,2,6,1,2,0,31,1008.416667,32.529569903225806,1.0,0.0,0.0,0,1,0,0,0,0,0,1,0,0,0,1,0,0,0.024438128369347105
9,306.46,0,0.0,40,550.7095238,0.0,0.0,2,2,1,2,0,49,857.1695238,17.4932555877551,0.8163265306122449,0.0,0.0,0,0,0,0,0,0,0,0,0,0,1,1,0,0,0.0803827538725416
3,120.6,3,183.8,85,1813.753466,0.858361456,0.0,2,2,3,4,0,91,2118.1534659999998,23.27641171428571,0.9340659340659341,150.34084907861302,0.0,0,0,0,0,0,0,0,0,0,0,0,1,0,0,0.3684074949125681
0,0.0,0,0.0,18,2335.125,0.0,0.0,2,2,1,3,0,18,2335.125,129.72916666666666,1.0,0.0,0.0,0,1,0,0,0,0,0,0,1,0,0,1,0,0,0.14277936929404178
2,38.5,0,0.0,28,770.3095238,0.0,0.0,1,1,1,3,0,30,808.8095238,26.96031746,0.9333333333333333,0.0,0.7531504731079389,0,1,0,0,0,0,0,0,1,0,0,1,0,0,0.09840546605709755
0,0.0,0,0.0,11,2076.75,0.0,0.0,2,2,4,3,0,11,2076.75,188.79545454545453,1.0,0.0,0.4443901246638963,0,1,0,0,0,0,0,0,1,0,0,1,0,0,0.11771229455087699
0,0.0,0,0.0,12,155.0,0.0,0.0,4,2,1,1,0,12,155.0,12.916666666666666,1.0,0.0,0.7271933980758704,0,1,0,0,0,0,0,0,1,0,0,1,0,0,0.07064861781474875
0,0.0,0,0.0,16,898.7583333,0.0,0.0,1,1,1,1,0,16,898.7583333,56.17239583125,1.0,0.0,0.42827776218085345,0,1,0,0,0,0,0,0,1,0,0,1,1,0,0.08091811713940138
0,0.0,0,0.0,3,55.0,0.0,0.0,2,2,1,10,0,3,55.0,18.333333333333332,1.0,0.0,0.0,0,0,0,0,0,0,1,0,0,0,0,1,0,0,0.024385651554708697
2,37.33333333,0,0.0,31,1552.883333,0.0,0.0,2,2,3,2,0,33,1590.21666633,48.18838382818182,0.9393939393939394,0.0,0.0,0,1,0,0,0,0,0,1,0,0,0,1,0,0,0.024438128369347105
14,603.9,2,52.4,46,1760.657143,2.006032937,0.0,1,1,6,4,1,62,2416.9571429999996,38.983179725806444,0.7419354838709677,78.88047158422889,0.39751369375533296,1,0,0,0,0,0,0,0,0,0,1,1,0,0,0.21944600782581863
0,0.0,0,0.0,3,823.5,0.0,0.0,2,2,3,8,0,3,823.5,274.5,1.0,0.0,0.0,0,1,1,0,0,0,0,0,0,0,0,1,0,0,0.03373776773280304
8,246.5,0,0.0,74,2326.666667,5.015272727,0.0,2,4,3,2,0,82,2573.166667,31.380081304878047,0.9024390243902439,1923.4743256029085,0.0,0,1,0,0,0,0,0,1,0,0,0,0,0,1,0.5359960676660421
0,0.0,0,0.0,28,527.8333333,0.0,0.0,2,2,2,13,0,28,527.8333333,18.851190475000003,1.0,0.0,0.6152568408569199,0,0,0,0,0,0,0,0,0,1,0,1,0,0,0.03373776773280304
5,210.7777778,3,215.0,33,1887.694444,11.69485714,0.0,3,2,3,13,0,41,2313.4722217999997,56.42615175121951,0.8048780487804879,361.0532083157049,0.26462417652929743,0,1,0,0,0,0,0,1,0,0,0,1,1,0,0.21221280082652372
0,0.0,0,0.0,5,226.0,0.0,0.0,1,1,1,1,0,5,226.0,45.2,1.0,0.0,0.6499512577805446,0,1,0,0,0,0,0,1,0,0,0,1,0,0,0.024438128369347105
9,352.2333333,0,0.0,49,2268.900677,0.0,0.0,1,2,9,2,0,58,2621.1340103,45.19196569482759,0.8448275862068966,0.0,0.0,0,0,0,0,0,0,0,0,0,0,0,1,0,0,0.07608453149984565
0,0.0,0,0.0,10,249.0,0.0,0.0,1,1,8,3,0,10,249.0,24.9,1.0,0.0,0.6249023590064053,0,1,0,0,0,0,0,0,1,0,0,1,0,0,0.07108816330592016
1,21.2,0,0.0,0,0.0,0.0,0.0,1,1,1,5,0,1,21.2,21.2,0.0,0.0,0.49995000499950004,0,0,0,0,0,0,0,0,0,1,0,1,0,0,0.12737902072115947
4,34.2,0,0.0,27,809.6933333,27.6509675,0.0,3,2,4,13,1,31,843.8933333,27.222365590322582,0.8709677419354839,817.1927405915221,0.68607168979586,1,0,0,0,0,0,0,0,0,0,1,1,0,0,0.4661690182442653
2,190.4,1,274.0,39,1321.853333,0.0,0.0,2,2,8,4,0,42,1786.253333,42.529841261904764,0.9285714285714286,0.0,0.521453497947434,0,0,0,0,0,0,0,0,0,0,0,1,0,0,0.0377923968970553
0,0.0,0,0.0,4,97.0,0.0,0.0,2,2,2,1,0,4,97.0,24.25,1.0,0.0,0.0,0,0,0,0,0,0,1,0,0,0,0,1,0,0,0.024385651554708697
3,76.75,1,0.0,36,1100.916667,18.99269231,0.0,2,2,1,2,0,40,1177.666667,29.441666675,0.9,1243.5864237160677,0.5036700242232534,0,1,0,0,0,0,0,1,0,0,0,1,0,0,0.4881453986623041
0,0.0,0,0.0,2,0.0,0.0,0.0,3,2,4,13,0,2,0.0,0.0,1.0,0.0,0.999950002499875,0,0,0,0,0,1,0,0,0,0,0,1,0,0,0.03183788113276797
0,0.0,0,0.0,3,9.0,0.0,0.0,2,2,2,3,1,3,9.0,3.0,1.0,0.0,0.4999625065619141,1,1,0,0,0,0,0,1,0,0,0,1,0,0,0.024438128369347105
2,52.0,0,0.0,24,427.0833333,0.0,0.0,2,2,1,1,0,26,479.0833333,18.42628205,0.9230769230769231,0.0,0.4417864950679383,0,0,0,0,0,0,1,0,0,0,0,1,0,0,0.024385651554708697
1,0.0,0,0.0,19,2236.9,19.59533333,0.0,4,1,2,4,1,20,2236.9,111.845,0.95,705.1781301117347,0.0,1,1,0,0,0,0,0,1,0,0,0,1,1,0,0.4392604714989672
0,0.0,0,0.0,7,140.4583333,0.0,0.0,3,3,9,2,0,7,140.4583333,20.065476185714285,1.0,0.0,0.8330903680850614,0,1,0,0,0,0,0,0,1,0,0,1,0,0,0.06681388431173944
1,56.5,0,0.0,16,541.875,15.14864831,0.0,2,4,9,8,0,17,598.375,35.1985294117647,0.9411764705882353,1210.9231262989608,0.0,0,1,0,0,0,0,0,0,1,0,0,0,1,1,0.8158482199642879
0,0.0,0,0.0,20,606.0,0.0,0.0,2,2,6,1,0,20,606.0,30.3,1.0,0.0,0.0,0,0,0,0,0,0,1,0,0,0,0,1,0,0,0.024385651554708697
0,0.0,0,0.0,41,3389.8,0.0,0.0,2,4,3,1,0,41,3389.8,82.67804878048781,1.0,0.0,0.6469299312309216,0,0,0,0,0,0,0,0,0,0,1,1,0,0,0.03373776773280304
0,0.0,0,0.0,9,58.0,0.0,0.0,1,1,1,3,1,9,58.0,6.444444444444445,1.0,0.0,0.8749507854246314,1,1,0,0,0,0,0,1,0,0,0,1,0,0,0.024438128369347105
0,0.0,0,0.0,84,4894.851299,0.0,0.0,2,2,3,1,1,84,4894.851299,58.272039273809526,1.0,0.0,0.0942811563773713,1,1,0,0,0,0,0,0,1,0,0,1,1,0,0.22276204164365024
1,10.0,0,0.0,5,354.9,0.0,0.0,2,2,5,1,0,6,364.9,60.81666666666666,0.8333333333333334,0.0,0.0,0,0,0,0,0,0,0,0,0,0,1,1,0,0,0.09013634261680598
1,0.0,0,0.0,25,293.4166667,0.0,0.0,3,2,3,10,1,26,293.4166667,11.285256411538462,0.9615384615384616,0.0,0.0,1,1,0,0,0,0,0,0,1,0,0,1,0,0,0.09889022232218454
0,0.0,0,0.0,4,90.5,0.0,0.0,3,2,1,10,0,4,90.5,22.625,1.0,0.0,0.5999640009600145,0,1,0,0,0,0,0,0,1,0,0,1,0,0,0.06723129767552383
0,0.0,0,0.0,4,47.5,0.0,0.0,2,5,1,2,0,4,47.5,11.875,1.0,0.0,0.0,0,1,0,0,0,0,0,0,1,0,0,1,0,0,0.06723129767552383
0,0.0,0,0.0,3,41.0,0.0,0.0,2,2,1,3,1,3,41.0,13.666666666666666,1.0,0.0,0.0,1,0,0,0,0,0,1,0,0,0,0,1,0,0,0.024385651554708697
5,77.5,0,0.0,5,90.33333333,0.0,0.0,3,2,1,13,0,10,167.83333333000002,16.783333333,0.5,0.0,0.5712979890310786,0,1,0,0,0,0,0,1,0,0,0,1,0,0,0.02841979414021608
7,60.29166667,0,0.0,8,108.5,0.0,0.0,2,2,2,6,0,15,168.79166666999998,11.252777777999999,0.5333333333333333,0.0,0.27391630984101684,0,1,1,0,0,0,0,0,0,0,0,1,0,0,0.10484568748000926
0,0.0,0,0.0,1,0.0,0.0,0.0,1,1,3,2,0,1,0.0,0.0,1.0,0.0,0.999950002499875,0,1,0,0,0,0,0,0,1,0,0,1,0,0,0.061158393045808314
0,0.0,0,0.0,1,0.0,0.0,0.0,2,4,1,3,0,1,0.0,0.0,1.0,0.0,0.999950002499875,0,0,0,0,0,0,1,0,0,0,0,1,0,0,0.024385651554708697
2,47.0,0,0.0,42,1528.382468,17.69657143,1.0,1,1,1,4,1,44,1575.382468,35.804147,0.9545454545454546,3708.4919817138016,0.0,0,1,0,0,0,0,0,1,0,0,0,0,1,1,0.7250986837171929
0,0.0,0,0.0,13,281.547619,0.0,0.0,1,1,2,2,1,13,281.547619,21.657509153846153,1.0,0.0,0.22209391413128263,1,0,0,0,0,0,1,0,0,0,0,1,0,0,0.024385651554708697
5,147.0,0,0.0,36,3473.733333,0.0,0.0,2,2,6,3,0,41,3620.733333,88.31056909756097,0.8780487804878049,0.0,0.4614000346036192,0,1,0,0,0,0,0,1,0,0,0,1,0,0,0.024438128369347105
1,27.5,3,17.0,1,10.0,0.0,0.0,1,1,1,8,0,5,54.5,10.9,0.2,0.0,0.0,0,1,0,0,0,0,0,0,1,0,0,0,1,0,0.29517853533580707
4,32.0,1,43.5,311,12500.35306,0.0,0.0,2,2,7,2,0,316,12575.85306,39.79700335443038,0.9841772151898734,0.0,0.09441586960848185,0,1,0,0,0,0,0,0,1,0,0,1,0,0,0.20338001588674282
8,236.8333333,0,0.0,20,411.3888889,17.39171429,0.0,3,2,3,3,1,28,648.2222222,23.15079365,0.7142857142857143,1033.0445008216914,0.5657015394409768,1,1,0,0,0,0,0,1,0,0,0,1,1,0,0.44603638554019637
1,7.625,0,0.0,21,1104.9,0.0,0.0,2,2,1,1,0,22,1112.525,50.56931818181818,0.9545454545454546,0.0,0.0,0,1,1,0,0,0,0,0,0,0,0,1,0,0,0.04261759467701968
0,0.0,0,0.0,4,0.0,0.0,0.0,2,2,2,4,0,4,0.0,0.0,1.0,0.0,0.999950002499875,0,0,0,0,0,0,0,0,0,0,0,1,0,0,0.03183788113276797
5,163.0,0,0.0,5,25.0,0.0,0.0,2,2,2,20,1,10,188.0,18.8,0.5,0.0,0.4998750312421894,0,0,0,0,0,0,0,0,0,1,0,0,0,0,0.09937829684465455
1,6.0,0,0.0,7,212.0,0.0,0.0,1,1,1,3,0,8,218.0,27.25,0.875,0.0,0.0,0,1,0,0,0,0,0,0,1,0,0,1,0,0,0.08204427136751852
0,0.0,0,0.0,52,2180.217803,0.0,0.0,2,2,4,2,0,52,2180.217803,41.92726544230769,1.0,0.0,0.0,0,1,1,0,0,0,0,0,0,0,0,1,0,0,0.03373776773280304
6,60.0,2,61.0,23,1031.704762,33.14784917,0.0,4,2,9,10,1,31,1152.704762,37.184024580645165,0.7419354838709677,4654.870450692315,0.0,1,0,0,0,0,0,1,0,0,0,0,1,1,1,0.6551804133044717
14,173.55,0,0.0,164,4155.746883,13.76473644,0.0,2,2,3,2,0,178,4329.296883,24.321892601123594,0.9213483146067416,1023.5648579995004,0.18696578781425124,0,1,0,0,0,0,0,0,1,0,0,1,1,1,0.5449062617561704
5,267.5,0,0.0,5,62.5,0.0,0.0,2,2,2,3,1,10,330.0,33.0,0.5,0.0,0.4998875253056814,0,0,0,0,0,0,1,0,0,0,0,0,0,0,0.027559445376056948
0,0.0,0,0.0,8,764.6666667,0.0,0.0,3,2,4,10,0,8,764.6666667,95.5833333375,1.0,0.0,0.5712979890310786,0,1,0,0,0,0,0,0,1,0,0,1,0,0,0.07108816330592016
4,271.2,0,0.0,4,144.6,0.0,0.0,3,2,1,2,0,8,415.79999999999995,51.974999999999994,0.5,0.0,0.0,0,0,0,0,0,0,0,0,0,1,0,1,0,0,0.09937829684465455
10,117.3333333,0,0.0,28,631.9896825,10.16517157,0.0,3,7,1,2,0,38,749.3230158,19.719026731578946,0.7368421052631579,445.76034775824263,0.7738540468874964,0,0,0,0,0,0,1,0,0,0,0,1,1,0,0.4878468444955021
5,91.31666667,0,0.0,29,1352.976722,7.91345877,0.0,1,1,6,1,0,34,1444.29338867,42.47921731382353,0.8529411764705882,322.56815604920655,0.45857214411866754,0,1,0,0,0,0,0,0,1,0,0,1,0,0,0.4221565008166268
5,31.7,3,239.2,3,78.5,0.0,0.0,2,2,1,5,0,11,349.4,31.763636363636362,0.2727272727272727,0.0,0.0,0,0,0,0,0,0,0,0,0,0,1,0,0,0,0.11718650113062998
3,89.6,0,0.0,57,1721.906667,204.0079491,0.0,2,2,1,4,1,60,1811.5066669999999,30.191777783333333,0.95,34332.039666096905,0.0,1,1,0,0,0,0,0,0,1,0,0,1,1,1,0.678628368718947
0,0.0,0,0.0,2,46.5,0.0,0.0,1,1,2,2,0,2,46.5,23.25,1.0,0.0,0.0,0,1,1,0,0,0,0,0,0,0,0,0,0,0,0.03183788113276797
10,161.7083333,1,0.0,126,2645.833333,2.776907268,0.6,3,2,2,3,0,137,2807.5416663,20.49300486350365,0.9197080291970803,173.76435265141845,0.2822922141959642,0,1,0,0,0,0,0,1,0,0,0,1,0,0,0.16716068582732638
0,0.0,0,0.0,41,898.15,19.51010101,0.0,2,5,3,1,0,41,898.15,21.90609756097561,1.0,1727.7730157258413,0.0,0,1,1,0,0,0,0,0,0,0,0,1,1,1,0.6631421429833233
5,85.25,0,0.0,3,36.25,0.0,0.0,2,4,4,2,0,8,121.5,15.1875,0.375,0.0,0.0,0,1,0,0,0,0,0,0,1,0,0,1,0,0,0.2248981674338183
0,0.0,0,0.0,6,13.0,0.0,0.0,2,2,1,3,0,6,13.0,2.1666666666666665,1.0,0.0,0.7999519992801392,0,0,0,0,0,0,1,0,0,0,0,1,0,0,0.024385651554708697
2,32.7,0,0.0,6,812.35,24.16451021,0.0,3,2,1,2,0,8,845.0500000000001,105.63125000000001,0.75,658.0756674088697,0.4951481288499329,0,0,0,0,0,0,0,0,0,0,0,1,0,0,0.433535541741573
4,54.4,0,0.0,68,2889.946154,0.0,0.0,4,1,4,1,0,72,2944.3461540000003,40.89369658333334,0.9444444444444444,0.0,0.32940321733263433,0,0,0,0,0,1,0,0,0,0,0,1,0,0,0.03797951707048736
0,0.0,0,0.0,2,0.0,0.0,0.6,2,2,7,3,0,2,0.0,0.0,1.0,0.0,0.999950002499875,0,1,0,0,0,0,0,1,0,0,0,1,0,0,0.024438128369347105
0,0.0,0,0.0,3,14.0,0.0,0.0,4,1,3,3,0,3,14.0,4.666666666666667,1.0,0.0,0.0,0,0,0,0,0,0,1,0,0,0,0,1,0,0,0.024385651554708697
1,15.0,1,0.0,62,969.15,0.0,0.0,2,2,3,2,0,64,984.15,15.37734375,0.96875,0.0,0.039311691452774654,0,1,0,0,0,0,0,1,0,0,0,1,0,0,0.024438128369347105
0,0.0,0,0.0,50,1369.75,3.241653061,0.6,2,2,1,2,0,50,1369.75,27.395,1.0,74.83529362225865,0.4711333513046524,0,1,0,0,0,0,0,1,0,0,0,1,0,0,0.202307993321977
0,0.0,0,0.0,18,860.5603175,0.0,0.0,3,2,6,1,0,18,860.5603175,47.80890652777778,1.0,0.0,0.0,0,0,0,0,0,0,0,0,0,1,0,1,0,0,0.03373776773280304
1,85.0,0,0.0,14,306.5,0.0,0.0,2,2,3,2,0,15,391.5,26.1,0.9333333333333333,0.0,0.0,0,0,0,0,0,0,1,0,0,0,0,1,0,0,0.024385651554708697
1,34.0,0,0.0,36,646.2857143,0.0,0.0,2,4,6,3,0,37,680.2857143,18.386100386486486,0.972972972972973,0.0,0.0,0,1,0,0,0,0,0,1,0,0,0,1,0,0,0.024438128369347105
10,204.0952381,1,170.0,138,4042.949908,18.21579469,0.0,2,2,1,6,0,149,4417.0451461,29.644598295973157,0.9261744966442953,1258.6861927837551,0.2782494833151028,0,1,1,0,0,0,0,0,0,0,0,1,1,0,0.3032611652074947
2,11.0,0,0.0,72,1706.064885,0.0,0.0,1,1,3,2,0,74,1717.064885,23.203579527027028,0.972972972972973,0.0,0.522866191026791,0,1,0,0,0,0,0,0,1,0,0,1,0,0,0.13098074076532318
6,145.0,0,0.0,85,1704.580556,0.0,0.0,1,2,3,2,0,91,1849.580556,20.325061054945053,0.9340659340659341,0.0,0.11533128389358394,0,1,0,0,0,0,0,0,1,0,0,1,1,0,0.11738054289007414
0,0.0,1,255.0,15,1418.25,0.0,0.0,2,2,3,1,0,16,1673.25,104.578125,0.9375,0.0,0.0,0,0,0,0,0,0,1,0,0,0,0,1,0,0,0.024385651554708697
5,43.0,0,0.0,36,725.3333333,0.0,0.0,2,2,3,13,0,41,768.3333333,18.739837397560976,0.8780487804878049,0.0,0.3331390216801784,0,0,0,0,0,0,0,0,0,0,1,1,0,0,0.04277944423554746
0,0.0,0,0.0,30,1224.75,21.04864167,0.0,2,4,2,2,0,30,1224.75,40.825,1.0,2942.6901264767353,0.0,0,0,0,0,0,0,1,0,0,0,0,0,1,1,0.822552313411004
4,218.9666667,0,0.0,12,672.7,83.10114264,0.0,2,2,3,2,1,16,891.6666667000001,55.729166668750004,0.75,18655.783446822996,0.0,1,1,0,0,0,0,0,0,1,0,0,1,1,1,0.763792814223302
8,194.2916667,5,759.5,23,1291.35119,41.67776195,0.0,3,3,1,2,1,36,2245.1428567000003,62.365079352777784,0.6388888888888888,2036.5838551504564,0.6416616152472483,1,1,1,0,0,0,0,0,0,0,0,1,0,0,0.46117226293404595
8,114.5,0,0.0,36,513.4,16.09065,0.6,2,2,1,3,0,44,627.9,14.270454545454545,0.8181818181818182,456.49701068951384,0.11820970750334166,0,1,0,0,0,0,0,1,0,0,0,1,0,0,0.1899601315582106
6,276.75,0,0.0,12,342.125,0.0,0.0,1,2,3,2,0,18,618.875,34.38194444444444,0.6666666666666666,0.0,0.0,0,1,0,0,0,0,0,0,1,0,0,0,0,0,0.08794753641774103
0,0.0,0,0.0,7,178.25,0.0,0.0,2,10,6,3,0,7,178.25,25.464285714285715,1.0,0.0,0.49991252405807113,0,1,1,0,0,0,0,0,0,0,0,1,0,0,0.03373776773280304
4,98.91666667,0,0.0,110,4096.712716,0.0,0.0,1,2,6,2,0,114,4195.62938267,36.803766514649126,0.9649122807017544,0.0,0.23978321066746436,0,1,0,0,0,0,0,0,1,0,0,1,0,0,0.21345073437256953
1,75.0,4,250.6666667,44,1679.833333,45.8293144,0.0,2,2,1,2,1,49,2005.4999997,40.92857142244898,0.8979591836734694,41778.587857135695,0.0,0,0,0,0,0,0,1,0,0,0,0,0,1,1,0.7955560354078182
7,96.0,3,313.0,65,2091.662821,6.147633803,0.0,3,2,3,4,1,75,2500.662821,33.34217094666666,0.8666666666666667,203.8585615814212,0.40477596638958646,1,1,0,0,0,0,0,1,0,0,0,1,0,0,0.17112370521373158
2,156.0,1,201.0,14,1033.066667,0.0,0.0,1,1,6,3,1,17,1390.066667,81.76862747058824,0.8235294117647058,0.0,1.0161224490957204,1,1,0,0,0,0,0,1,0,0,0,1,0,0,0.02579173006222376
0,0.0,0,0.0,25,319.3333333,10.4445,0.0,2,5,5,1,0,25,319.3333333,12.773333332,1.0,284.7723322296434,0.45442152636170563,0,1,0,0,0,0,0,1,0,0,0,1,1,1,0.6268195404402653
0,0.0,0,0.0,27,857.1833333,0.0,0.0,2,2,9,10,0,27,857.1833333,31.74753086296296,1.0,0.0,0.0,0,1,0,0,0,0,0,0,1,0,0,1,0,0,0.0876249225624166
0,0.0,0,0.0,3,80.0,0.0,0.0,3,2,1,10,1,3,80.0,26.666666666666668,1.0,0.0,0.0,1,0,0,0,0,0,1,0,0,0,0,1,0,0,0.024385651554708697
7,145.98,0,0.0,36,646.1533333,22.08032319,0.0,2,2,2,2,0,43,792.1333333,18.421705425581397,0.8372093023255814,1245.4144089630622,0.0,0,0,0,0,0,0,0,0,0,0,0,1,0,1,0.5019333460526251
0,0.0,2,842.3,26,1911.711111,8.018832458,0.0,3,2,1,2,1,28,2754.011111,98.35753967857143,0.9285714285714286,218.63580073947284,0.4194660054579114,1,0,0,0,1,0,0,0,0,0,0,1,1,0,0.3596512398378446
0,0.0,0,0.0,6,134.0,0.0,0.0,1,1,1,3,0,6,134.0,22.333333333333332,1.0,0.0,0.705807627219742,0,1,0,0,0,0,0,1,0,0,0,1,0,0,0.024438128369347105
0,0.0,0,0.0,3,112.0,0.0,0.0,2,2,7,10,0,3,112.0,37.333333333333336,1.0,0.0,0.4999625065619141,0,0,0,0,0,0,1,0,0,0,0,1,0,0,0.024385651554708697
7,215.2,0,0.0,119,4749.240385,1.164075388,0.8,3,2,6,6,0,126,4964.440385,39.40032051587301,0.9444444444444444,36.581012660893,0.4956455858768977,0,1,0,0,0,0,0,1,0,0,0,1,0,0,0.06253733533635034
0,0.0,0,0.0,2,0.0,0.0,0.0,2,2,1,4,0,2,0.0,0.0,1.0,0.0,0.999950002499875,0,1,0,0,0,0,0,1,0,0,0,1,0,0,0.024438128369347105
0,0.0,0,0.0,5,108.0,0.0,0.0,2,2,3,13,0,5,108.0,21.6,1.0,0.0,0.0,0,1,0,0,0,0,0,1,0,0,0,1,0,0,0.024438128369347105
3,103.6,0,0.0,30,440.5333333,0.0,0.0,2,2,2,1,1,33,544.1333333,16.488888887878787,0.9090909090909091,0.0,0.29986057413079836,1,0,0,0,0,0,0,0,0,0,0,1,0,0,0.0377923968970553
4,135.6666667,0,0.0,28,615.8166667,0.0,0.0,1,1,1,4,0,32,751.4833334,23.48385416875,0.875,0.0,0.4612510331187693,0,1,0,0,0,0,0,1,0,0,0,1,0,0,0.024438128369347105
12,155.6,6,282.0,52,1283.052597,12.07468889,0.0,1,1,3,2,0,70,1720.6525970000002,24.58075138571429,0.7428571428571429,307.9381222502744,0.6311293857224681,0,1,0,0,0,0,0,1,0,0,0,1,0,0,0.2289698061940627
10,363.3333333,0,0.0,59,2012.900794,54.65714872,0.0,1,5,1,4,0,69,2376.2341272999997,34.43817575797101,0.855072463768116,4777.207068992116,0.13446642779385268,0,1,0,0,0,0,0,1,0,0,0,1,0,0,0.39550392466097145
4,92.0,0,0.0,21,755.0,0.0,0.0,3,2,1,2,0,25,847.0,33.88,0.84,0.0,0.0,0,1,0,0,0,0,0,0,1,0,0,0,0,0,0.08892064844041458
3,117.8,0,0.0,62,2032.39696,0.0,0.0,3,2,6,4,0,65,2150.19696,33.079953230769235,0.9538461538461539,0.0,0.2778733753039291,0,0,0,0,0,0,0,0,0,0,1,1,0,0,0.03797951707048736
0,0.0,0,0.0,10,1186.6,0.0,0.0,2,5,1,3,0,10,1186.6,118.66,1.0,0.0,0.2499687539057618,0,0,0,0,0,0,0,0,0,0,0,1,0,0,0.03373776773280304
0,0.0,0,0.0,4,352.0,0.0,0.8,2,2,1,13,0,4,352.0,88.0,1.0,0.0,0.6666222251849877,0,1,0,0,0,0,0,1,0,0,0,1,0,0,0.024438128369347105
0,0.0,0,0.0,6,339.5,124.9045858,0.0,2,6,9,20,0,6,339.5,56.583333333333336,1.0,7489.781129526662,0.0,0,1,0,0,0,0,0,0,1,0,0,0,1,1,0.8510896452358656
11,143.8333333,3,404.5833333,58,3473.857143,2.568454762,0.0,2,2,2,3,0,72,4022.2738096000003,55.86491402222222,0.8055555555555556,159.3224413627572,0.354459813594733,0,1,0,0,0,0,0,1,0,0,0,1,0,0,0.14485351962297818
2,18.0,4,15.0,30,569.1190476,0.0,0.0,2,2,1,4,0,36,602.1190476,16.725529100000003,0.8333333333333334,0.0,0.0,0,1,0,0,0,0,0,1,0,0,0,1,0,0,0.02579173006222376
0,0.0,0,0.0,13,283.5,0.0,0.4,2,2,5,3,0,13,283.5,21.807692307692307,1.0,0.0,0.0,0,1,0,0,0,0,0,1,0,0,0,1,0,0,0.024438128369347105
0,0.0,0,0.0,7,56.625,0.0,0.0,3,2,1,20,0,7,56.625,8.089285714285714,1.0,0.0,0.42850715678394663,0,1,1,0,0,0,0,0,0,0,0,1,0,0,0.03183788113276797
1,2.0,0,0.0,16,323.2333333,0.0,0.0,3,2,8,8,0,17,325.2333333,19.131372547058824,0.9411764705882353,0.0,0.0,0,1,1,0,0,0,0,0,0,0,0,1,0,0,0.04261759467701968
0,0.0,0,0.0,8,370.0,0.0,0.0,2,2,3,14,1,8,370.0,46.25,1.0,0.0,0.0,1,1,0,0,0,0,0,1,0,0,0,1,0,0,0.024438128369347105
1,7.0,1,97.0,53,2247.608298,32.68969091,0.0,1,1,3,4,0,55,2351.608298,42.75651450909091,0.9636363636363636,1950.2337236124592,0.2892556855756809,0,1,0,0,0,0,0,1,0,0,0,1,0,1,0.5295749799070505
10,312.0,0,0.0,18,782.5,0.0,0.0,3,2,1,18,1,28,1094.5,39.089285714285715,0.6428571428571429,0.0,0.0,1,1,0,0,0,0,0,1,0,0,0,1,0,0,0.025811145167664636
2,75.6,2,652.8,10,1143.666667,0.0,0.0,2,2,4,2,0,14,1872.066667,133.71904764285713,0.7142857142857143,0.0,0.0,0,0,0,0,0,0,0,0,0,0,0,1,0,0,0.08664988265574693
1,4.0,0,0.0,33,947.4166667,0.0,0.0,2,2,1,2,1,34,951.4166667,27.982843138235292,0.9705882352941176,0.0,0.26831119968824113,1,1,0,0,0,0,0,0,1,0,0,1,0,0,0.09933191342002153
1,13.83333333,1,0.0,200,8336.039583,3.730318306,0.0,2,5,4,1,0,202,8349.87291633,41.33600453628713,0.9900990099009901,211.85946624034867,0.23898440398709347,0,1,0,0,0,0,0,0,1,0,0,1,1,1,0.5763490593805267
0,0.0,0,0.0,12,465.25,0.0,0.0,3,2,6,2,1,12,465.25,38.770833333333336,1.0,0.0,0.0,1,1,1,0,0,0,0,0,0,0,0,1,0,0,0.03373776773280304
1,49.5,0,0.0,14,207.5416667,0.0,0.0,2,4,1,2,0,15,257.0416667,17.136111113333335,0.9333333333333333,0.0,0.0,0,1,1,0,0,0,0,0,0,0,0,0,0,0,0.03813520076792076
0,0.0,0,0.0,5,28.25,0.0,0.0,2,2,1,2,1,5,28.25,5.65,1.0,0.0,0.8570510333073279,1,1,0,0,0,0,0,0,1,0,0,1,0,0,0.06137252587406211
2,95.0,0,0.0,20,1031.083333,68.20038032,0.0,2,2,1,10,0,22,1126.083333,51.18560604545455,0.9090909090909091,3237.9799599594194,0.0,0,1,1,0,0,0,0,0,0,0,0,1,0,1,0.7163034242169125
6,331.25,3,365.25,6,267.0,0.0,0.0,1,2,7,3,1,15,963.5,64.23333333333333,0.4,0.0,0.0,1,1,1,0,0,0,0,0,0,0,0,1,0,0,0.09937829684465455
4,34.4,0,0.0,12,189.4333333,0.0,0.0,2,10,4,4,0,16,223.8333333,13.98958333125,0.75,0.0,0.0,0,0,0,0,0,0,0,0,0,0,1,0,0,0,0.09013634261680598
4,109.3333333,1,118.0,34,1573.895833,0.0,0.0,3,2,4,3,1,39,1801.2291663,46.18536323846154,0.8717948717948718,0.0,0.7867591168072937,1,1,0,0,0,0,0,0,1,0,0,1,0,0,0.09510615269826334
8,178.1666667,1,17.0,52,3095.975,12.13161988,0.0,4,1,6,6,0,61,3291.1416667,53.95314207704918,0.8524590163934426,538.5937645118986,0.5452123942601473,0,1,0,0,0,0,0,1,0,0,0,1,0,0,0.20453478760432997
0,0.0,0,0.0,36,2107.583333,0.0,0.0,3,2,1,2,0,36,2107.583333,58.54398147222222,1.0,0.0,0.45056716210918546,0,1,1,0,0,0,0,0,0,0,0,1,0,0,0.03373776773280304
0,0.0,0,0.0,8,139.0,0.0,0.0,2,4,3,3,0,8,139.0,17.375,1.0,0.0,0.0,0,1,0,0,0,0,0,1,0,0,0,1,0,0,0.024438128369347105
0,0.0,0,0.0,6,169.0,0.0,0.4,1,1,3,3,0,6,169.0,28.166666666666668,1.0,0.0,0.0,0,0,0,1,0,0,0,0,0,0,0,1,0,0,0.03373776773280304
3,145.2,0,0.0,11,1646.366667,0.0,0.0,2,2,2,1,0,14,1791.566667,127.96904764285715,0.7857142857142857,0.0,0.0,0,0,0,0,0,1,0,0,0,0,0,1,0,0,0.07608453149984565
0,0.0,0,0.0,2,46.0,0.0,0.0,2,4,3,4,0,2,46.0,23.0,1.0,0.0,0.0,0,1,0,0,0,0,0,1,0,0,0,1,0,0,0.024438128369347105
0,0.0,0,0.0,22,1190.941667,0.0,0.0,3,2,2,6,1,22,1190.941667,54.13371213636364,1.0,0.0,0.0,0,1,0,0,0,0,0,0,1,0,0,0,0,0,0.09387650000388666
3,53.5,0,0.0,82,3801.680397,0.906375967,0.0,2,2,1,4,0,85,3855.180397,45.35506349411765,0.9647058823529412,30.043557252824364,0.3551454104962323,0,0,0,0,0,0,0,0,0,0,1,1,0,0,0.11520753984221146
6,51.5,0,0.0,29,944.9166667,49.01914286,0.0,2,2,4,2,1,35,996.4166667,28.469047619999998,0.8285714285714286,3428.939810911159,0.0,1,1,0,0,0,0,0,1,0,0,0,1,1,1,0.6645804487953348
0,0.0,0,0.0,18,432.7666667,0.0,0.0,3,2,1,2,0,18,432.7666667,24.042592594444443,1.0,0.0,0.0,0,0,0,0,0,0,0,0,0,1,0,1,0,0,0.03373776773280304
0,0.0,0,0.0,1,0.0,0.0,0.0,2,2,9,3,0,1,0.0,0.0,1.0,0.0,0.999950002499875,0,1,0,0,0,0,0,1,0,0,0,1,0,0,0.024438128369347105
0,0.0,1,0.0,20,581.5,0.0,0.0,2,2,1,1,0,21,581.5,27.69047619047619,0.9523809523809523,0.0,0.29026639817927885,0,0,0,0,0,0,0,0,0,0,1,1,0,0,0.04261759467701968
0,0.0,0,0.0,7,139.5,0.0,0.0,3,2,3,2,0,7,139.5,19.928571428571427,1.0,0.0,0.0,0,1,0,0,0,0,0,1,0,0,0,1,0,0,0.024438128369347105
4,53.4,0,0.0,4,53.4,0.0,0.0,1,1,7,5,0,8,106.8,13.35,0.5,0.0,0.0,0,0,0,0,0,0,0,0,0,1,0,0,0,0,0.11410080831451311
1,13.0,0,0.0,28,611.94,0.0,0.0,3,2,1,1,0,29,624.94,21.549655172413797,0.9655172413793104,0.0,0.0,0,0,0,0,0,0,0,0,0,0,1,1,0,0,0.04261759467701968
13,313.0909091,4,516.0,132,3083.050977,8.868449011,0.0,2,5,3,4,0,149,3912.1418860999997,26.255985812751675,0.8859060402684564,910.2005563560404,0.15337519209154998,0,1,0,0,0,0,0,1,0,0,0,1,0,0,0.16445922332426768
6,97.88235294,2,9.0,58,2293.59902,6.7485,0.0,2,2,7,4,0,66,2400.4813729400003,36.37092989303031,0.8787878787878788,198.58240091169284,0.24593705733868565,0,1,0,0,0,0,0,1,0,0,0,1,1,0,0.19463852231753573
2,43.2,1,32.2,202,13842.45833,0.0,0.0,2,4,7,1,0,205,13917.85833,67.89199185365854,0.9853658536585366,0.0,0.3597837587337929,0,0,0,0,0,0,0,0,0,0,1,1,0,0,0.04506311585774993
0,0.0,0,0.0,4,44.0,0.0,0.0,2,4,3,2,1,4,44.0,11.0,1.0,0.0,0.0,0,1,0,0,0,0,0,1,0,0,0,0,0,0,0.024438128369347105
7,129.6666667,3,42.0,25,443.25,6.402612903,0.0,2,2,4,4,1,35,614.9166667,17.56904762,0.7142857142857143,274.7019360856988,0.276804268636208,1,1,0,0,0,0,0,1,0,0,0,1,0,0,0.368119956947657
0,0.0,0,0.0,15,1677.178571,0.0,0.0,3,2,4,2,1,15,1677.178571,111.81190473333332,1.0,0.0,0.4411035026639233,1,1,0,0,0,0,0,0,1,0,0,1,0,0,0.0867366883564646
0,0.0,0,0.0,6,142.125,0.0,0.0,3,2,6,2,0,6,142.125,23.6875,1.0,0.0,0.0,0,1,0,0,0,0,0,0,1,0,0,1,0,0,0.06723129767552383
0,0.0,0,0.0,2,0.0,0.0,0.0,3,2,3,1,0,2,0.0,0.0,1.0,0.0,0.999950002499875,0,0,0,0,0,0,1,0,0,0,0,1,0,0,0.024385651554708697
1,57.4,0,0.0,6,303.1,0.0,0.0,1,2,3,2,0,7,360.5,51.5,0.8571428571428571,0.0,1.9986010492375548,0,0,0,0,0,1,0,0,0,0,0,1,0,0,0.07608453149984565
8,889.1666667,0,0.0,137,5588.185426,6.898232461,0.0,2,2,1,3,0,145,6477.3520927,44.67139374275862,0.9448275862068966,261.9912785822169,0.027693383154308197,0,1,0,0,0,0,0,0,1,0,0,1,1,0,0.4610188245572067
0,0.0,0,0.0,39,902.6527778,0.0,0.0,2,2,1,2,0,39,902.6527778,23.14494302051282,1.0,0.0,0.0,0,1,0,0,0,0,0,0,1,0,0,0,0,0,0.09163358776200727
7,85.52916667,3,255.5,45,2996.4875,2.0905,0.0,2,2,3,3,0,55,3337.51666667,60.68212121218182,0.8181818181818182,79.513660146331,0.563492066510771,0,1,0,0,0,0,0,1,0,0,0,1,0,0,0.1493283503686543
3,115.5,0,0.0,55,1833.244643,18.61684302,0.0,2,2,6,2,1,58,1948.744643,33.599045568965515,0.9482758620689655,2244.00645255231,0.0,1,1,0,0,0,0,0,0,1,0,0,1,1,1,0.5546425787542549
2,40.5,1,4.0,19,472.5416667,0.0,0.0,1,1,4,2,0,22,517.0416667,23.50189394090909,0.8636363636363636,0.0,0.0,0,1,0,0,0,0,0,0,1,0,0,1,0,0,0.10085296683782476
0,0.0,0,0.0,16,462.7333333,0.0,0.0,1,1,1,3,0,16,462.7333333,28.92083333125,1.0,0.0,0.26660978991148554,0,1,0,0,0,0,0,1,0,0,0,1,0,0,0.024438128369347105
2,10.0,1,17.0,21,1647.5,0.0,0.0,2,2,4,4,0,24,1674.5,69.77083333333333,0.875,0.0,0.0,0,1,0,0,0,0,0,1,0,0,0,1,0,0,0.024438128369347105
0,0.0,0,0.0,4,206.5,0.0,0.0,1,1,1,8,0,4,206.5,51.625,1.0,0.0,0.9998000399920015,0,1,1,0,0,0,0,0,0,0,0,1,0,0,0.03373776773280304
0,0.0,0,0.0,47,1144.483333,0.0,0.0,3,2,3,13,0,47,1144.483333,24.350709212765956,1.0,0.0,0.7562735512161952,0,1,0,0,0,0,0,1,0,0,0,1,0,0,0.024438128369347105
1,7.0,1,2.0,43,2325.611905,0.0,0.8,3,2,1,4,0,45,2334.611905,51.88026455555556,0.9555555555555556,0.0,0.5247107669778227,0,1,0,0,0,0,0,1,0,0,0,1,0,0,0.024438128369347105
9,294.6587879,2,97.64,107,3173.210417,5.866248908,0.0,1,1,1,2,0,118,3565.5092048999995,30.21617970254237,0.9067796610169492,642.3831016391791,0.3436842491412077,0,0,0,0,0,1,0,0,0,0,0,1,0,0,0.248544501843619
0,0.0,0,0.0,11,326.5,0.0,0.0,1,1,4,3,0,11,326.5,29.681818181818183,1.0,0.0,0.47052734047544675,0,1,0,0,0,0,0,0,1,0,0,1,0,0,0.07108816330592016
6,143.1666667,0,0.0,50,925.947619,13.60512012,0.0,2,2,1,2,0,56,1069.1142857,19.091326530357144,0.8928571428571429,1337.7136262112076,0.0,0,0,0,0,0,0,1,0,0,0,0,1,1,0,0.42292112179882774
2,91.9,0,0.0,6,273.8,0.0,0.0,3,2,1,2,1,8,365.70000000000005,45.712500000000006,0.75,0.0,0.0,0,0,0,0,0,0,0,0,0,0,1,0,0,0,0.0803827538725416
0,0.0,0,0.0,14,1131.208333,94.19490268,0.0,3,2,3,11,1,14,1131.208333,80.80059521428572,1.0,6118.691677576867,0.0,1,1,0,0,0,0,0,0,1,0,0,1,1,1,0.8336110584961646
7,204.1,0,0.0,5,128.7,0.0,0.0,2,7,1,2,0,12,332.79999999999995,27.73333333333333,0.4166666666666667,0.0,0.0,0,0,0,0,0,0,0,0,0,0,1,0,0,0,0.10484311991606736
9,250.0833333,2,30.5,155,4643.283732,10.11599409,0.0,2,2,1,3,0,166,4923.8670653,29.661849790963856,0.9337349397590361,1352.9752151005816,0.2772786297332928,0,1,0,0,0,0,0,0,1,0,0,1,1,1,0.5600076935871121
0,0.0,0,0.0,33,1703.321429,0.0,0.6,2,5,3,1,0,33,1703.321429,51.61580087878788,1.0,0.0,0.0,0,1,0,0,0,0,0,1,0,0,0,1,0,0,0.024438128369347105
1,68.0,0,0.0,55,4277.0,7.291757576,0.0,1,1,1,1,1,56,4345.0,77.58928571428571,0.9821428571428571,343.5923099298133,0.17134781203066365,1,1,0,0,0,0,0,1,0,0,0,1,0,0,0.26369778529259963
3,18.33333333,0,0.0,38,2635.177778,0.0,0.4,2,4,1,2,0,41,2653.5111113300004,64.71978320317073,0.926829268292683,0.0,0.0,0,0,0,1,0,0,0,0,0,0,0,1,0,0,0.04261759467701968
0,0.0,0,0.0,2,11.0,0.0,0.0,3,2,1,10,0,2,11.0,5.5,1.0,0.0,0.0,0,1,0,0,0,0,0,0,1,0,0,1,0,0,0.061542804391521655
0,0.0,0,0.0,4,103.8,0.0,0.0,1,1,1,1,0,4,103.8,25.95,1.0,0.0,0.6666222251849877,0,0,0,0,1,0,0,0,0,0,0,1,0,0,0.03183788113276797
7,76.15,0,0.0,67,1553.696667,0.68291229,0.0,2,2,2,13,0,74,1629.846667,22.02495495945946,0.9054054054054054,35.83408242131402,0.44976389757818125,0,0,0,0,0,1,0,0,0,0,0,1,0,0,0.08135242911642085
5,206.0,0,0.0,15,650.6961927,0.0,0.0,1,1,1,3,0,20,856.6961927,42.834809635,0.75,0.0,0.0,0,0,0,0,0,0,1,0,0,0,0,0,0,0,0.02682579378132341
0,0.0,1,37.2,37,2767.753333,0.0,0.0,2,2,2,2,0,38,2804.953333,73.81456139473684,0.9736842105263158,0.0,0.3701236508994004,0,1,0,0,0,0,0,0,1,0,0,1,0,0,0.17426837535661518
0,0.0,0,0.0,11,1289.333333,0.0,0.0,1,1,6,2,0,11,1289.333333,117.21212118181819,1.0,0.0,0.0,0,1,1,0,0,0,0,0,0,0,0,0,0,0,0.03373776773280304
0,0.0,0,0.0,20,837.25,0.0,0.0,6,5,1,1,0,20,837.25,41.8625,1.0,0.0,0.35991361785240644,0,1,1,0,0,0,0,0,0,0,0,1,0,0,0.03373776773280304
4,91.0,0,0.0,2,22.0,0.0,0.0,1,1,1,2,0,6,113.0,18.833333333333332,0.3333333333333333,0.0,1.49932530360663,0,1,1,0,0,0,0,0,0,0,0,0,0,0,0.11410080831451311
4,42.0,1,28.5,34,1367.0,0.0,0.0,2,2,3,2,0,39,1437.5,36.85897435897436,0.8717948717948718,0.0,0.0,0,1,0,0,0,0,0,0,1,0,0,1,0,0,0.108054514008672
1,46.0,0,0.0,17,931.0,0.0,0.0,3,2,1,13,0,18,977.0,54.27777777777778,0.9444444444444444,0.0,0.44110641578037235,0,1,0,0,0,0,0,1,0,0,0,1,0,0,0.024438128369347105
8,103.7333333,0,0.0,17,328.3,0.0,0.0,3,2,8,2,1,25,432.0333333,17.281333332,0.68,0.0,0.0,0,0,0,0,0,1,0,0,0,0,0,0,0,0,0.08664988265574693
1,125.0,0,0.0,24,677.3333333,0.0,0.0,3,2,8,1,0,25,802.3333333,32.093333332,0.96,0.0,0.0,0,1,0,0,0,0,0,0,1,0,0,1,0,0,0.08798207255887469
0,0.0,0,0.0,10,249.5,0.0,0.0,2,2,3,8,0,10,249.5,24.95,1.0,0.0,0.0,0,1,1,0,0,0,0,0,0,0,0,1,0,0,0.03373776773280304
4,65.9,0,0.0,73,3799.2,0.0,0.0,3,2,3,13,0,77,3865.1,50.19610389610389,0.948051948051948,0.0,0.9345685161185063,0,0,0,0,0,0,0,0,0,0,0,1,0,0,0.042560864390344094
2,256.5,0,0.0,10,117.25,0.0,0.0,2,2,7,11,1,12,373.75,31.145833333333332,0.8333333333333334,0.0,0.8453899902751462,1,1,0,0,0,0,0,0,1,0,0,1,1,0,0.07229236122883757
0,0.0,0,0.0,1,0.0,0.0,0.0,2,2,1,2,0,1,0.0,0.0,1.0,0.0,0.999950002499875,0,0,0,0,0,0,1,0,0,0,0,1,0,0,0.024385651554708697
2,26.0,0,0.0,38,1689.708333,0.0,0.0,2,2,1,13,0,40,1715.708333,42.892708325,0.95,0.0,0.42358522534733994,0,1,0,0,0,0,0,0,1,0,0,1,0,0,0.11083465776289539
1,4.0,0,0.0,14,1319.833333,0.0,0.0,2,2,1,5,0,15,1323.833333,88.25555553333334,0.9333333333333333,0.0,0.0,0,1,0,0,0,0,0,1,0,0,0,1,0,0,0.024438128369347105
0,0.0,0,0.0,15,147.5833333,0.0,0.0,3,2,7,3,0,15,147.5833333,9.838888886666666,1.0,0.0,0.4998250437373163,0,1,0,0,0,0,0,0,1,0,0,1,0,0,0.07622284223246506
0,0.0,0,0.0,1,0.0,0.0,0.2,2,4,1,3,0,1,0.0,0.0,1.0,0.0,0.999950002499875,0,0,0,1,0,0,0,0,0,0,0,1,0,0,0.03183788113276797
0,0.0,0,0.0,6,117.5,0.0,0.8,1,1,1,3,1,6,117.5,19.583333333333332,1.0,0.0,0.0,1,0,0,1,0,0,0,0,0,0,0,1,0,0,0.03183788113276797
3,123.5,1,0.0,22,759.5833333,46.6785275,0.0,1,1,3,2,0,26,883.0833333,33.96474358846154,0.8461538461538461,4857.286940686786,0.0,0,1,0,0,0,0,0,0,1,0,0,1,1,1,0.6763746945181588
16,391.6833333,0,0.0,24,443.75,0.0,0.0,2,10,7,3,0,40,835.4333333,20.8858333325,0.6,0.0,0.0,0,0,0,0,0,0,0,0,0,0,0,1,0,0,0.09430446019663719
15,317.0189394,3,126.75,238,9956.225533,6.556237434,0.0,2,4,3,1,1,256,10399.994472400002,40.624978407812506,0.9296875,386.4410909692766,0.3065010523595748,1,1,0,0,0,0,0,0,1,0,0,1,1,1,0.5376653496885988
1,23.31428571,0,0.0,15,124.9142857,4.90908873,0.0,2,2,3,2,0,16,148.22857141,9.264285713125,0.9375,299.71758615030615,0.0,0,0,0,0,1,0,0,0,0,0,0,1,0,1,0.5099994741465655
18,1103.330357,8,696.8333333,359,12959.91515,7.231074783,0.0,2,2,1,2,0,385,14760.0788403,38.33786711766234,0.9324675324675324,804.7557426312915,0.08856072298392463,0,1,0,0,0,0,0,0,1,0,0,1,1,1,0.5119119711243035
6,63.0,1,16.0,187,4987.688889,10.80188719,0.0,4,1,2,2,0,194,5066.688889,26.116953036082474,0.9639175257731959,970.643103150193,0.2793533195765716,0,1,0,0,0,0,0,1,0,0,0,1,0,0,0.25400222420238816
1,9.0,1,49.0,25,2454.45,31.75846154,0.0,2,2,9,6,0,27,2512.45,93.0537037037037,0.9259259259259259,2062.959128240622,0.0,0,1,0,0,0,0,0,1,0,0,0,1,1,1,0.712245027951882
3,42.6,2,41.5,18,1049.516667,14.25648352,0.0,3,2,2,3,1,23,1133.616667,49.28768117391304,0.782608695652174,359.17287026730963,0.5998488380940095,1,0,0,0,0,0,1,0,0,0,0,1,1,0,0.4452533342348438
1,2.0,0,0.0,27,463.8333333,0.0,0.0,3,2,2,4,0,28,465.8333333,16.636904760714284,0.9642857142857143,0.0,0.6032013596983302,0,1,0,0,0,0,0,1,0,0,0,1,0,0,0.024438128369347105
0,0.0,0,0.0,15,475.6666667,0.0,0.0,1,1,3,8,0,15,475.6666667,31.711111113333335,1.0,0.0,0.9992505620597193,0,1,1,0,0,0,0,0,0,0,0,0,0,0,0.03373776773280304
1,0.0,0,0.0,7,82.2,0.0,0.0,3,2,2,4,0,8,82.2,10.275,0.875,0.0,0.4999562538276807,0,0,0,0,0,1,0,0,0,0,0,1,0,0,0.044318876799460304
0,0.0,2,7.0,11,192.75,0.0,0.6,2,2,1,3,0,13,199.75,15.365384615384615,0.8461538461538461,0.0,0.0,0,1,0,0,0,0,0,1,0,0,0,1,0,0,0.02579173006222376
0,0.0,0,0.0,1,0.0,0.0,0.0,3,2,3,1,1,1,0.0,0.0,1.0,0.0,0.999950002499875,1,1,1,0,0,0,0,0,0,0,0,1,0,0,0.03183788113276797
0,0.0,0,0.0,32,1324.666667,10.3976,1.0,2,2,7,1,1,32,1324.666667,41.39583334375,1.0,114.90814233641622,0.6262465797266964,1,1,0,0,0,0,0,1,0,0,0,1,0,0,0.35388590963632516
0,0.0,0,0.0,1,0.0,0.0,0.0,2,2,8,11,0,1,0.0,0.0,1.0,0.0,0.999950002499875,0,1,1,0,0,0,0,0,0,0,0,1,0,0,0.03183788113276797
5,69.9,0,0.0,62,1846.666667,0.0,0.0,2,2,1,3,0,67,1916.566667,28.605472641791046,0.9253731343283582,0.0,0.31983112494257077,0,0,0,0,0,0,0,0,0,0,0,1,0,0,0.042560864390344094
0,0.0,0,0.0,21,1280.02,7.232201859,0.0,2,2,1,20,0,21,1280.02,60.95333333333333,1.0,379.4913655792993,0.0,0,1,0,0,0,0,0,0,1,0,0,1,1,1,0.5564154237821306
0,0.0,0,0.0,3,65.5,0.0,0.0,3,2,1,13,0,3,65.5,21.833333333333332,1.0,0.0,0.666600009999,0,1,0,0,0,0,0,0,1,0,0,1,0,0,0.06723129767552383
2,31.0,0,0.0,20,583.0694444,0.0,0.0,4,2,1,2,0,22,614.0694444,27.91224747272727,0.9090909090909091,0.0,0.0,0,1,1,0,0,0,0,0,0,0,0,1,0,0,0.04261759467701968
7,89.5,0,0.0,26,1163.333333,26.983125,0.0,3,2,3,4,0,33,1252.833333,37.96464645454546,0.7878787878787878,2875.1331912626533,0.0,0,1,0,0,0,0,0,1,0,0,0,0,1,1,0.6398133144743933
0,0.0,0,0.0,3,12.0,0.0,0.0,2,2,1,3,0,3,12.0,4.0,1.0,0.0,0.0,0,0,0,0,0,0,1,0,0,0,0,1,0,0,0.024385651554708697
3,83.8,0,0.0,20,798.3,0.0,0.0,1,1,1,3,0,23,882.0999999999999,38.35217391304347,0.8695652173913043,0.0,0.0,0,1,0,0,0,0,0,0,1,0,0,1,0,0,0.08932222455869944
3,25.6,0,0.0,10,327.7733333,11.78466261,0.0,1,1,1,5,0,13,353.3733333,27.1825641,0.7692307692307693,899.2330097324444,0.0,0,0,0,0,1,0,0,0,0,0,0,1,1,1,0.5905014650751828
4,158.2,0,0.0,62,4402.25,246.7585902,0.0,4,1,8,2,0,66,4560.45,69.09772727272727,0.9393939393939394,234635.66908536636,0.0,0,0,0,0,0,0,0,0,0,1,0,0,0,1,0.6660071094308984
0,0.0,0,0.0,1,0.0,0.0,0.4,2,2,1,13,0,1,0.0,0.0,1.0,0.0,0.999950002499875,0,1,0,0,0,0,0,1,0,0,0,1,0,0,0.024438128369347105
0,0.0,0,0.0,15,313.25,0.0,0.0,2,2,3,10,0,15,313.25,20.883333333333333,1.0,0.0,0.3998800299898033,0,1,0,0,0,0,0,0,1,0,0,1,0,0,0.08091811713940138
0,0.0,0,0.0,37,4339.366667,13.6630847,0.0,2,2,4,1,0,37,4339.366667,117.2801801891892,1.0,379.0454157011883,0.24993064424615233,0,0,0,0,0,0,0,0,0,0,1,1,0,0,0.38580765725620675
4,194.4,0,0.0,12,182.5142857,0.0,0.0,1,1,6,2,0,16,376.9142857,23.55714285625,0.75,0.0,0.0,0,0,0,0,0,0,0,0,0,1,0,1,0,0,0.07608453149984565
1,94.0,0,0.0,10,332.75,0.0,0.0,2,2,3,6,0,11,426.75,38.79545454545455,0.9090909090909091,0.0,0.0,0,1,0,0,0,0,0,1,0,0,0,1,0,0,0.024438128369347105
0,0.0,0,0.0,19,725.9,0.0,0.0,1,2,1,4,0,19,725.9,38.205263157894734,1.0,0.0,0.0,0,1,0,0,0,0,0,1,0,0,0,1,0,0,0.024438128369347105
1,32.33333333,1,56.0,62,2414.9,30.4615873,0.0,2,2,9,2,0,64,2503.2333333300003,39.113020833281254,0.96875,13646.307266929545,0.0,0,1,0,0,0,0,0,1,0,0,0,1,1,1,0.7231776939580867
0,0.0,0,0.0,4,57.66666667,0.0,0.0,3,2,1,2,0,4,57.66666667,14.4166666675,1.0,0.0,0.0,0,1,0,0,0,0,0,0,1,0,0,1,0,0,0.06723129767552383
3,58.06666667,0,0.0,5,86.0,0.0,0.0,3,2,2,3,0,8,144.06666667,18.00833333375,0.625,0.0,0.0,0,0,0,0,0,0,1,0,0,0,0,0,0,0,0.03089449705975995
0,0.0,1,68.5,25,927.0,0.0,0.0,2,2,3,2,1,26,995.5,38.28846153846154,0.9615384615384616,0.0,0.22215804965056707,1,1,0,0,0,0,0,0,1,0,0,1,0,0,0.09933191342002153
0,0.0,0,0.0,13,474.6818182,0.0,0.0,3,2,4,3,0,13,474.6818182,36.51398601538462,1.0,0.0,0.5261357866477452,0,1,0,0,0,0,0,1,0,0,0,1,0,0,0.024438128369347105
0,0.0,1,0.0,23,456.3333333,0.0,0.0,2,4,3,6,0,24,456.3333333,19.0138888875,0.9583333333333334,0.0,0.6382041807216405,0,1,0,0,0,0,0,1,0,0,0,1,0,0,0.024438128369347105
6,450.4,0,0.0,6,72.9,0.0,0.0,2,2,9,5,0,12,523.3,43.60833333333333,0.5,0.0,0.0,0,1,0,0,0,0,0,1,0,0,0,0,0,0,0.025811145167664636
3,92.83333333,0,0.0,24,463.8166667,17.84230699,0.0,1,1,1,2,0,27,556.65000003,20.61666666777778,0.8888888888888888,1162.8703483134989,0.1737997213512866,0,0,0,0,0,0,1,0,0,0,0,1,1,0,0.4226500065365431
0,0.0,0,0.0,3,60.0,0.0,0.0,1,1,7,2,0,3,60.0,20.0,1.0,0.0,0.0,0,1,1,0,0,0,0,0,0,0,0,0,0,0,0.03183788113276797
1,22.75,0,0.0,1,0.0,0.0,0.0,1,1,1,8,0,2,22.75,11.375,0.5,0.0,0.0,0,1,1,0,0,0,0,0,0,0,0,0,1,0,0.12737902072115947
0,0.0,0,0.0,5,94.8,0.0,0.0,3,2,7,13,0,5,94.8,18.96,1.0,0.0,1.2113288038173056,0,1,0,0,0,0,0,0,1,0,0,1,0,0,0.06681388431173944
0,0.0,1,6.0,39,720.15,0.0,0.0,2,4,7,2,0,40,726.15,18.15375,0.975,0.0,0.2855551827251812,0,1,0,0,0,0,0,0,1,0,0,1,0,0,0.1034693156794675
0,0.0,0,0.0,10,482.5,0.0,1.0,1,2,9,4,1,10,482.5,48.25,1.0,0.0,0.0,1,1,0,0,0,0,0,1,0,0,0,1,0,0,0.024438128369347105
0,0.0,0,0.0,2,3.0,0.0,0.6,2,10,3,1,0,2,3.0,1.5,1.0,0.0,0.0,0,1,0,0,0,0,0,1,0,0,0,1,0,0,0.024438128369347105
3,112.0,0,0.0,4,111.6666667,0.0,0.0,3,2,4,5,0,7,223.6666667,31.952380957142857,0.5714285714285714,0.0,0.0,0,1,0,0,0,0,0,1,0,0,0,1,0,0,0.025811145167664636
0,0.0,0,0.0,63,2777.616667,0.0,0.0,2,2,3,1,0,63,2777.616667,44.08915344444444,1.0,0.0,0.0,0,0,0,0,0,0,1,0,0,0,0,1,0,0,0.024385651554708697
0,0.0,0,0.0,3,62.0,0.0,0.8,3,2,1,13,0,3,62.0,20.666666666666668,1.0,0.0,0.7999360051195904,0,1,0,0,0,0,0,1,0,0,0,1,0,0,0.024438128369347105
11,334.75,0,0.0,20,598.7785714,26.59353846,0.2,2,10,1,5,0,31,933.5285714,30.11382488387097,0.6451612903225806,3452.671388887591,0.0,0,1,0,0,0,0,0,1,0,0,0,0,1,1,0.6305930707254197
6,104.1136364,3,95.0,95,2411.789279,16.78420229,0.0,3,2,5,6,0,104,2610.9029154,25.104835725,0.9134615384615384,1569.7114333918787,0.0,0,1,0,0,0,0,0,1,0,0,0,1,0,0,0.3909166322595052
0,0.0,0,0.0,9,181.3333333,0.0,0.0,2,2,1,1,0,9,181.3333333,20.148148144444445,1.0,0.0,0.5383637082003192,0,0,0,0,0,0,1,0,0,0,0,1,0,0,0.024385651554708697
0,0.0,0,0.0,1,0.0,0.0,0.0,3,2,1,1,0,1,0.0,0.0,1.0,0.0,0.999950002499875,0,1,1,0,0,0,0,0,0,0,0,0,0,0,0.03183788113276797
0,0.0,0,0.0,84,2197.780952,0.0,0.0,1,1,3,2,0,84,2197.780952,26.16405895238095,1.0,0.0,0.6975997607022394,0,1,0,0,0,0,0,0,1,0,0,1,1,0,0.17460990834091986
0,0.0,0,0.0,6,198.75,0.0,0.0,2,5,7,3,1,6,198.75,33.125,1.0,0.0,0.7139797474508032,1,1,0,0,0,0,0,0,1,0,0,1,0,0,0.07133442143037683
0,0.0,0,0.0,12,846.25,40.4014481,0.0,2,6,1,6,0,12,846.25,70.52083333333333,1.0,2220.858195700947,0.0,0,1,1,0,0,0,0,0,0,0,0,0,1,1,0.8462002845484583
0,0.0,0,0.0,9,608.75,42.422531,0.0,2,2,9,2,0,9,608.75,67.63888888888889,1.0,1696.22275089964,0.0,0,1,1,0,0,0,0,0,0,0,0,1,1,1,0.7861424177400326
1,249.8,2,722.9,8,2219.583333,0.0,0.0,2,4,4,2,0,11,3192.2833330000003,290.20757572727274,0.7272727272727273,0.0,0.0,0,1,0,0,0,0,0,0,1,0,0,0,0,0,0.12804324219266655
0,0.0,0,0.0,38,1787.395833,0.0,0.0,2,2,4,2,0,38,1787.395833,47.03673244736842,1.0,0.0,0.1513286531669225,0,1,0,0,0,0,0,0,1,0,0,0,0,0,0.09824874642207838
4,73.33333333,0,0.0,17,478.8333333,0.0,0.0,1,1,3,2,0,21,552.16666663,26.293650791904764,0.8095238095238095,0.0,0.0,0,0,0,0,0,0,1,0,0,0,0,1,0,0,0.02682579378132341
3,89.8,0,0.0,12,355.85,0.0,0.0,1,1,1,3,1,15,445.65000000000003,29.71,0.8,0.0,0.8328128044971892,0,0,0,0,0,0,0,0,0,1,0,0,0,0,0.07608453149984565
8,310.0666667,1,49.4,71,1441.974535,48.30461627,0.0,1,1,2,20,1,80,1801.4412017,22.51801502125,0.8875,5234.49502407475,0.32657732609618867,1,0,0,0,0,0,0,0,0,1,0,1,1,0,0.4224143029050296
3,113.1,0,0.0,17,237.6066667,94.10360412,0.0,1,1,2,4,0,20,350.7066667,17.535333335,0.85,2822.2614733806004,0.0,0,0,0,0,0,0,0,0,0,1,0,1,1,1,0.763118864333761
0,0.0,0,0.0,1,0.0,0.0,0.0,2,2,7,8,0,1,0.0,0.0,1.0,0.0,0.999950002499875,0,1,0,0,0,0,0,0,1,0,0,0,0,0,0.061158393045808314
0,0.0,0,0.0,6,98.0,0.0,0.0,2,5,1,3,0,6,98.0,16.333333333333332,1.0,0.0,0.0,0,0,0,1,0,0,0,0,0,0,0,1,0,0,0.03183788113276797
0,0.0,0,0.0,4,140.0,0.0,0.0,3,2,1,13,0,4,140.0,35.0,1.0,0.0,0.49995000499950004,0,0,0,0,0,0,0,0,0,0,1,1,0,0,0.03183788113276797
0,0.0,0,0.0,13,350.8333333,0.0,0.6,3,2,9,13,0,13,350.8333333,26.987179484615385,1.0,0.0,0.0,0,1,0,0,0,0,0,1,0,0,0,1,0,0,0.024438128369347105
2,16.0,0,0.0,43,821.275,0.0,0.0,1,1,1,3,0,45,837.275,18.60611111111111,0.9555555555555556,0.0,0.637194302196871,0,1,0,0,0,0,0,0,1,0,0,1,0,0,0.1034693156794675
2,95.3,0,0.0,14,262.587619,0.0,0.0,1,1,4,2,0,16,357.88761900000003,22.367976187500002,0.875,0.0,2.5402817558590076,0,1,0,0,0,0,0,0,1,0,0,0,0,0,0.08199339206125579
2,42.0,0,0.0,16,602.0,0.0,0.0,2,2,1,3,0,18,644.0,35.77777777777778,0.8888888888888888,0.0,0.33325778734587863,0,1,0,0,0,0,0,1,0,0,0,1,0,0,0.024438128369347105
11,215.5238095,1,70.0,87,3037.499952,0.0,0.0,2,2,5,1,0,99,3323.0237615,33.56589658080808,0.8787878787878788,0.0,0.278120916120964,0,0,0,0,0,0,1,0,0,0,0,1,0,0,0.024385651554708697
0,0.0,2,19.0,22,2267.833333,0.0,0.0,2,2,1,1,0,24,2286.833333,95.28472220833333,0.9166666666666666,0.0,0.0,0,1,0,0,0,0,0,0,1,0,0,1,0,0,0.16005724211388683
1,4.5,0,0.0,39,908.3333333,33.6501,0.0,2,2,3,2,0,40,912.8333333,22.8208333325,0.975,2689.856115107914,0.0,0,1,0,0,0,0,0,1,0,0,0,1,0,1,0.6644423093528081
5,446.25,0,0.0,18,815.25,0.0,0.0,8,13,9,20,0,23,1261.5,54.84782608695652,0.782608695652174,0.0,0.0,0,1,1,0,0,0,0,0,0,0,0,0,0,0,0.07608453149984565
0,0.0,0,0.0,2,442.5,0.0,0.0,4,2,4,3,0,2,442.5,221.25,1.0,0.0,0.0,0,1,1,0,0,0,0,0,0,0,0,1,0,0,0.03373776773280304
4,985.5,4,308.0,6,328.0,0.0,0.0,2,2,3,2,0,14,1621.5,115.82142857142857,0.42857142857142855,0.0,0.0,0,0,0,0,0,0,1,0,0,0,0,0,0,0,0.027559445376056948
0,0.0,0,0.0,77,4346.541667,0.0,0.0,4,1,1,2,0,77,4346.541667,56.448593077922084,1.0,0.0,0.13285386064510937,0,0,0,0,0,0,1,0,0,0,0,1,0,0,0.024385651554708697
0,0.0,0,0.0,43,1425.183333,0.0,0.8,2,6,1,1,0,43,1425.183333,33.14379844186046,1.0,0.0,0.6657125264644017,0,1,0,0,0,0,0,1,0,0,0,1,0,0,0.024438128369347105
0,0.0,0,0.0,13,210.5,0.0,0.0,2,2,1,1,0,13,210.5,16.192307692307693,1.0,0.0,0.6665222607319157,0,1,1,0,0,0,0,0,0,0,0,1,0,0,0.03373776773280304
0,0.0,0,0.0,2,0.0,0.0,0.0,2,2,1,13,1,2,0.0,0.0,1.0,0.0,0.0,1,1,0,0,0,0,0,1,0,0,0,1,0,0,0.024438128369347105
0,0.0,0,0.0,16,431.5,0.0,0.2,3,2,1,13,0,16,431.5,26.96875,1.0,0.0,0.6107934002128037,0,1,0,0,0,0,0,1,0,0,0,1,0,0,0.024438128369347105
4,104.0,1,93.0,15,292.5,0.0,0.0,2,4,3,4,1,20,489.5,24.475,0.75,0.0,0.0,1,1,0,0,0,0,0,1,0,0,0,1,0,0,0.02579173006222376
12,184.4173601,1,13.0,159,6137.14491,18.23386055,0.0,2,4,3,2,0,172,6334.5622701,36.82885040755814,0.9244186046511628,578.853395796052,0.35799210303834317,0,0,0,0,0,1,0,0,0,0,0,1,0,0,0.3006717395422985
1,19.0,0,0.0,24,3209.0,64.33043478,0.0,2,2,9,3,0,25,3228.0,129.12,0.96,3696.874371024149,0.49971266521175656,0,1,0,0,0,0,0,1,0,0,0,0,0,1,0.6695682038642757
0,0.0,0,0.0,5,200.0,0.0,0.0,3,2,1,4,1,5,200.0,40.0,1.0,0.0,0.0,1,1,0,0,0,0,0,1,0,0,0,1,0,0,0.024438128369347105
0,0.0,0,0.0,20,518.6666667,0.0,0.0,2,2,2,1,0,20,518.6666667,25.933333334999997,1.0,0.0,0.0,0,0,0,0,0,0,1,0,0,0,0,1,0,0,0.024385651554708697
6,49.18333333,0,0.0,44,1065.501515,53.22268667,0.4,2,2,2,2,0,50,1114.68484833,22.2936969666,0.88,1446.883624368716,0.1721746191091708,0,1,0,0,0,0,0,1,0,0,0,1,0,0,0.37231648741273177
0,0.0,0,0.0,24,452.4166667,0.0,0.0,2,2,3,2,1,24,452.4166667,18.850694445833334,1.0,0.0,0.0,1,1,0,0,0,0,0,0,1,0,0,1,1,0,0.08792304389639131
1,22.2,0,0.0,16,694.4549784,54.91911804,0.0,2,2,7,2,0,17,716.6549784,42.1561752,0.9411764705882353,37092.7753298014,0.0,0,0,0,0,0,0,0,0,0,0,1,0,1,1,0.8358648589758966
2,23.2,0,0.0,11,119.2,0.0,0.0,2,2,2,2,1,13,142.4,10.953846153846154,0.8461538461538461,0.0,0.0,0,0,0,0,0,0,0,0,0,0,1,0,0,0,0.15058957629135666
9,111.5,1,48.5,49,1868.819697,1.706014966,0.0,2,2,7,2,0,59,2028.819697,34.386774525423725,0.8305084745762712,82.34110434765905,0.0,0,0,0,0,0,0,1,0,0,0,0,1,1,0,0.35108762214933426
11,225.5,7,258.25,40,1352.833333,0.0,0.0,3,2,1,2,1,58,1836.583333,31.665229879310345,0.6896551724137931,0.0,0.12703790232983067,1,1,1,0,0,0,0,0,0,0,0,1,0,0,0.08664988265574693
4,101.75,2,65.5,37,1307.472222,0.0,0.0,3,2,3,2,0,43,1474.722222,34.29586562790698,0.8604651162790697,0.0,0.4092314213008903,0,1,0,0,0,0,0,0,1,0,0,1,0,0,0.09968440467621732
0,0.0,0,0.0,19,621.4166667,0.0,0.0,4,1,1,2,1,19,621.4166667,32.70614035263158,1.0,0.0,0.0,1,1,1,0,0,0,0,0,0,0,0,1,0,0,0.03373776773280304
1,31.2,0,0.0,31,824.86,0.0,0.0,1,1,1,3,0,32,856.0600000000001,26.751875000000002,0.96875,0.0,0.0,0,0,0,0,0,0,0,0,0,0,1,0,0,0,0.04261759467701968
0,0.0,0,0.0,13,490.0833333,11.988,1.0,1,8,1,11,1,13,490.0833333,37.69871794615385,1.0,3287.6586100564837,0.0,0,1,0,0,0,0,0,1,0,0,0,0,1,1,0.8446695436894286
2,94.6,1,108.8,42,1157.783333,0.0,0.0,2,4,1,1,1,45,1361.183333,30.24851851111111,0.9333333333333333,0.0,0.0,1,0,0,0,0,0,0,0,0,1,0,1,0,0,0.0377923968970553
4,82.0,0,0.0,23,570.5166667,0.0,0.0,1,2,7,8,0,27,652.5166667,24.16728395185185,0.8518518518518519,0.0,0.30756453413986357,0,0,0,0,0,0,1,0,0,0,0,1,0,0,0.02682579378132341
1,10.0,0,0.0,23,271.5785714,0.0,0.0,2,2,4,1,0,24,281.5785714,11.732440474999999,0.9583333333333334,0.0,0.0,0,0,0,0,0,0,0,0,0,0,0,1,0,0,0.04261759467701968
1,6.333333333,0,0.0,36,1378.166667,0.0,0.0,2,2,1,13,1,37,1384.500000333,37.41891892791892,0.972972972972973,0.0,0.20887667478453265,1,1,0,0,0,0,0,0,1,0,0,1,0,0,0.10643770484341684
8,125.1666667,0,0.0,27,1802.25,0.0,0.0,3,2,1,8,1,35,1927.4166667,55.06904762,0.7714285714285715,0.0,0.5143014109118755,1,0,0,0,0,0,1,0,0,0,0,1,0,0,0.02682579378132341
0,0.0,0,0.0,25,960.0,0.0,0.4,2,2,1,11,0,25,960.0,38.4,1.0,0.0,0.29262939527751386,0,1,0,0,0,0,0,1,0,0,0,1,0,0,0.024438128369347105
2,10.66666667,0,0.0,34,541.5,0.0,0.0,3,2,4,13,0,36,552.16666667,15.337962963055556,0.9444444444444444,0.0,0.5112111328834987,0,1,0,0,0,0,0,1,0,0,0,1,0,0,0.024438128369347105
0,0.0,1,113.0,27,3178.583333,0.0,0.0,2,2,1,3,0,28,3291.583333,117.55654760714286,0.9642857142857143,0.0,0.6174945086213348,0,1,0,0,0,0,0,1,0,0,0,1,0,0,0.024438128369347105
0,0.0,0,0.0,10,640.875,18.85445822,0.0,2,2,1,2,0,10,640.875,64.0875,1.0,1695.3754188767653,0.0,0,1,0,0,0,0,0,0,1,0,0,1,1,1,0.7907198249591765
1,31.25,0,0.0,31,1470.208333,0.0,0.0,3,2,3,8,0,32,1501.458333,46.92057290625,0.96875,0.0,0.0,0,1,0,0,0,0,0,0,1,0,0,0,1,0,0.1056159126806694
2,65.0,0,0.0,13,1248.0,0.0,0.0,1,2,8,6,0,15,1313.0,87.53333333333333,0.8666666666666667,0.0,0.0,0,1,0,0,0,0,0,1,0,0,0,1,0,0,0.02579173006222376
3,132.92,4,212.8,36,1335.773333,11.11383981,0.0,2,7,2,2,0,43,1681.4933330000001,39.10449611627907,0.8372093023255814,322.1951322322202,0.41414916805982643,0,1,0,0,0,0,0,0,1,0,0,1,0,0,0.4554565028139322
0,0.0,0,0.0,13,472.9952381,0.0,0.0,2,4,2,3,1,13,472.9952381,36.384249084615384,1.0,0.0,0.49983753655183916,1,1,0,0,0,0,0,1,0,0,0,1,0,0,0.024438128369347105
0,0.0,0,0.0,3,120.5,0.0,0.0,2,2,3,1,1,3,120.5,40.166666666666664,1.0,0.0,0.0,0,1,0,0,0,0,0,0,1,0,0,0,0,0,0.06746516550394657
0,0.0,0,0.0,1,0.0,0.0,0.0,1,1,8,1,1,1,0.0,0.0,1.0,0.0,0.999950002499875,1,0,0,0,0,0,0,0,0,1,0,1,0,0,0.03183788113276797
1,169.2,0,0.0,24,1433.163333,0.0,0.0,3,2,3,4,1,25,1602.363333,64.09453332,0.96,0.0,1.1982745133902868,1,0,0,0,0,0,0,0,0,0,0,1,1,0,0.0377923968970553
14,286.5333333,2,118.8,31,835.71,33.05509961,0.0,2,2,7,2,0,47,1241.0433333,26.40517730425532,0.6595744680851063,4511.364853332292,0.0,0,1,0,0,0,0,0,0,1,0,0,1,1,1,0.6059369561995344
0,0.0,0,0.0,31,558.3333333,0.0,0.8,2,2,8,3,0,31,558.3333333,18.010752687096776,1.0,0.0,0.0,0,1,0,0,0,0,0,1,0,0,0,1,0,0,0.024438128369347105
0,0.0,0,0.0,30,1791.7,0.0,0.0,2,4,1,3,0,30,1791.7,59.723333333333336,1.0,0.0,0.4284337085523714,0,0,0,0,0,0,1,0,0,0,0,1,0,0,0.024385651554708697
12,310.6333333,0,0.0,28,606.4166667,0.0,0.0,3,2,2,1,1,40,917.05,22.92625,0.7,0.0,0.7638082880204072,1,1,0,0,0,0,0,1,0,0,0,1,0,0,0.025811145167664636
0,0.0,0,0.0,8,190.1590909,0.0,0.0,1,1,7,3,0,8,190.1590909,23.7698863625,1.0,0.0,1.015945503996838,0,1,1,0,0,0,0,0,0,0,0,1,0,0,0.03373776773280304
0,0.0,0,0.0,6,77.0,0.0,0.0,2,2,3,13,0,6,77.0,12.833333333333334,1.0,0.0,0.7142244901459175,0,1,1,0,0,0,0,0,0,0,0,1,0,0,0.03183788113276797
6,571.5,0,0.0,49,1196.25,0.0,0.0,2,2,3,13,1,55,1767.75,32.14090909090909,0.8909090909090909,0.0,0.4135749015726856,1,1,1,0,0,0,0,0,0,0,0,1,0,0,0.0377923968970553
0,0.0,0,0.0,7,331.0,0.0,0.0,1,1,7,10,1,7,331.0,47.285714285714285,1.0,0.0,0.0,1,1,0,0,0,0,0,0,1,0,0,1,0,0,0.07133442143037683
1,14.2,2,133.0,13,825.7990476,14.8397824,0.0,3,2,4,2,0,16,972.9990476,60.812440475,0.8125,356.0693181150979,0.9597696476064173,0,1,0,0,0,0,0,0,1,0,0,1,0,0,0.4300475763572661
0,0.0,0,0.0,3,96.0,0.0,0.0,1,8,6,11,1,3,96.0,32.0,1.0,0.0,0.0,1,1,0,0,0,0,0,1,0,0,0,1,0,0,0.024438128369347105
4,14.0,0,0.0,28,341.35,0.0,0.0,4,1,2,4,0,32,355.35,11.1046875,0.875,0.0,0.24991252186865814,0,1,0,0,0,0,0,1,0,0,0,1,0,0,0.024438128369347105
5,141.0,0,0.0,33,1371.633333,44.71103438,0.0,2,4,3,8,1,38,1512.633333,39.806140342105266,0.868421052631579,8033.525200357342,0.0,0,0,0,0,0,0,1,0,0,0,0,0,1,1,0.7153615285844794
6,169.5666667,0,0.0,21,1853.535714,0.0,0.0,3,2,4,4,1,27,2023.1023807000001,74.92971780370371,0.7777777777777778,0.0,0.0,1,1,0,0,0,0,0,1,0,0,0,1,0,0,0.02579173006222376
4,72.0,0,0.0,32,2258.175,38.19067209,0.0,2,2,9,2,0,36,2330.175,64.72708333333334,0.8888888888888888,1484.6154365567231,0.0,0,1,0,0,0,0,0,0,1,0,0,1,0,1,0.618017570603999
1,45.4,0,0.0,7,352.7,0.0,0.0,1,1,3,4,0,8,398.09999999999997,49.762499999999996,0.875,0.0,0.0,0,0,0,0,0,0,0,0,0,1,0,1,0,0,0.04277944423554746
2,48.5,0,0.0,77,1069.97381,0.0,0.0,2,2,3,2,0,79,1118.47381,14.157896329113923,0.9746835443037974,0.0,0.202914181348409,0,1,1,0,0,0,0,0,0,0,0,1,0,0,0.051978391548257154
2,30.0,1,148.5,24,1530.194444,10.10222222,0.0,1,1,1,10,0,27,1708.694444,63.284979407407405,0.8888888888888888,681.4400193189595,0.4996626939358097,0,0,0,0,0,0,1,0,0,0,0,1,0,0,0.45770032906942315
0,0.0,0,0.0,97,7515.583333,0.0,0.8,2,2,3,2,0,97,7515.583333,77.48024054639176,1.0,0.0,0.15378938427398356,0,1,0,0,0,0,0,1,0,0,0,1,0,0,0.024438128369347105
0,0.0,0,0.0,37,684.7272727,0.0,0.0,2,4,3,1,0,37,684.7272727,18.506142505405403,1.0,0.0,0.23067073896971863,0,0,0,0,0,0,1,0,0,0,0,1,0,0,0.024385651554708697
0,0.0,0,0.0,4,214.0,0.0,0.0,2,2,3,3,0,4,214.0,53.5,1.0,0.0,0.0,0,0,0,0,0,0,1,0,0,0,0,1,0,0,0.024385651554708697
0,0.0,0,0.0,1,0.0,0.0,0.0,1,8,1,3,0,1,0.0,0.0,1.0,0.0,0.999950002499875,0,1,0,0,0,0,0,1,0,0,0,1,0,0,0.024438128369347105
2,34.0,2,9.0,174,4994.24915,0.0,0.0,2,2,1,8,0,178,5037.24915,28.299152528089884,0.9775280898876404,0.0,0.3801171025616004,0,1,0,0,0,0,0,0,1,0,0,1,0,0,0.26426646128317116
0,0.0,0,0.0,3,0.0,0.0,0.2,3,2,1,4,0,3,0.0,0.0,1.0,0.0,0.999950002499875,0,1,0,0,0,0,0,1,0,0,0,1,0,0,0.024438128369347105
0,0.0,0,0.0,10,450.0,0.0,0.8,3,2,1,13,0,10,450.0,45.0,1.0,0.0,0.0,0,1,0,0,0,0,0,1,0,0,0,1,0,0,0.024438128369347105
6,124.2,0,0.0,5,94.6,0.0,0.0,1,1,2,5,0,11,218.8,19.89090909090909,0.45454545454545453,0.0,0.0,0,1,0,0,0,0,0,0,1,0,0,0,1,0,0.1393670336800452
0,0.0,0,0.0,1,0.0,0.0,0.0,1,1,4,3,0,1,0.0,0.0,1.0,0.0,0.999950002499875,0,0,0,1,0,0,0,0,0,0,0,1,0,0,0.03183788113276797
2,34.2,0,0.0,32,929.91,0.0,0.0,1,1,3,3,0,34,964.11,28.356176470588235,0.9411764705882353,0.0,0.23068139439125726,0,0,0,0,0,0,0,0,0,0,0,1,0,0,0.04261759467701968
3,67.4,2,16.2,8,281.1,15.82044157,0.0,3,2,1,20,0,13,364.70000000000005,28.05384615384616,0.6153846153846154,379.59949076542034,0.0,0,1,0,0,0,0,0,0,1,0,0,1,1,1,0.5694287548490077
0,0.0,0,0.0,24,381.25,0.0,0.0,2,2,1,11,1,24,381.25,15.885416666666666,1.0,0.0,0.19996800511918095,0,1,0,0,0,0,0,0,1,0,0,0,0,0,0.08792304389639131
0,0.0,0,0.0,2,70.0,0.0,0.0,1,1,1,4,1,2,70.0,35.0,1.0,0.0,0.0,1,1,0,0,0,0,0,1,0,0,0,1,0,0,0.024438128369347105
11,631.4166667,5,1037.15,501,21672.24425,9.131386805,0.0,2,2,1,2,0,517,23340.8109167,45.14663620251451,0.9690522243713733,638.4486421602548,0.2772056501325192,0,1,0,0,0,0,0,0,1,0,0,1,1,1,0.5079832773775591
2,241.6,0,0.0,28,920.7,0.0,0.0,1,8,3,20,0,30,1162.3,38.74333333333333,0.9333333333333333,0.0,0.0,0,1,0,0,0,0,0,0,1,0,0,1,0,0,0.08837982113756715
0,0.0,0,0.0,7,248.0,0.0,0.0,3,2,3,13,0,7,248.0,35.42857142857143,1.0,0.0,0.7057951642998246,0,1,0,0,0,0,0,0,1,0,0,1,0,0,0.07108816330592016
5,140.0,0,0.0,21,839.4166667,30.83748589,0.0,3,2,3,1,0,26,979.4166667,37.66987179615384,0.8076923076923077,3542.2373752132526,1.3318017995665345,0,1,1,0,0,0,0,0,0,0,0,1,1,0,0.46903581703725605
0,0.0,0,0.0,52,1622.433333,0.0,0.0,2,2,3,13,0,52,1622.433333,31.20064101923077,1.0,0.0,0.2019565436489582,0,1,0,0,0,0,0,1,0,0,0,1,0,0,0.024438128369347105
0,0.0,0,0.0,12,892.0833333,0.0,0.0,2,2,6,2,0,12,892.0833333,74.340277775,1.0,0.0,0.3635570520145208,0,1,1,0,0,0,0,0,0,0,0,0,0,0,0.03373776773280304
4,98.0,1,31.0,32,898.1714286,23.32166667,0.0,2,2,4,2,1,37,1027.1714286000001,27.761389962162166,0.8648648648648649,4190.357022730524,0.0,0,1,0,0,0,0,0,1,0,0,0,0,1,1,0.6887708387976682
2,26.5,0,0.0,47,716.625,0.0,0.0,2,4,6,5,0,49,743.125,15.165816326530612,0.9591836734693877,0.0,0.0,0,1,0,0,0,0,0,1,0,0,0,0,0,0,0.024438128369347105
1,206.0,2,69.5,65,1140.791667,6.641911419,0.0,2,2,4,2,0,68,1416.291667,20.82781863235294,0.9558823529411765,320.6008908788313,0.0,0,1,0,0,0,0,0,0,1,0,0,1,1,0,0.48356741610868115
0,0.0,0,0.0,1,0.0,0.0,0.0,1,1,7,2,1,1,0.0,0.0,1.0,0.0,0.999950002499875,1,0,0,0,0,0,1,0,0,0,0,1,0,0,0.024385651554708697
0,0.0,0,0.0,28,447.0,0.0,0.0,2,2,7,10,0,28,447.0,15.964285714285714,1.0,0.0,0.0,0,1,0,0,0,0,0,0,1,0,0,1,0,0,0.0876249225624166
14,484.4615789,2,14.0,33,898.4915789,0.0,0.0,1,8,1,3,0,49,1396.9531578,28.50924811836735,0.673469387755102,0.0,0.12312837347906819,0,0,0,0,0,0,0,0,0,0,1,1,0,0,0.09148586902395077
3,91.0,0,0.0,13,298.2333333,0.0,0.0,1,1,1,6,0,16,389.2333333,24.32708333125,0.8125,0.0,0.0,0,1,0,0,0,0,0,1,0,0,0,1,0,0,0.02579173006222376
0,0.0,0,0.0,14,561.6666667,0.0,0.0,2,2,9,10,0,14,561.6666667,40.11904762142857,1.0,0.0,0.0,0,1,1,0,0,0,0,0,0,0,0,1,0,0,0.03373776773280304
6,131.75,0,0.0,32,789.4166667,0.0,0.0,1,1,1,2,1,38,921.1666667,24.24122807105263,0.8421052631578947,0.0,0.0,1,1,1,0,0,0,0,0,0,0,0,1,0,0,0.07608453149984565
0,0.0,0,0.0,20,565.6666667,0.0,0.0,2,4,6,1,0,20,565.6666667,28.283333335,1.0,0.0,0.5622891345459311,0,1,0,0,0,0,0,0,1,0,0,1,0,0,0.0876249225624166
4,23.53333333,0,0.0,10,118.0,0.0,0.0,2,2,2,3,1,14,141.53333333,10.109523809285715,0.7142857142857143,0.0,0.16664166791660417,1,0,0,0,0,1,0,0,0,0,0,1,0,0,0.11150829657265053
2,32.2,0,0.0,11,222.5,0.0,0.0,2,2,1,4,1,13,254.7,19.592307692307692,0.8461538461538461,0.0,0.0,1,0,0,0,0,0,0,0,0,0,0,1,1,0,0.08536498998756806
2,28.0,0,0.0,27,434.5,0.0,0.0,8,2,7,2,0,29,462.5,15.948275862068966,0.9310344827586207,0.0,0.0,0,1,0,0,0,0,0,0,1,0,0,0,1,0,0.09855893286135513
5,55.5,0,0.0,12,1076.5,0.0,0.0,2,2,1,2,0,17,1132.0,66.58823529411765,0.7058823529411765,0.0,0.0,0,0,0,0,0,0,1,0,0,0,0,0,0,0,0.027559445376056948
0,0.0,0,0.0,1,0.0,0.0,0.0,2,6,2,1,0,1,0.0,0.0,1.0,0.0,0.999950002499875,0,1,0,0,0,0,0,0,1,0,0,1,0,0,0.061158393045808314
1,28.0,1,47.0,13,224.5,0.0,0.0,1,1,1,8,0,15,299.5,19.966666666666665,0.8666666666666667,0.0,0.0,0,0,0,0,0,0,1,0,0,0,0,0,0,0,0.02682579378132341
4,49.5,0,0.0,4,180.5,0.0,0.0,3,2,6,10,0,8,230.0,28.75,0.5,0.0,0.9996501224623864,0,1,1,0,0,0,0,0,0,0,0,1,0,0,0.10022154303771037
4,64.5,0,0.0,28,852.3333333,0.0,0.0,2,2,1,7,1,32,916.8333333,28.651041665625,0.875,0.0,0.5616441028013179,1,1,0,0,0,0,0,1,0,0,0,1,0,0,0.024438128369347105
1,44.5,0,0.0,18,519.5,20.394,0.0,2,2,7,13,0,19,564.0,29.68421052631579,0.9473684210526315,582.5192802056554,0.0,0,1,0,0,0,0,0,1,0,0,0,1,0,1,0.5930593092889793
0,0.0,0,0.0,1,0.0,0.0,0.0,2,2,1,1,0,1,0.0,0.0,1.0,0.0,0.999950002499875,0,0,0,0,0,1,0,0,0,0,0,1,0,0,0.03183788113276797
0,0.0,0,0.0,13,223.4166667,0.0,0.0,2,4,1,2,0,13,223.4166667,17.185897438461538,1.0,0.0,0.0,0,1,1,0,0,0,0,0,0,0,0,1,0,0,0.03373776773280304
0,0.0,0,0.0,1,0.0,0.0,0.0,1,1,8,1,0,1,0.0,0.0,1.0,0.0,0.999950002499875,0,0,0,0,0,0,1,0,0,0,0,1,0,0,0.024385651554708697
0,0.0,0,0.0,3,20.0,0.0,0.0,2,4,3,2,0,3,20.0,6.666666666666667,1.0,0.0,0.0,0,1,1,0,0,0,0,0,0,0,0,1,0,0,0.03183788113276797
0,0.0,0,0.0,5,178.8333333,0.0,0.0,2,2,7,13,1,5,178.8333333,35.76666666,1.0,0.0,0.0,1,1,0,0,0,0,0,0,1,0,0,1,0,0,0.07133442143037683
2,21.33333333,0,0.0,3,45.33333333,0.0,0.0,3,2,4,4,1,5,66.66666666,13.333333332,0.6,0.0,0.0,1,1,0,0,0,0,0,1,0,0,0,1,0,0,0.02841979414021608
5,47.5,0,0.0,40,787.2,2.782886364,0.4,2,2,4,4,0,45,834.7,18.54888888888889,0.8888888888888888,229.39887325355457,0.0,0,1,0,0,0,0,0,1,0,0,0,1,0,0,0.30426379611148296
0,0.0,0,0.0,3,275.0,32.89701477,0.0,3,2,2,2,0,3,275.0,91.66666666666667,1.0,657.8087336532692,0.0,0,0,0,0,0,0,0,0,0,1,0,0,1,1,0.7604971850882556
5,218.5833333,0,0.0,11,370.4583333,0.0,0.0,3,7,4,2,0,16,589.0416666,36.8151041625,0.6875,0.0,0.0,0,1,1,0,0,0,0,0,0,0,0,1,0,0,0.08664988265574693
2,40.0,2,162.0,17,481.6666667,32.64521053,0.0,2,7,3,2,0,21,683.6666667,32.55555555714285,0.8095238095238095,885.8438488113501,0.6664857814770688,0,0,0,0,0,0,1,0,0,0,0,1,0,1,0.5044190664504071
0,0.0,0,0.0,15,267.7333333,0.0,0.0,3,2,3,11,1,15,267.7333333,17.848888886666668,1.0,0.0,0.562761194395488,1,1,0,0,0,0,0,0,1,0,0,1,0,0,0.08082716851051398
0,0.0,0,0.0,44,615.0,0.0,0.0,4,1,3,1,0,44,615.0,13.977272727272727,1.0,0.0,0.37489691709676753,0,1,1,0,0,0,0,0,0,0,0,1,0,0,0.03373776773280304
0,0.0,0,0.0,13,138.5416667,0.0,0.0,1,1,8,1,1,13,138.5416667,10.657051284615385,1.0,0.0,0.817891841568112,1,1,1,0,0,0,0,0,0,0,0,1,0,0,0.03183788113276797
2,29.0,0,0.0,2,15.0,0.0,0.0,2,2,3,6,1,4,44.0,11.0,0.5,0.0,0.0,1,1,0,0,0,0,0,1,0,0,0,1,0,0,0.02841979414021608
5,70.33333333,0,0.0,29,1049.313889,0.0,0.0,3,2,3,2,1,34,1119.64722233,32.9308006567647,0.8529411764705882,0.0,0.4717923080265088,1,1,0,0,0,0,0,0,1,0,0,1,0,0,0.08922274704681901
3,65.92857143,0,0.0,17,557.6869048,25.27760515,0.0,2,2,2,2,0,20,623.61547623,31.1807738115,0.85,2575.6884097917227,0.0,0,1,1,0,0,0,0,0,0,0,0,1,1,1,0.729008637453686
2,27.0,0,0.0,6,558.0,0.0,0.0,2,2,3,8,0,8,585.0,73.125,0.75,0.0,0.0,0,0,0,0,0,0,1,0,0,0,0,0,0,0,0.02682579378132341
0,0.0,0,0.0,2,5.0,0.0,0.0,2,2,1,1,1,2,5.0,2.5,1.0,0.0,0.0,1,0,0,0,0,0,1,0,0,0,0,1,0,0,0.024385651554708697
0,0.0,0,0.0,21,476.8666667,0.0,0.0,3,2,1,2,1,21,476.8666667,22.707936509523808,1.0,0.0,0.27898803245184167,1,1,0,0,0,0,0,0,1,0,0,1,0,0,0.08752715364532807
3,143.0,0,0.0,17,331.8375,0.0,0.0,2,2,1,1,1,20,474.8375,23.741875,0.85,0.0,0.6504754416116845,1,1,1,0,0,0,0,0,0,0,0,1,0,0,0.07608453149984565
0,0.0,0,0.0,38,624.5,0.0,0.0,4,1,9,3,0,38,624.5,16.43421052631579,1.0,0.0,0.2498813063818425,0,1,0,0,0,0,0,0,1,0,0,1,0,0,0.09122266109765961
5,35.75,0,0.0,22,679.5,10.07328,0.0,2,2,8,3,0,27,715.25,26.49074074074074,0.8148148148148148,686.3465662878364,0.0,0,1,0,0,0,0,0,1,0,0,0,1,0,0,0.46648440186206636
0,0.0,0,0.0,14,390.9,0.0,0.0,2,2,6,3,0,14,390.9,27.92142857142857,1.0,0.0,0.19996999850037495,0,0,0,0,0,0,0,0,0,0,0,1,0,0,0.03373776773280304
6,60.36666667,3,189.3,12,304.7,2.848312236,0.0,2,2,1,4,0,21,554.36666667,26.398412698571427,0.5714285714285714,73.77806586980412,0.0,0,0,0,0,0,1,0,0,0,0,0,1,1,0,0.40367892312121256
0,0.0,0,0.0,2,69.5,0.0,0.0,4,5,9,11,0,2,69.5,34.75,1.0,0.0,0.0,0,1,0,0,0,0,0,0,1,0,0,0,0,0,0.06723129767552383
0,0.0,0,0.0,6,1563.0,0.0,0.0,2,2,1,4,0,6,1563.0,260.5,1.0,0.0,0.0,0,1,0,0,0,0,0,1,0,0,0,1,0,0,0.024438128369347105
3,224.0,2,42.0,132,5098.75498,2.209003373,0.0,1,2,1,2,0,137,5364.75498,39.15879547445255,0.9635036496350365,147.54075668589368,0.7101583960146824,0,1,0,0,0,0,0,0,1,0,0,1,1,1,0.5530306099474254
5,50.0,0,0.0,234,5246.435176,21.03233592,0.0,2,2,3,3,0,239,5296.435176,22.160816635983263,0.9790794979079498,1809.405032529541,0.22505655590862136,0,1,0,0,0,0,0,0,1,0,0,1,1,1,0.5802865334599491
0,0.0,0,0.0,6,184.25,0.0,0.0,3,2,1,13,1,6,184.25,30.708333333333332,1.0,0.0,0.9614275200498884,1,1,0,0,0,0,0,0,1,0,0,1,0,0,0.07089346950574184
3,48.35,2,358.6,35,676.2666667,0.0,0.0,2,2,2,2,0,40,1083.2166667000001,27.080416667500003,0.875,0.0,0.37472596336454805,0,0,0,0,0,0,0,0,0,1,0,0,0,0,0.03828070811858846
3,48.33333333,0,0.0,15,245.5,0.0,0.0,3,2,3,1,0,18,293.83333333,16.32407407388889,0.8333333333333334,0.0,0.4998250437373163,0,0,0,0,0,0,1,0,0,0,0,1,0,0,0.02682579378132341
6,110.625,1,106.0,30,1508.521825,21.01746974,0.0,3,2,3,13,0,37,1725.146825,46.625589864864864,0.8108108108108109,485.33664076268815,0.9236823400088087,0,1,0,0,0,0,0,0,1,0,0,1,0,0,0.43608896240058487
13,313.0333333,0,0.0,135,3700.495815,3.348407692,0.0,2,4,1,4,0,148,4013.5291483,27.118440191216216,0.9121621621621622,228.7777392200763,0.31852840580939984,0,1,0,0,0,0,0,1,0,0,0,1,0,0,0.16126986900624474
2,55.375,1,566.0,29,1978.14881,0.0,0.0,3,2,1,10,0,32,2599.5238099999997,81.23511906249999,0.90625,0.0,0.11734450157224315,0,1,0,0,0,0,0,0,1,0,0,1,0,0,0.14332600836415457
6,78.75,0,0.0,24,465.7321429,0.0,0.0,4,2,1,2,0,30,544.4821429,18.149404763333333,0.8,0.0,0.0,0,1,1,0,0,0,0,0,0,0,0,0,0,0,0.07608453149984565
1,58.0,0,0.0,33,647.625,0.0,0.0,3,2,3,2,0,34,705.625,20.753676470588236,0.9705882352941176,0.0,0.0,0,1,1,0,0,0,0,0,0,0,0,0,0,0,0.0377923968970553
0,0.0,0,0.0,1,340.2,0.0,0.0,1,1,3,2,1,1,340.2,340.2,1.0,0.0,0.8887703906145847,1,1,0,0,0,0,0,1,0,0,0,1,0,0,0.024438128369347105
13,399.75,3,47.75,61,1458.993056,17.49721917,0.0,1,1,1,2,0,77,1906.493056,24.75965007792208,0.7922077922077922,1056.4690435563864,0.10782007948325019,0,1,0,0,0,0,0,0,1,0,0,0,0,1,0.5393345168646453
0,0.0,0,0.0,2,5.0,0.0,0.0,2,2,1,2,0,2,5.0,2.5,1.0,0.0,0.0,0,0,0,0,0,0,1,0,0,0,0,1,0,0,0.024385651554708697
0,0.0,0,0.0,1,0.0,0.0,0.0,2,2,6,2,0,1,0.0,0.0,1.0,0.0,0.999950002499875,0,0,0,0,0,0,0,0,0,1,0,1,0,0,0.03183788113276797
0,0.0,0,0.0,5,614.75,0.0,0.0,2,10,2,2,0,5,614.75,122.95,1.0,0.0,0.0,0,1,1,0,0,0,0,0,0,0,0,1,0,0,0.03373776773280304
0,0.0,0,0.0,1,0.0,0.0,0.0,1,1,2,3,0,1,0.0,0.0,1.0,0.0,0.999950002499875,0,1,1,0,0,0,0,0,0,0,0,1,0,0,0.03183788113276797
2,32.5,0,0.0,12,239.75,0.0,0.4,2,4,1,5,0,14,272.25,19.446428571428573,0.8571428571428571,0.0,0.0,0,1,0,0,0,0,0,1,0,0,0,0,0,0,0.02579173006222376
0,0.0,0,0.0,2,0.0,0.0,0.0,2,2,2,3,0,2,0.0,0.0,1.0,0.0,0.999950002499875,0,1,0,0,0,0,0,1,0,0,0,1,0,0,0.024438128369347105
7,58.6,0,0.0,20,585.8833333,0.0,0.0,1,1,1,4,1,27,644.4833333,23.869753085185184,0.7407407407407407,0.0,0.38952311991299166,1,0,0,0,1,0,0,0,0,0,0,1,0,0,0.08736283374503057
1,11.0,0,0.0,4,1145.0,0.0,0.2,2,2,3,13,0,5,1156.0,231.2,0.8,0.0,0.49995000499950004,0,1,0,0,0,0,0,1,0,0,0,1,0,0,0.02579173006222376
13,297.75,3,352.5,41,2422.375,72.43846009,0.0,2,2,1,8,0,57,3072.625,53.905701754385966,0.7192982456140351,4513.936426297143,0.0,0,1,1,0,0,0,0,0,0,0,0,1,1,1,0.6139692085656167
1,90.6,0,0.0,11,424.5957143,0.0,0.0,3,2,8,1,0,12,515.1957143,42.93297619166666,0.9166666666666666,0.0,0.9550528260911646,0,0,0,0,0,0,0,0,0,0,0,1,0,0,0.0377923968970553
1,390.0,0,0.0,26,1325.833333,0.0,0.0,2,2,1,1,1,27,1715.833333,63.54938270370371,0.9629629629629629,0.0,0.29988305341080707,1,1,1,0,0,0,0,0,0,0,0,1,0,0,0.0377923968970553
4,60.08333333,0,0.0,24,1204.416667,46.62801597,0.0,2,2,6,6,0,28,1264.50000033,45.1607142975,0.8571428571428571,1731.2546936244976,0.28560821327618824,0,1,1,0,0,0,0,0,0,0,0,1,0,0,0.47928161586715523
7,150.375,0,0.0,7,219.5833333,0.0,0.0,1,1,1,2,1,14,369.9583333,26.425595235714287,0.5,0.0,0.0,1,1,1,0,0,0,0,0,0,0,0,1,0,0,0.09937829684465455
0,0.0,0,0.0,8,113.6666667,0.0,0.0,2,2,4,13,0,8,113.6666667,14.2083333375,1.0,0.0,0.0,0,1,0,0,0,0,0,0,1,0,0,1,0,0,0.06723129767552383
2,39.0,0,0.0,9,128.0,0.0,0.0,2,2,1,2,0,11,167.0,15.181818181818182,0.8181818181818182,0.0,0.0,0,1,0,0,0,0,0,1,0,0,0,0,0,0,0.02839847401337313
2,11.0,0,0.0,36,474.3066667,47.65907425,0.0,4,1,2,4,0,38,485.3066667,12.771228071052631,0.9473684210526315,3030.9213563019653,0.0,0,0,0,0,0,1,0,0,0,0,0,1,0,1,0.5349822079039946
5,1023.0,0,0.0,46,4681.894444,0.0,0.8,2,2,7,13,0,51,5704.894444,111.86067537254901,0.9019607843137255,0.0,0.3279904777804491,0,1,0,0,0,0,0,1,0,0,0,1,0,0,0.024438128369347105
1,38.0,2,20.0,57,2931.580303,0.0,1.0,2,2,4,2,1,60,2989.580303,49.826338383333336,0.95,0.0,0.18312223688573534,1,1,0,0,0,0,0,1,0,0,0,1,0,0,0.024438128369347105
5,96.0,0,0.0,81,2833.814103,0.0,0.0,4,1,7,2,0,86,2929.814103,34.06760584883721,0.9418604651162791,0.0,0.008607359461345122,0,1,0,0,0,0,0,0,1,0,0,1,0,0,0.21262139285498216
5,209.625,2,118.75,21,398.0,0.0,0.0,2,2,4,2,0,28,726.375,25.941964285714285,0.75,0.0,0.31564496079468796,0,1,1,0,0,0,0,0,0,0,0,0,0,0,0.07608453149984565
3,548.5,0,0.0,9,117.0,0.0,0.0,2,4,1,2,1,12,665.5,55.458333333333336,0.75,0.0,0.0,1,1,0,0,0,0,0,0,1,0,0,1,0,0,0.07274133293631425
0,0.0,0,0.0,11,115.25,0.0,0.0,3,2,9,10,1,11,115.25,10.477272727272727,1.0,0.0,0.5998680290322932,0,1,0,0,0,0,0,0,1,0,0,0,0,0,0.06746516550394657
0,0.0,0,0.0,3,140.0,0.0,0.0,3,2,1,3,0,3,140.0,46.666666666666664,1.0,0.0,0.4999625065619141,0,1,0,0,0,0,0,1,0,0,0,1,0,0,0.024438128369347105
3,38.0,0,0.0,12,279.0833333,0.0,0.0,1,1,8,2,0,15,317.0833333,21.138888886666667,0.8,0.0,0.0,0,1,0,0,0,0,0,0,1,0,0,1,0,0,0.08204427136751852
16,381.6731217,3,199.4,86,1618.40328,3.885233567,0.0,3,2,8,4,0,105,2199.4764016999998,20.947394301904758,0.819047619047619,176.1758768462723,0.6832446135933488,0,0,0,0,1,0,0,0,0,0,0,1,1,0,0.22533884580936614
1,7.0,4,364.9166667,248,7445.957075,1.26665917,0.0,2,2,1,2,0,253,7817.8737417,30.900686726086956,0.9802371541501976,80.4451554285813,0.27411228668994,0,1,0,0,0,0,0,0,1,0,0,1,1,1,0.5529828679723956
1,6.0,0,0.0,45,2487.333333,0.0,0.0,2,2,7,11,0,46,2493.333333,54.20289854347826,0.9782608695652174,0.0,0.2790279094184477,0,1,0,0,0,0,0,1,0,0,0,1,0,0,0.024438128369347105
2,152.8333333,0,0.0,20,791.6666667,41.35007203,0.0,1,1,1,2,0,22,944.5,42.93181818181818,0.9090909090909091,2479.5165622723057,0.6662668865427367,0,0,0,0,0,0,1,0,0,0,0,0,1,1,0.6529471588210931
0,0.0,0,0.0,46,1014.375,0.0,0.0,2,2,3,2,1,46,1014.375,22.05163043478261,1.0,0.0,0.3286428671987422,1,1,1,0,0,0,0,0,0,0,0,1,0,0,0.03373776773280304
1,0.0,0,0.0,14,503.6333333,0.0,0.0,2,2,9,2,0,15,503.6333333,33.57555555333333,0.9333333333333333,0.0,0.3998800299898033,0,0,0,0,0,0,0,0,0,0,0,1,0,0,0.04261759467701968
2,126.0,0,0.0,6,127.1666667,0.0,0.0,3,2,5,3,1,8,253.1666667,31.6458333375,0.75,0.0,1.1425959780621573,1,1,1,0,0,0,0,0,0,0,0,1,0,0,0.07608453149984565
9,179.4533333,7,277.6333333,37,829.1871429,9.098216282,0.0,2,2,3,2,1,53,1286.2738095,24.26931716037736,0.6981132075471698,1183.982326054839,0.3026358921865141,1,1,0,0,0,0,0,0,1,0,0,1,0,0,0.4961045462102659
0,0.0,2,22.0,41,979.375,0.0,0.0,2,2,3,2,1,43,1001.375,23.287790697674417,0.9534883720930233,0.0,0.4994630772161542,1,1,0,0,0,0,0,0,1,0,0,1,0,0,0.10381520971330298
0,0.0,0,0.0,24,387.8846154,0.0,0.0,2,2,3,3,0,24,387.8846154,16.161858974999998,1.0,0.0,0.6560777812226236,0,0,0,0,0,0,1,0,0,0,0,1,0,0,0.024385651554708697
0,0.0,0,0.0,2,0.0,0.0,0.0,2,2,6,13,0,2,0.0,0.0,1.0,0.0,0.999950002499875,0,1,0,0,0,0,0,1,0,0,0,1,0,0,0.024438128369347105
0,0.0,0,0.0,37,698.5416667,0.0,0.0,2,2,6,11,0,37,698.5416667,18.879504505405404,1.0,0.0,0.24983606148833673,0,1,0,0,0,0,0,0,1,0,0,1,0,0,0.09163358776200727
0,0.0,0,0.0,5,155.25,0.0,0.0,1,1,1,1,0,5,155.25,31.05,1.0,0.0,0.0,0,1,0,0,0,0,0,0,1,0,0,1,0,0,0.07108816330592016
10,175.3333333,0,0.0,88,2638.244429,8.27583441,0.0,1,1,8,10,1,98,2813.5777623,28.709977166326528,0.8979591836734694,368.22827664428047,0.19557975734445682,1,1,0,0,0,0,0,0,1,0,0,1,0,1,0.5161073512339928
0,0.0,0,0.0,38,454.2891775,0.0,0.6,2,2,1,3,0,38,454.2891775,11.954978355263158,1.0,0.0,0.7889131369233078,0,1,0,0,0,0,0,1,0,0,0,1,0,0,0.024438128369347105
1,19.0,0,0.0,7,115.6666667,0.0,0.0,3,2,2,10,0,8,134.6666667,16.8333333375,0.875,0.0,0.0,0,0,0,0,0,0,1,0,0,0,0,1,0,0,0.024385651554708697
0,0.0,0,0.0,12,86.5,0.0,0.8,3,2,6,13,0,12,86.5,7.208333333333333,1.0,0.0,0.8822517444104243,0,1,0,0,0,0,0,1,0,0,0,1,0,0,0.024438128369347105
7,108.6666667,6,853.75,194,6737.271825,0.0,0.0,2,5,1,3,1,207,7699.6884917,37.19656276183575,0.9371980676328503,0.0,0.020128438701795235,1,0,0,0,0,0,1,0,0,0,0,1,0,0,0.024385651554708697
0,0.0,0,0.0,20,255.75,0.0,0.0,2,2,1,4,0,20,255.75,12.7875,1.0,0.0,0.0,0,1,0,0,0,0,0,1,0,0,0,1,0,0,0.024438128369347105
0,0.0,0,0.0,4,49.5,0.0,0.0,2,2,9,2,0,4,49.5,12.375,1.0,0.0,0.0,0,0,0,0,0,0,1,0,0,0,0,1,0,0,0.024385651554708697
2,50.0,0,0.0,29,598.297619,0.0,0.0,2,6,3,1,0,31,648.297619,20.91282641935484,0.9354838709677419,0.0,0.0,0,0,0,0,0,0,1,0,0,0,0,1,0,0,0.024385651554708697
0,0.0,0,0.0,16,230.5666667,0.0,0.0,2,2,3,4,0,16,230.5666667,14.41041666875,1.0,0.0,0.0,0,0,0,0,0,0,0,0,0,0,0,1,0,0,0.03373776773280304
9,223.0,1,93.0,76,2893.940476,1.935491302,0.0,1,2,3,8,0,86,3209.940476,37.32488925581396,0.8837209302325582,130.16573336530942,0.16205313206860944,0,1,0,0,0,0,0,0,1,0,0,1,0,1,0.5204634040381043
1,13.0,4,37.5,32,675.6666667,0.0,0.0,2,4,1,10,0,37,726.1666667,19.626126127027025,0.8648648648648649,0.0,0.19993003149002803,0,1,1,0,0,0,0,0,0,0,0,1,0,0,0.08536498998756806
3,156.8,4,262.75,12,350.4253968,0.0,0.4,3,2,1,4,0,19,769.9753968,40.52502088421053,0.631578947368421,0.0,0.06320056120924647,0,1,0,0,0,0,0,1,0,0,0,1,0,0,0.025811145167664636
0,0.0,0,0.0,47,1475.366667,0.0,0.0,1,1,4,1,1,47,1475.366667,31.39078014893617,1.0,0.0,0.39757864272441745,1,1,0,0,0,0,0,0,1,0,0,1,0,0,0.09857910726302802
0,0.0,0,0.0,47,778.7619048,0.0,0.0,3,2,6,15,1,47,778.7619048,16.569402229787233,1.0,0.0,0.8181879639635897,1,1,0,0,0,0,0,1,0,0,0,1,0,0,0.024438128369347105
0,0.0,0,0.0,22,2473.25,0.0,0.0,3,2,3,2,0,22,2473.25,112.42045454545455,1.0,0.0,0.6787381630269083,0,1,0,0,0,0,0,1,0,0,0,1,0,0,0.024438128369347105
3,82.6,0,0.0,33,598.7611111,0.0,0.0,2,2,2,1,0,36,681.3611111,18.926697530555558,0.9166666666666666,0.0,0.0,0,0,0,0,0,0,0,0,0,0,1,1,0,0,0.0377923968970553
0,0.0,0,0.0,2,0.0,0.0,0.0,1,1,1,10,0,2,0.0,0.0,1.0,0.0,0.999950002499875,0,0,0,0,0,0,1,0,0,0,0,1,0,0,0.024385651554708697
9,160.0,0,0.0,48,3946.008333,20.32388105,0.0,2,6,1,8,1,57,4106.008333,72.0352339122807,0.8421052631578947,1763.4371373149786,0.6310308965990209,1,0,0,0,0,0,1,0,0,0,0,1,1,0,0.41787289758311646
4,73.33333333,1,0.0,52,1543.75,0.0,0.0,2,2,9,13,0,57,1617.08333333,28.36988304087719,0.9122807017543859,0.0,0.17618447544839932,0,1,0,0,0,0,0,0,1,0,0,1,0,0,0.105147303616273
1,69.5,0,0.0,8,226.5,0.0,0.0,3,2,1,13,0,9,296.0,32.888888888888886,0.8888888888888888,0.0,0.0,0,0,0,0,0,0,1,0,0,0,0,1,0,0,0.024385651554708697
3,30.0,0,0.0,37,518.0,0.0,0.0,2,10,1,3,0,40,548.0,13.7,0.925,0.0,0.0,0,1,0,0,0,0,0,1,0,0,0,1,0,0,0.024438128369347105
2,102.0,0,0.0,13,177.5,0.0,0.0,2,2,4,3,1,15,279.5,18.633333333333333,0.8666666666666667,0.0,0.0,0,1,0,0,0,0,0,1,0,0,0,0,0,0,0.02579173006222376
0,0.0,0,0.0,15,139.8333333,0.0,0.0,2,2,6,1,0,15,139.8333333,9.322222219999999,1.0,0.0,0.4999062769474866,0,0,0,0,0,0,1,0,0,0,0,1,0,0,0.024385651554708697
0,0.0,0,0.0,3,0.0,0.0,0.0,3,2,4,3,1,3,0.0,0.0,1.0,0.0,0.999950002499875,1,1,0,0,0,0,0,0,1,0,0,1,0,0,0.06137252587406211
0,0.0,0,0.0,21,1129.0,0.0,0.0,2,5,5,1,0,21,1129.0,53.76190476190476,1.0,0.0,0.2499344053434334,0,0,0,0,0,0,1,0,0,0,0,1,0,0,0.024385651554708697
0,0.0,0,0.0,23,1375.916667,0.0,0.0,3,2,8,13,0,23,1375.916667,59.82246378260869,1.0,0.0,0.4185598767314754,0,1,0,0,0,0,0,0,1,0,0,1,0,0,0.09356026295178084
6,107.04,3,53.2,114,5066.6611,0.0,0.0,3,2,3,3,1,123,5226.9011,42.49513089430894,0.926829268292683,0.0,0.4117626967227068,1,1,0,0,0,0,0,0,1,0,0,1,0,0,0.20443978681918892
0,0.0,0,0.0,12,201.3333333,0.0,0.0,3,2,1,13,1,12,201.3333333,16.777777775,1.0,0.0,0.4665360421759024,1,1,0,0,0,0,0,0,1,0,0,1,0,0,0.07133442143037683
2,7.0,0,0.0,40,906.4,0.0,0.0,2,2,9,4,0,42,913.4,21.747619047619047,0.9523809523809523,0.0,0.0,0,0,0,0,0,0,0,0,0,1,0,1,0,0,0.04261759467701968
0,0.0,0,0.0,37,1669.559524,0.0,0.0,3,2,3,1,0,37,1669.559524,45.12323037837838,1.0,0.0,0.3153374557900243,0,1,0,0,0,0,0,1,0,0,0,1,0,0,0.024438128369347105
3,9.5,0,0.0,25,528.9666667,3.296827304,0.0,2,2,2,3,0,28,538.4666667,19.230952382142856,0.8928571428571429,88.64944289228835,0.20684092792137734,0,0,0,0,0,1,0,0,0,0,0,1,0,0,0.3927395955341306
1,114.0,1,173.0,36,2542.333333,33.44055556,0.0,2,2,7,1,1,38,2829.333333,74.45614034210526,0.9473684210526315,558.974658927069,0.7119552814329638,1,1,0,0,0,0,0,1,0,0,0,1,0,0,0.29949175570332753
0,0.0,0,0.0,2,0.0,0.0,0.0,1,1,1,1,0,2,0.0,0.0,1.0,0.0,0.999950002499875,0,1,0,0,0,0,0,0,1,0,0,1,0,0,0.061158393045808314
0,0.0,0,0.0,3,255.0,0.0,0.0,2,5,8,3,1,3,255.0,85.0,1.0,0.0,0.0,1,1,0,0,0,0,0,0,1,0,0,1,0,0,0.07133442143037683
0,0.0,0,0.0,68,746.8,0.0,0.0,2,2,1,13,0,68,746.8,10.98235294117647,1.0,0.0,0.25618687823306613,0,1,0,0,0,0,0,1,0,0,0,1,0,0,0.024438128369347105
0,0.0,0,0.0,43,1606.45,18.51505467,0.0,4,1,1,2,0,43,1606.45,37.359302325581396,1.0,3880.0132588557403,0.0,0,0,0,0,0,1,0,0,0,0,0,0,1,1,0.8341254969838188
3,45.0,0,0.0,10,579.3333333,0.0,0.0,1,1,2,5,0,13,624.3333333,48.02564102307693,0.7692307692307693,0.0,0.0,0,1,0,0,0,0,0,1,0,0,0,0,0,0,0.02579173006222376
13,611.0470588,7,393.325,34,1352.816503,5.816167973,0.0,2,2,6,2,0,54,2357.1885617999997,43.65164003333333,0.6296296296296297,171.07370128117736,0.27667768936577936,0,1,0,0,0,0,0,1,0,0,0,1,0,0,0.19329737059091054
0,0.0,0,0.0,84,1460.256115,0.0,0.0,1,1,1,2,1,84,1460.256115,17.384001369047617,1.0,0.0,0.35594563827011544,1,1,0,0,0,0,0,0,1,0,0,1,0,0,0.11679308271392934
0,0.0,0,0.0,2,107.8,0.0,0.0,2,2,5,13,0,2,107.8,53.9,1.0,0.0,0.0,0,0,0,0,0,0,0,0,0,0,0,1,0,0,0.03183788113276797
0,0.0,0,0.0,15,239.0,0.0,0.0,3,2,1,3,1,15,239.0,15.933333333333334,1.0,0.0,0.6789180530481879,1,1,0,0,0,0,0,1,0,0,0,1,0,0,0.024438128369347105
7,280.0,0,0.0,21,612.75,43.81043478,0.0,2,2,2,1,0,28,892.75,31.883928571428573,0.75,5032.412825598818,0.0,0,1,0,0,0,0,0,1,0,0,0,1,1,1,0.6601244135039352
1,4.0,0,0.0,15,377.5,69.7132141,0.0,8,13,9,20,0,16,381.5,23.84375,0.9375,33992.915064052555,0.0,0,1,0,0,0,0,0,0,1,0,0,0,0,1,0.8384746486281724
0,0.0,0,0.0,7,182.0,0.0,0.0,3,2,1,13,1,7,182.0,26.0,1.0,0.0,0.3999440162373909,1,0,0,0,0,0,1,0,0,0,0,1,0,0,0.024385651554708697
0,0.0,0,0.0,1,0.0,0.0,0.0,1,1,3,3,1,1,0.0,0.0,1.0,0.0,0.999950002499875,0,1,1,0,0,0,0,0,0,0,0,0,0,0,0.03183788113276797
0,0.0,0,0.0,12,404.0,0.0,0.0,2,4,6,1,0,12,404.0,33.666666666666664,1.0,0.0,0.0,0,1,0,0,0,0,0,1,0,0,0,1,0,0,0.024438128369347105
0,0.0,0,0.0,11,296.45,0.0,0.0,3,2,6,2,0,11,296.45,26.95,1.0,0.0,0.0,0,0,0,0,0,0,1,0,0,0,0,1,0,0,0.024385651554708697
0,0.0,0,0.0,11,919.0,0.0,0.0,2,6,2,3,0,11,919.0,83.54545454545455,1.0,0.0,0.0,0,0,0,0,0,0,1,0,0,0,0,1,0,0,0.024385651554708697
9,252.667619,1,0.0,67,1060.693791,0.131837013,0.0,3,2,1,13,0,77,1313.36141,17.05664168831169,0.8701298701298701,4.397823248333066,0.7567331185342961,0,0,0,0,0,0,0,0,0,1,0,1,1,0,0.13455791189108215
0,0.0,0,0.0,1,0.0,0.0,0.0,1,8,8,11,1,1,0.0,0.0,1.0,0.0,0.999950002499875,1,1,0,0,0,0,0,0,1,0,0,1,0,0,0.06137252587406211
9,149.9333333,2,26.66666667,67,1783.122222,0.0,0.0,1,1,2,4,0,78,1959.72222197,25.124643871410257,0.8589743589743589,0.0,0.0,0,1,0,0,0,0,0,1,0,0,0,1,0,0,0.02579173006222376
0,0.0,0,0.0,3,30.0,0.0,0.0,2,2,1,1,0,3,30.0,10.0,1.0,0.0,0.0,0,0,0,0,0,0,1,0,0,0,0,1,0,0,0.024385651554708697
12,418.3333333,2,85.0,127,6931.049725,2.321101087,1.0,2,2,5,6,1,141,7434.3830583,52.726120980851064,0.900709219858156,146.29609588588673,0.2740380300339549,1,1,0,0,0,0,0,1,0,0,0,1,0,0,0.1461023915791812
0,0.0,0,0.0,6,34.33333333,0.0,0.6,2,2,2,3,0,6,34.33333333,5.722222221666667,1.0,0.0,0.666533353329334,0,1,0,0,0,0,0,1,0,0,0,1,0,0,0.024438128369347105
0,0.0,0,0.0,111,2805.038095,0.0,0.0,4,1,3,3,1,111,2805.038095,25.27061346846847,1.0,0.0,0.14149260715292186,1,0,0,0,0,0,0,0,0,0,0,1,0,0,0.04070682677972187
0,0.0,0,0.0,11,212.9166667,0.0,0.0,3,2,5,2,0,11,212.9166667,19.35606060909091,1.0,0.0,0.0,0,1,0,0,0,0,0,0,1,0,0,0,0,0,0.07108816330592016
0,0.0,0,0.0,6,222.4,63.55337685,0.0,1,1,4,4,1,6,222.4,37.06666666666667,1.0,1906.0295157055832,0.0,1,0,0,0,1,0,0,0,0,0,0,1,0,1,0.847190674912935
2,84.0,0,0.0,25,506.7666667,0.0,0.0,3,2,4,3,0,27,590.7666667,21.880246914814816,0.9259259259259259,0.0,0.4527123047844094,0,1,0,0,0,0,0,1,0,0,0,1,0,0,0.024438128369347105
8,116.9722222,9,2252.033333,19,1135.880556,0.0,0.0,3,2,4,2,1,36,3504.8861112,97.35794753333333,0.5277777777777778,0.0,0.8165559873524946,1,0,0,0,1,0,0,0,0,0,0,1,0,0,0.10510600082185315
0,0.0,0,0.0,3,13.0,0.0,0.0,2,4,1,1,0,3,13.0,4.333333333333333,1.0,0.0,0.7999519992801392,0,0,0,1,0,0,0,0,0,0,0,1,0,0,0.03183788113276797
0,0.0,0,0.0,2,19.0,0.0,1.0,1,2,3,2,1,2,19.0,9.5,1.0,0.0,0.0,1,1,0,0,0,0,0,1,0,0,0,1,0,0,0.024438128369347105
2,92.0,2,59.5,39,2207.757143,0.0,0.0,3,2,1,2,0,43,2359.257143,54.866445186046505,0.9069767441860465,0.0,0.4136176871253588,0,1,1,0,0,0,0,0,0,0,0,1,0,0,0.0377923968970553
6,262.02,0,0.0,25,688.4533333,2.368830117,0.0,2,2,3,2,0,31,950.4733333,30.660430106451614,0.8064516129032258,91.40852294919783,0.0,0,0,0,0,0,0,0,0,0,0,1,1,0,0,0.37830153270551437
0,0.0,0,0.0,12,582.5,0.0,0.0,2,4,4,2,1,12,582.5,48.541666666666664,1.0,0.0,0.0,0,1,0,0,0,0,0,1,0,0,0,0,0,0,0.024438128369347105
1,25.5,0,0.0,12,122.6666667,0.0,0.0,1,1,1,8,1,13,148.1666667,11.397435900000001,0.9230769230769231,0.0,0.0,0,1,0,0,0,0,0,0,1,0,0,0,0,0,0.08356895969389416
0,0.0,0,0.0,18,1093.083333,0.0,0.0,3,2,3,1,0,18,1093.083333,60.726851833333335,1.0,0.0,0.966899827794172,0,1,0,0,0,0,0,0,1,0,0,1,0,0,0.08670020823282905
0,0.0,0,0.0,3,159.5,0.0,0.0,2,4,1,3,0,3,159.5,53.166666666666664,1.0,0.0,0.0,0,1,0,0,0,0,0,0,1,0,0,1,0,0,0.07108816330592016
7,52.4,3,202.5,55,1995.466667,1.8315,0.0,2,2,6,13,0,65,2250.366667,34.62102564615384,0.8461538461538461,72.08692939790784,0.1311983295827007,0,1,0,0,0,0,0,1,0,0,0,1,0,0,0.14881299836547912
1,7.6,1,0.0,3,14.6,0.0,0.0,2,2,1,2,1,5,22.2,4.4399999999999995,0.6,0.0,0.0,1,0,0,0,0,0,0,0,0,0,1,1,0,0,0.18311506793553847
2,67.66666667,1,17.0,7,258.0,0.0,0.0,1,1,8,4,0,10,342.66666667,34.266666666999996,0.7,0.0,0.0,0,1,0,0,0,0,0,1,0,0,0,1,0,0,0.025811145167664636
2,98.0,0,0.0,29,1407.375,39.59436227,0.0,2,2,4,1,1,31,1505.375,48.560483870967744,0.9354838709677419,5930.258656003062,0.0,1,1,1,0,0,0,0,0,0,0,0,1,1,1,0.6585559239692608
0,0.0,0,0.0,6,268.4,0.0,0.0,2,4,9,6,0,6,268.4,44.73333333333333,1.0,0.0,0.0,0,0,0,0,1,0,0,0,0,0,0,1,0,0,0.03373776773280304
0,0.0,4,14.0,8,284.7,0.0,0.0,3,2,7,2,0,12,298.7,24.891666666666666,0.6666666666666666,0.0,0.35286646052773035,0,1,0,0,0,0,0,0,1,0,0,1,1,0,0.09180828863191332
2,386.0,0,0.0,72,712.2960784,0.0,0.0,2,2,4,2,0,74,1098.2960784000002,14.841838897297299,0.972972972972973,0.0,0.0,0,1,0,0,0,0,0,0,1,0,0,0,0,0,0.09857341003905658
0,0.0,2,4.0,45,2984.130952,0.0,0.0,2,2,1,1,0,47,2988.130952,63.57725429787234,0.9574468085106383,0.0,0.198582771307664,0,1,0,0,0,0,0,0,1,0,0,1,0,0,0.18080757872355477
0,0.0,0,0.0,28,1231.233333,0.0,0.0,1,1,4,3,0,28,1231.233333,43.97261903571428,1.0,0.0,0.2352166287095233,0,0,0,1,0,0,0,0,0,0,0,1,0,0,0.03373776773280304
0,0.0,0,0.0,38,1517.416739,0.0,0.0,4,2,4,2,0,38,1517.416739,39.93201944736842,1.0,0.0,0.0,0,1,0,0,0,0,0,0,1,0,0,1,0,0,0.09781134869650403
1,101.0,0,0.0,46,1687.85,18.844,0.0,2,2,3,4,0,47,1788.85,38.06063829787234,0.9787234042553191,1694.4350254214712,0.0,0,1,0,0,0,0,0,1,0,0,0,1,0,1,0.5672562544451526
5,71.0,0,0.0,57,1422.909324,13.55041394,0.0,2,4,4,2,0,62,1493.909324,24.095311677419353,0.9193548387096774,716.8951979382406,0.27845147114304575,0,1,0,0,0,0,0,0,1,0,0,1,1,1,0.5099406496467142
0,0.0,0,0.0,16,588.3333333,0.0,0.0,2,4,1,1,0,16,588.3333333,36.77083333125,1.0,0.0,0.0,0,0,0,1,0,0,0,0,0,0,0,1,0,0,0.03373776773280304
1,194.0,0,0.0,21,304.275,0.0,0.0,1,2,4,2,0,22,498.275,22.648863636363636,0.9545454545454546,0.0,0.0,0,1,0,0,0,0,0,1,0,0,0,1,0,0,0.024438128369347105
0,0.0,0,0.0,3,16.0,0.0,0.0,2,4,7,3,0,3,16.0,5.333333333333333,1.0,0.0,0.4999625065619141,0,1,1,0,0,0,0,0,0,0,0,1,0,0,0.03183788113276797
2,337.6,0,0.0,2,8.0,0.0,0.0,2,2,1,2,0,4,345.6,86.4,0.5,0.0,0.0,0,1,0,0,0,0,0,0,1,0,0,0,1,0,0.16970344006012178
0,0.0,0,0.0,51,874.4047619,0.0,0.0,2,2,7,2,0,51,874.4047619,17.14519140980392,1.0,0.0,0.2318168646769052,0,1,0,0,0,0,0,0,1,0,0,1,0,0,0.09163358776200727
0,0.0,0,0.0,3,60.4,0.0,0.0,1,1,1,5,0,3,60.4,20.133333333333333,1.0,0.0,0.0,0,0,0,0,0,0,0,0,0,0,1,1,0,0,0.03183788113276797
4,151.0,0,0.0,30,1547.233333,28.40448178,0.0,2,2,2,2,1,34,1698.233333,49.94803920588235,0.8823529411764706,2341.438083845209,0.0,1,0,0,0,0,0,0,0,0,0,1,1,1,1,0.6321826902024132
0,0.0,0,0.0,3,69.0,0.0,0.0,2,2,2,6,0,3,69.0,23.0,1.0,0.0,0.0,0,0,0,0,0,0,1,0,0,0,0,1,0,0,0.024385651554708697
1,1.333333333,0,0.0,32,395.2222222,0.0,0.0,2,4,1,2,1,33,396.55555553299996,12.016835016151514,0.9696969696969697,0.0,0.5449640777796391,1,0,0,0,0,0,1,0,0,0,0,1,0,0,0.024385651554708697
0,0.0,0,0.0,56,1294.637143,0.0,0.0,1,1,3,3,0,56,1294.637143,23.118520410714286,1.0,0.0,0.22133604686914998,0,0,0,0,0,0,0,0,0,0,0,1,0,0,0.03801485315968305
6,111.0,0,0.0,13,522.0,36.65444444,0.0,2,2,2,2,0,19,633.0,33.31578947368421,0.6842105263157895,3295.933692236324,0.0,0,1,0,0,0,0,0,1,0,0,0,0,1,1,0.7213534727272805
4,378.75,1,0.0,15,638.9166667,0.0,0.0,2,2,1,2,0,20,1017.6666667,50.883333334999996,0.75,0.0,0.3332278217441056,0,1,0,0,0,0,0,0,1,0,0,0,1,0,0.08932222455869944
3,86.95,6,173.2,17,481.31,27.69500776,0.0,2,2,9,20,0,26,741.46,28.517692307692307,0.6538461538461539,2769500.7759999996,0.0,0,1,0,0,0,0,0,0,1,0,0,0,1,1,0.6773723523739414
0,0.0,0,0.0,16,511.2,0.0,0.0,2,2,3,3,0,16,511.2,31.95,1.0,0.0,0.6663113006396589,0,0,0,0,1,0,0,0,0,0,0,1,0,0,0.03373776773280304
1,18.0,0,0.0,24,1571.0,0.0,0.0,2,2,2,3,0,25,1589.0,63.56,0.96,0.0,0.0,0,0,0,0,0,0,1,0,0,0,0,1,0,0,0.024385651554708697
4,133.8,0,0.0,10,299.5,0.0,0.0,1,8,7,1,0,14,433.3,30.95,0.7142857142857143,0.0,1.1444726981300666,0,0,0,0,1,0,0,0,0,0,0,1,0,0,0.09666825401353178
5,200.0,1,0.0,33,1606.831818,0.0,0.0,3,2,5,2,0,39,1806.831818,46.329020974358976,0.8461538461538461,0.0,0.0,0,1,0,0,0,0,0,1,0,0,0,1,0,0,0.02579173006222376
0,0.0,0,0.0,3,51.0,0.0,0.0,2,2,3,2,0,3,51.0,17.0,1.0,0.0,0.0,0,1,0,0,0,0,0,0,1,0,0,0,0,0,0.06723129767552383
0,0.0,0,0.0,5,0.0,0.0,0.0,3,2,2,13,1,5,0.0,0.0,1.0,0.0,0.999950002499875,1,0,0,0,1,0,0,0,0,0,0,1,0,0,0.03183788113276797
0,0.0,0,0.0,118,3211.344872,3.05990612,0.0,2,2,9,2,1,118,3211.344872,27.21478705084746,1.0,185.68600492010188,0.41141398344685914,1,1,0,0,0,0,0,0,1,0,0,1,1,1,0.5596477925182147
1,0.0,0,0.0,4,795.0,0.0,0.0,3,2,9,6,1,5,795.0,159.0,0.8,0.0,0.5999460084591847,1,1,0,0,0,0,0,0,1,0,0,1,0,0,0.08232511917119546
8,355.0,0,0.0,50,1039.599344,0.0,0.0,1,2,3,10,0,58,1394.599344,24.04481627586207,0.8620689655172413,0.0,0.09100496380347017,0,1,0,0,0,0,0,0,1,0,0,1,0,0,0.09941913103967098
2,47.0,1,0.0,20,738.9107143,0.0,0.0,3,2,1,2,0,23,785.9107143,34.170031056521736,0.8695652173913043,0.0,0.7343836103611351,0,1,0,0,0,0,0,0,1,0,0,1,0,0,0.09980392604870368
1,151.5,0,0.0,10,304.75,0.0,0.0,3,2,2,2,0,11,456.25,41.47727272727273,0.9090909090909091,0.0,0.0,0,1,1,0,0,0,0,0,0,0,0,1,0,0,0.0377923968970553
1,22.75,0,0.0,16,461.0833333,17.991,0.0,2,2,1,4,0,17,483.8333333,28.460784311764705,0.9411764705882353,1568.7545870877661,0.0,0,1,0,0,0,0,0,1,0,0,0,1,0,1,0.757172552869793
2,93.0,3,808.5,33,1310.472222,0.0,0.4,2,2,6,4,0,38,2211.9722220000003,58.209795315789485,0.868421052631579,0.0,0.4178161723087153,0,1,0,0,0,0,0,1,0,0,0,1,0,0,0.02579173006222376
1,32.0,0,0.0,13,813.8,32.43738462,0.0,1,1,3,4,1,14,845.8,60.41428571428571,0.9285714285714286,1053.8724836887577,0.0,1,1,0,0,0,0,0,1,0,0,0,1,0,1,0.6384245012250384
5,148.5,1,25.5,36,2590.016667,19.29866138,0.0,1,1,1,1,0,42,2764.016667,65.80992064285714,0.8571428571428571,920.5380503130403,0.0,0,1,1,0,0,0,0,0,0,0,0,1,0,0,0.2959401500236266
5,54.83333333,0,0.0,26,986.9166667,45.69873563,0.0,6,2,4,5,0,31,1041.75000003,33.60483871064516,0.8387096774193549,4156.23582952668,0.0,0,1,0,0,0,0,0,1,0,0,0,1,0,1,0.6709608095367596
1,72.6,0,0.0,44,1256.825,0.0,0.0,1,1,4,5,0,45,1329.425,29.542777777777776,0.9777777777777777,0.0,0.0,0,1,0,0,0,0,0,0,1,0,0,0,0,0,0.0990852306433134
3,30.0,0,0.0,23,625.3,0.0,0.0,2,2,3,3,0,26,655.3,25.20384615384615,0.8846153846153846,0.0,0.631339712818975,0,1,1,0,0,0,0,0,0,0,0,1,0,0,0.04261759467701968
0,0.0,0,0.0,7,110.0,0.0,0.0,3,2,8,1,0,7,110.0,15.714285714285714,1.0,0.0,0.39997200055998877,0,0,0,0,0,0,1,0,0,0,0,1,0,0,0.024385651554708697
0,0.0,0,0.0,1,0.0,0.0,0.2,2,2,1,13,0,1,0.0,0.0,1.0,0.0,0.999950002499875,0,1,0,0,0,0,0,1,0,0,0,1,0,0,0.024438128369347105
6,475.75,1,18.0,28,1559.65,15.81839583,0.0,2,2,5,4,0,35,2053.4,58.66857142857143,0.8,583.8482784676215,0.46136811591250143,0,1,0,0,0,0,0,1,0,0,0,1,1,0,0.27467334687429895
7,165.1,0,0.0,63,1422.103333,0.0,0.0,4,2,2,3,0,70,1587.203333,22.67433332857143,0.9,0.0,0.0,0,0,0,0,0,1,0,0,0,0,0,1,0,0,0.042560864390344094
13,869.1666667,2,28.2,97,2865.817778,0.0,0.0,2,6,1,1,0,112,3763.1844447000003,33.59986111339286,0.8660714285714286,0.0,0.3859409347038048,0,0,0,0,0,0,0,0,0,1,0,1,0,0,0.09065044077752973
13,301.5616883,1,14.0,55,3328.903752,38.60204838,0.0,1,1,1,2,0,69,3644.4654403000004,52.81833971449276,0.7971014492753623,2714.2455015877495,0.5580437319092129,0,1,0,0,0,0,0,0,1,0,0,1,0,1,0.5333529230530238
1,49.0,0,0.0,112,2237.603885,0.0,0.0,1,1,4,2,0,113,2286.603885,20.23543261061947,0.9911504424778761,0.0,0.20551121865109495,0,1,1,0,0,0,0,0,0,0,0,1,0,0,0.03569273553151064
2,135.0,0,0.0,53,1511.195238,0.0,0.0,2,2,1,6,1,55,1646.195238,29.93082250909091,0.9636363636363636,0.0,0.21143385469789977,1,1,0,0,0,0,0,1,0,0,0,1,0,0,0.024438128369347105
0,0.0,0,0.0,1,0.0,0.0,0.0,1,1,1,2,1,1,0.0,0.0,1.0,0.0,0.999950002499875,1,0,0,1,0,0,0,0,0,0,0,1,0,0,0.03183788113276797
3,66.33333333,0,0.0,12,368.68,21.24191985,0.0,2,2,1,2,0,15,435.01333333,29.00088888866667,0.8,251.5192670026932,0.47362812547792044,0,1,0,0,0,0,0,0,1,0,0,1,1,0,0.47615242025215065
0,0.0,0,0.0,11,205.7,18.85086521,0.0,1,1,1,8,0,11,205.7,18.7,1.0,847.9073846060011,0.0,0,1,1,0,0,0,0,0,0,0,0,0,1,1,0.7412685210140124
0,0.0,0,0.0,1,0.0,0.0,0.2,3,2,3,6,0,1,0.0,0.0,1.0,0.0,0.999950002499875,0,1,0,0,0,0,0,1,0,0,0,1,0,0,0.024438128369347105
2,23.0,0,0.0,18,657.25,0.0,0.0,2,2,9,2,0,20,680.25,34.0125,0.9,0.0,0.0,0,1,1,0,0,0,0,0,0,0,0,0,0,0,0.04261759467701968
3,47.0,0,0.0,66,2582.69697,11.96954545,0.0,2,2,1,2,0,69,2629.69697,38.111550289855074,0.9565217391304348,986.6735038510581,0.24979392001392772,0,1,0,0,0,0,0,1,0,0,0,1,0,0,0.3351315710994105
0,0.0,0,0.0,12,223.8,0.0,0.0,1,1,2,4,1,12,223.8,18.650000000000002,1.0,0.0,1.5616215808405074,1,0,0,0,1,0,0,0,0,0,0,1,0,0,0.03373776773280304
6,183.25,2,80.5,60,1883.444231,0.0,0.0,3,12,1,6,1,68,2147.194231,31.57638575,0.8823529411764706,0.0,0.0,1,1,0,0,0,0,0,0,1,0,0,1,1,0,0.17578816775031583
0,0.0,0,0.0,13,1001.3,0.0,0.0,2,2,9,1,0,13,1001.3,77.02307692307691,1.0,0.0,0.0,0,0,0,0,0,1,0,0,0,0,0,1,0,0,0.03373776773280304
0,0.0,0,0.0,2,41.5,0.0,0.0,1,1,3,1,1,2,41.5,20.75,1.0,0.0,0.9999000099990001,1,1,1,0,0,0,0,0,0,0,0,1,0,0,0.03183788113276797
0,0.0,0,0.0,2,54.0,0.0,0.0,1,1,5,10,1,2,54.0,27.0,1.0,0.0,0.0,1,1,0,0,0,0,0,0,1,0,0,1,0,0,0.06746516550394657
3,117.0,0,0.0,5,68.0,0.0,1.0,2,2,6,5,1,8,185.0,23.125,0.625,0.0,0.0,0,1,0,0,0,0,0,1,0,0,0,0,0,0,0.02841979414021608
8,452.5,0,0.0,30,643.4333333,0.0,0.0,1,1,9,2,0,38,1095.9333333,28.84035087631579,0.7894736842105263,0.0,0.0,0,0,0,0,0,0,0,0,0,1,0,1,0,0,0.07608453149984565
1,30.5,1,31.0,24,533.5,0.0,0.0,4,1,1,3,0,26,595.0,22.884615384615383,0.9230769230769231,0.0,0.0,0,1,0,0,0,0,0,1,0,0,0,1,0,0,0.024438128369347105
12,1028.833333,1,3.0,155,6794.735417,3.726530231,0.0,2,2,1,2,0,168,7826.56875,46.58671875,0.9226190476190477,239.8534560372424,0.15892284949129468,0,1,0,0,0,0,0,0,1,0,0,1,1,0,0.48654807799236977
0,0.0,0,0.0,42,602.8833333,21.26632526,0.0,6,2,3,1,0,42,602.8833333,14.354365078571428,1.0,4860.786573225307,0.0,0,0,0,0,0,0,0,0,0,0,1,1,0,1,0.7534999042028983
12,275.5166667,2,288.375,60,1276.594048,5.45243266,0.0,4,1,1,2,0,74,1840.4857146999998,24.871428577027025,0.8108108108108109,571.9049005591679,0.0,0,1,0,0,0,0,0,0,1,0,0,1,1,0,0.37450374923418966
3,40.2,0,0.0,11,201.1333333,0.0,0.0,2,2,2,1,0,14,241.3333333,17.238095235714287,0.7857142857142857,0.0,0.0,0,0,0,0,0,1,0,0,0,0,0,0,0,0,0.08536498998756806
5,28.58333333,0,0.0,45,649.8632035,0.0,0.0,3,2,6,5,0,50,678.44653683,13.5689307366,0.9,0.0,0.22214159708167552,0,0,0,0,1,0,0,0,0,0,0,1,0,0,0.04261759467701968
0,0.0,0,0.0,39,1262.651515,0.0,0.0,3,2,2,10,0,39,1262.651515,32.37567987179487,1.0,0.0,0.7049120702706559,0,1,0,0,0,0,0,0,1,0,0,1,1,0,0.09781134869650403
0,0.0,0,0.0,8,261.8,10.99901844,0.0,2,2,4,1,1,8,261.8,32.725,1.0,274.90673431642085,0.2499375156210947,1,0,0,0,0,0,0,0,0,0,1,1,0,1,0.6554769032776234
0,0.0,0,0.0,8,110.0,0.0,0.0,2,5,1,2,0,8,110.0,13.75,1.0,0.0,0.0,0,1,0,0,0,0,0,1,0,0,0,1,0,0,0.024438128369347105
4,200.8333333,0,0.0,18,381.3333333,0.0,0.0,2,4,7,2,1,22,582.1666666,26.46212120909091,0.8181818181818182,0.0,0.0,0,0,0,0,0,0,1,0,0,0,0,0,0,0,0.02682579378132341
1,44.0,0,0.0,1,0.0,0.0,0.0,1,1,1,5,0,2,44.0,22.0,0.5,0.0,0.0,0,0,0,0,0,0,0,0,0,0,1,0,1,0,0.19195444715481677
0,0.0,0,0.0,1,0.0,0.0,0.0,2,2,7,3,0,1,0.0,0.0,1.0,0.0,0.999950002499875,0,0,0,1,0,0,0,0,0,0,0,1,0,0,0.03183788113276797
7,190.2628205,4,195.0,124,3197.290064,7.059929851,0.0,3,2,6,2,1,135,3582.5528845,26.537428774074073,0.9185185185185185,354.7088495210629,0.5185288480137865,1,1,0,0,0,0,0,0,1,0,0,1,0,1,0.5267126835003617
2,76.6,0,0.0,16,368.4666667,0.0,0.0,4,1,4,1,1,18,445.06666670000004,24.72592592777778,0.8888888888888888,0.0,0.0,1,0,0,0,0,0,0,0,0,1,0,1,0,0,0.0377923968970553
1,3.0,0,0.0,14,128.0,0.0,0.0,2,2,1,2,0,15,131.0,8.733333333333333,0.9333333333333333,0.0,0.0,0,0,0,0,0,0,1,0,0,0,0,1,0,0,0.024385651554708697
3,63.0,0,0.0,31,770.5833333,0.0,0.0,2,2,1,8,0,34,833.5833333,24.517156861764708,0.9117647058823529,0.0,0.23989925239480017,0,1,1,0,0,0,0,0,0,0,0,1,0,0,0.0377923968970553
0,0.0,0,0.0,19,1210.1,0.0,0.0,1,1,3,10,0,19,1210.1,63.68947368421052,1.0,0.0,0.0,0,1,0,0,0,0,0,0,1,0,0,1,0,0,0.09398063074455923
1,14.0,0,0.0,21,334.7857143,0.0,0.0,2,2,1,1,0,22,348.7857143,15.853896104545454,0.9545454545454546,0.0,0.0,0,0,0,0,0,0,1,0,0,0,0,1,0,0,0.024385651554708697
2,43.73333333,0,0.0,19,158.9333333,0.0,0.0,1,1,6,2,0,21,202.66666662999998,9.650793649047618,0.9047619047619048,0.0,0.0,0,0,0,0,0,1,0,0,0,0,0,1,0,0,0.04261759467701968
8,79.16666667,2,45.0,62,3657.101515,9.027320816,0.0,2,7,4,4,0,72,3781.2681816699996,52.51761363430555,0.8611111111111112,431.7756044308829,0.045552261884240615,0,1,0,0,0,0,0,1,0,0,0,1,1,0,0.1959262018572107
2,79.6,3,332.08,34,1011.016667,5.128358233,0.0,2,2,7,1,0,39,1422.696667,36.47940171794872,0.8717948717948718,118.5658664484418,0.4373988558499532,0,0,0,0,0,0,0,0,0,1,0,1,1,0,0.3521881985282182
0,0.0,0,0.0,6,98.73333333,0.0,0.0,3,2,1,2,1,6,98.73333333,16.455555555,1.0,0.0,0.0,1,0,0,0,0,0,0,0,0,0,1,1,0,0,0.03183788113276797
6,152.0,0,0.0,17,450.75,14.10739957,0.0,1,8,3,11,0,23,602.75,26.206521739130434,0.7391304347826086,269.27167824703776,0.54535044524482,0,1,0,0,0,0,0,0,1,0,0,1,1,0,0.44780496252641916
0,0.0,0,0.0,9,166.12,0.0,0.0,2,2,1,1,0,9,166.12,18.45777777777778,1.0,0.0,0.0,0,0,0,0,1,0,0,0,0,0,0,1,0,0,0.03373776773280304
1,78.0,1,14.0,37,935.5571429,67.73686486,0.0,2,2,1,3,0,39,1027.5571429000001,26.347619048717952,0.9487179487179487,2505.3370276251158,0.0,0,1,0,0,0,0,0,1,0,0,0,1,0,1,0.6743245022840596
0,0.0,0,0.0,24,445.9,0.0,0.0,2,4,1,1,0,24,445.9,18.579166666666666,1.0,0.0,0.7367490349145412,0,0,0,0,0,0,0,0,0,0,0,1,0,0,0.03373776773280304
1,116.0,0,0.0,22,1245.6,27.81913043,0.0,1,1,3,4,1,23,1361.6,59.199999999999996,0.9565217391304348,913.756896542833,0.2856204296151495,1,1,0,0,0,0,0,1,0,0,0,1,1,0,0.4488332816883361
0,0.0,0,0.0,8,551.1666667,0.0,0.0,3,2,2,3,0,8,551.1666667,68.8958333375,1.0,0.0,0.714081690945444,0,0,0,0,0,0,1,0,0,0,0,1,0,0,0.024385651554708697
4,52.33333333,1,239.0,14,337.5,0.0,0.0,2,5,1,2,0,19,628.83333333,33.09649122789474,0.7368421052631579,0.0,0.0,0,0,0,0,0,0,1,0,0,0,0,1,0,0,0.02682579378132341
0,0.0,0,0.0,4,247.0,0.0,0.2,2,2,1,2,0,4,247.0,61.75,1.0,0.0,0.0,0,1,0,0,0,0,0,1,0,0,0,1,0,0,0.024438128369347105
5,108.2,0,0.0,37,1288.533333,0.0,0.0,2,2,1,1,0,42,1396.7333330000001,33.25555554761905,0.8809523809523809,0.0,0.18743323358917816,0,0,0,0,0,0,1,0,0,0,0,1,0,0,0.024385651554708697
1,28.2,0,0.0,18,536.0857143,75.62994948,0.0,2,2,4,4,0,19,564.2857143,29.69924812105263,0.9473684210526315,6800.575003702417,0.0,0,0,0,0,0,0,0,0,0,0,0,0,1,1,0.8358648589758966
16,164.925,5,66.875,64,1899.598899,83.78651166,0.0,3,2,1,3,1,85,2131.3988990000003,25.075281164705885,0.7529411764705882,2796.624206876698,0.36598657370900245,1,1,0,0,0,0,0,0,1,0,0,1,0,1,0.5470494770374448
0,0.0,0,0.0,69,3621.066667,0.0,0.0,2,1,1,2,0,69,3621.066667,52.479227057971016,1.0,0.0,0.0734101862777261,0,1,0,0,0,0,0,0,1,0,0,1,1,0,0.18914896447063936
0,0.0,0,0.0,16,973.5,0.0,0.0,2,2,1,1,0,16,973.5,60.84375,1.0,0.0,0.5453355671150699,0,1,0,0,0,0,0,1,0,0,0,1,0,0,0.024438128369347105
0,0.0,0,0.0,15,296.0,0.0,0.0,2,5,2,3,0,15,296.0,19.733333333333334,1.0,0.0,0.0,0,0,0,0,0,0,1,0,0,0,0,1,0,0,0.024385651554708697
0,0.0,0,0.0,3,0.0,0.0,0.0,3,2,6,13,0,3,0.0,0.0,1.0,0.0,0.999950002499875,0,1,0,0,0,0,0,0,1,0,0,1,0,0,0.061158393045808314
0,0.0,0,0.0,3,78.33333333,0.0,0.0,2,2,7,11,0,3,78.33333333,26.11111111,1.0,0.0,0.0,0,0,0,0,0,0,1,0,0,0,0,1,0,0,0.024385651554708697
3,60.0,0,0.0,29,1846.63547,0.0,0.0,3,2,8,6,0,32,1906.63547,59.5823584375,0.90625,0.0,0.17173637299648736,0,1,0,0,0,0,0,1,0,0,0,1,0,0,0.024438128369347105
0,0.0,0,0.0,5,137.0,0.0,0.0,2,4,9,2,0,5,137.0,27.4,1.0,0.0,0.0,0,0,0,0,0,0,0,0,0,1,0,1,0,0,0.03183788113276797
7,169.5,0,0.0,50,1557.916667,0.0,0.0,1,1,3,2,0,57,1727.416667,30.30555556140351,0.8771929824561403,0.0,0.2854981336552085,0,1,1,0,0,0,0,0,0,0,0,1,0,0,0.03793664784525171
0,0.0,3,300.0,13,509.1214286,40.7932,0.0,3,2,7,2,1,16,809.1214286,50.5700892875,0.8125,18274.705652036402,2.9865609244958615,1,0,0,0,0,0,1,0,0,0,0,1,1,1,0.7239894524079881
3,105.0,0,0.0,34,603.7071429,14.75710476,0.0,1,1,1,3,0,37,708.7071429,19.154247105405407,0.918918918918919,3962.3983657538656,0.0,0,1,0,0,0,0,0,1,0,0,0,1,1,1,0.6364886562006363
0,0.0,0,0.0,9,143.0,0.0,1.0,2,6,1,2,1,9,143.0,15.88888888888889,1.0,0.0,0.4545082719677631,1,1,0,0,0,0,0,1,0,0,0,1,0,0,0.024438128369347105
14,173.0833333,3,424.5,115,3382.287999,0.0,0.0,2,2,2,6,0,132,3979.8713323,30.150540396212122,0.8712121212121212,0.0,0.2432412895205021,0,1,0,0,0,0,0,1,0,0,0,1,0,0,0.02579173006222376
5,153.0,0,0.0,25,1074.683333,19.23268976,0.0,1,1,6,4,0,30,1227.683333,40.92277776666666,0.8333333333333334,1025.196682302772,0.6663113006396589,0,1,0,0,0,0,0,0,1,0,0,1,0,0,0.4659382697806478
9,307.360119,4,77.91666667,95,2989.780952,12.74039337,0.0,3,2,4,1,1,108,3375.0577376700003,31.25053460805556,0.8796296296296297,877.2210941335895,0.40502078584878126,1,1,0,0,0,0,0,0,1,0,0,1,0,1,0.5266706908114198
0,0.0,0,0.0,68,3357.340476,0.0,1.0,3,2,6,2,1,68,3357.340476,49.37265405882353,1.0,0.0,0.6412989591740829,1,1,0,0,0,0,0,1,0,0,0,1,0,0,0.024438128369347105
0,0.0,0,0.0,4,388.0,0.0,0.0,2,2,6,1,0,4,388.0,97.0,1.0,0.0,0.6665777896280497,0,0,0,0,0,0,1,0,0,0,0,1,0,0,0.024385651554708697
0,0.0,0,0.0,23,1215.666667,0.0,0.0,2,2,5,2,0,23,1215.666667,52.855072478260865,1.0,0.0,0.0,0,1,1,0,0,0,0,0,0,0,0,0,0,0,0.03373776773280304
7,63.5,5,100.25,62,1573.233333,0.0,0.0,2,2,6,3,1,74,1736.983333,23.472747743243243,0.8378378378378378,0.0,0.0,1,0,0,0,0,0,1,0,0,0,0,1,0,0,0.02682579378132341
6,1672.033333,0,0.0,28,518.3966667,0.0,0.0,2,2,3,2,1,34,2190.4299997,64.42441175588235,0.8235294117647058,0.0,0.4542048077493082,1,0,0,0,0,0,0,0,0,1,0,1,0,0,0.07608453149984565
2,35.0,0,0.0,2,6.0,0.0,0.0,2,2,9,2,0,4,41.0,10.25,0.5,0.0,0.0,0,0,0,0,0,0,1,0,0,0,0,0,0,0,0.03089449705975995
3,189.4,4,130.76,93,3856.82978,7.542144271,0.0,2,2,1,1,0,100,4176.98978,41.769897799999995,0.93,121.26210943478982,0.6033369594437291,0,0,0,0,0,1,0,0,0,0,0,1,0,0,0.32437684803729455
0,0.0,2,88.6,35,682.1833333,0.0,0.0,1,1,3,1,0,37,770.7833333,20.831981981081082,0.9459459459459459,0.0,0.0,0,0,0,0,1,0,0,0,0,0,0,1,0,0,0.04261759467701968
1,12.83333333,3,77.0,31,2372.333333,10.32166068,0.0,2,2,1,2,0,35,2462.16666633,70.347619038,0.8857142857142857,796.9670615239883,0.0,0,0,0,0,0,0,1,0,0,0,0,1,0,1,0.5499607216997034
3,319.4,1,251.8,53,2525.307766,52.97841866,0.0,2,2,9,4,0,57,3096.5077659999997,54.324697649122804,0.9298245614035088,4990.4026229691035,0.0,0,0,0,0,1,0,0,0,0,0,0,1,1,1,0.6229893720641742
0,0.0,0,0.0,93,2243.666667,0.0,0.0,2,4,8,1,0,93,2243.666667,24.125448032258063,1.0,0.0,0.34872650374627534,0,0,0,0,0,0,1,0,0,0,0,1,0,0,0.024385651554708697
0,0.0,2,38.2,121,3362.749679,4.212415755,0.0,1,1,1,3,0,123,3400.949679,27.6499973902439,0.983739837398374,99.50803789445804,0.5945978704688655,0,0,0,0,1,0,0,0,0,0,0,1,0,0,0.31562244426804664
0,0.0,0,0.0,7,98.33333333,0.0,0.0,1,1,1,3,0,7,98.33333333,14.047619047142858,1.0,0.0,0.8747321324232288,0,1,0,0,0,0,0,1,0,0,0,1,0,0,0.024438128369347105
0,0.0,0,0.0,22,493.0,55.5696756,0.0,4,1,9,8,1,22,493.0,22.40909090909091,1.0,5828.6955162731365,0.0,1,1,0,0,0,0,0,0,1,0,0,1,1,1,0.8131440162497114
0,0.0,0,0.0,8,83.5,0.0,0.0,2,2,5,2,0,8,83.5,10.4375,1.0,0.0,0.7499250074992501,0,1,1,0,0,0,0,0,0,0,0,1,0,0,0.03183788113276797
0,0.0,0,0.0,7,304.3333333,0.0,0.0,1,1,1,2,1,7,304.3333333,43.47619047142857,1.0,0.0,0.0,0,1,0,0,0,0,0,1,0,0,0,0,0,0,0.024438128369347105
1,50.33333333,0,0.0,21,586.1892857,0.0,0.6,1,1,1,2,0,22,636.52261903,28.932846319545455,0.9545454545454546,0.0,0.0,0,1,0,0,0,0,0,1,0,0,0,1,0,0,0.024438128369347105
2,20.14285714,0,0.0,4,33.14285714,0.0,0.0,3,2,1,10,0,6,53.28571427999999,8.880952379999998,0.6666666666666666,0.0,0.0,0,1,1,0,0,0,0,0,0,0,0,1,0,0,0.12106776172923307
0,0.0,0,0.0,20,436.1,0.0,0.0,1,1,4,3,0,20,436.1,21.805,1.0,0.0,0.5713469504356521,0,0,0,0,0,1,0,0,0,0,0,1,0,0,0.03373776773280304
3,23.0,0,0.0,19,723.4833333,17.68865669,0.0,2,2,2,2,0,22,746.4833333,33.93106060454546,0.8636363636363636,775.2396342940168,0.15377872778993293,0,0,0,0,1,0,0,0,0,0,0,1,0,0,0.37255267841391243
1,63.4,0,0.0,3,120.4,42.29306752,0.0,1,1,3,3,0,4,183.8,45.95,0.75,4229306.751999999,0.0,0,0,0,0,0,0,0,0,0,1,0,0,1,1,0.8049809888935302
2,66.26666667,1,348.6,6,233.1666667,11.12205139,0.0,3,2,3,7,0,9,648.03333337,72.00370370777779,0.6666666666666666,238.27861123845878,0.952176898149133,0,0,0,0,0,0,0,0,0,1,0,1,0,0,0.4393385460694343
4,55.0,0,0.0,16,284.9,18.8649,0.0,1,1,2,10,0,20,339.9,16.994999999999997,0.8,565.7772724760298,0.09996999999970008,0,0,0,0,0,0,1,0,0,0,0,1,0,0,0.4990064293463158
0,0.0,1,33.75,72,1460.908333,0.0,0.0,1,1,1,2,0,73,1494.658333,20.474771684931508,0.9863013698630136,0.0,0.0,0,1,0,0,0,0,0,0,1,0,0,1,1,0,0.13098074076532318
1,51.4,0,0.0,41,883.1395238,48.7880688,0.0,2,2,3,3,0,42,934.5395238,22.250941042857143,0.9761904761904762,1463.203117696722,0.5383000553663906,0,0,0,0,1,0,0,0,0,0,0,1,1,1,0.5388012983609689
7,46.2,0,0.0,22,280.0466667,0.0,0.0,2,2,1,3,1,29,326.2466667,11.24988505862069,0.7586206896551724,0.0,0.7494098594372091,0,0,0,0,0,0,0,0,0,0,0,0,0,0,0.08536498998756806
1,4.0,0,0.0,6,102.0,0.0,0.0,2,2,1,3,0,7,106.0,15.142857142857142,0.8571428571428571,0.0,0.0,0,1,0,0,0,0,0,1,0,0,0,0,0,0,0.02839847401337313
3,41.5,0,0.0,5,68.75,0.0,0.0,1,2,1,8,0,8,110.25,13.78125,0.625,0.0,0.0,0,1,0,0,0,0,0,0,1,0,0,0,0,0,0.0949370554648257
0,0.0,0,0.0,42,844.58,0.0,0.0,3,2,1,3,0,42,844.58,20.10904761904762,1.0,0.0,0.696944418669117,0,0,0,0,0,0,0,0,0,1,0,1,0,0,0.03373776773280304
8,839.0,0,0.0,72,1248.242262,13.36332468,0.0,3,2,6,3,1,80,2087.2422619999998,26.090528274999997,0.9,5125.147389950844,0.0,1,1,0,0,0,0,0,1,0,0,0,1,0,1,0.5587816475082826
3,30.5,0,0.0,20,1839.833333,0.0,0.0,2,2,7,3,0,23,1870.333333,81.3188405652174,0.8695652173913043,0.0,0.0,0,1,0,0,0,0,0,1,0,0,0,1,0,0,0.02579173006222376
0,0.0,0,0.0,11,185.0,0.0,0.6,2,2,1,6,0,11,185.0,16.818181818181817,1.0,0.0,0.0,0,1,0,0,0,0,0,1,0,0,0,1,0,0,0.024438128369347105
0,0.0,0,0.0,18,545.5,0.0,0.0,2,2,1,3,0,18,545.5,30.305555555555557,1.0,0.0,0.0,0,1,0,0,0,0,0,0,1,0,0,1,0,0,0.0876249225624166
2,31.1,3,31.2,18,792.7333333,8.611221424,0.0,2,5,3,20,0,23,855.0333333,37.175362317391304,0.782608695652174,178.9309687486221,0.27102800398171945,0,0,0,0,0,1,0,0,0,0,0,1,0,0,0.42857709935218413
0,0.0,0,0.0,3,62.25,0.0,0.0,1,1,7,2,0,3,62.25,20.75,1.0,0.0,0.0,0,1,1,0,0,0,0,0,0,0,0,1,0,0,0.03183788113276797
0,0.0,0,0.0,10,385.0,0.0,0.0,2,2,3,2,1,10,385.0,38.5,1.0,0.0,0.0,0,1,1,0,0,0,0,0,0,0,0,0,0,0,0.03373776773280304
3,105.0,0,0.0,37,1384.383333,0.0,0.0,2,2,7,13,0,40,1489.383333,37.234583325,0.925,0.0,0.20105755132787112,0,1,0,0,0,0,0,1,0,0,0,1,0,0,0.024438128369347105
0,0.0,0,0.0,171,6793.383281,2.381971158,0.0,2,2,1,1,0,171,6793.383281,39.727387608187136,1.0,102.63265681421446,0.3346275315823295,0,1,0,0,0,0,0,0,1,0,0,1,1,1,0.5739198519399937
0,0.0,0,0.0,11,299.5,0.0,0.0,1,1,3,1,0,11,299.5,27.227272727272727,1.0,0.0,0.49993125257802834,0,0,0,0,0,0,1,0,0,0,0,1,0,0,0.024385651554708697
0,0.0,1,12.0,22,1668.95,12.18867006,0.0,2,2,1,2,1,23,1680.95,73.08478260869565,0.9565217391304348,1278.4679010804705,0.0,0,1,1,0,0,0,0,0,0,0,0,0,1,1,0.7433641830137417
8,183.0,4,571.5,14,333.6,15.43344,0.0,1,1,1,2,1,26,1088.1,41.849999999999994,0.5384615384615384,1541.8021978021977,0.0,1,0,0,0,0,0,1,0,0,0,0,1,1,1,0.5413477445813681
0,0.0,0,0.0,40,952.9666667,0.0,0.0,1,1,2,2,0,40,952.9666667,23.824166667500002,1.0,0.0,0.09994005396881762,0,0,0,0,0,0,1,0,0,0,0,1,0,0,0.024385651554708697
5,159.0,0,0.0,17,438.4333333,0.0,0.0,1,1,3,3,0,22,597.4333333,27.156060604545452,0.7727272727272727,0.0,0.1110703853027595,0,0,0,0,0,0,1,0,0,0,0,1,0,0,0.02682579378132341
3,36.2,0,0.0,16,166.7062706,0.0,0.0,2,2,6,5,0,19,202.90627060000003,10.679277400000002,0.8421052631578947,0.0,0.0,0,0,0,0,0,0,0,0,0,0,0,0,0,0,0.08536498998756806
3,33.0,0,0.0,17,386.4166667,0.0,0.0,2,2,1,2,0,20,419.4166667,20.970833335000002,0.85,0.0,0.0,0,1,1,0,0,0,0,0,0,0,0,0,1,0,0.08536498998756806
1,87.0,3,40.0,17,546.0,0.0,0.0,3,6,1,1,1,21,673.0,32.04761904761905,0.8095238095238095,0.0,0.0,1,0,0,0,0,0,1,0,0,0,0,1,0,0,0.02682579378132341
0,0.0,0,0.0,1,0.0,0.0,0.0,1,1,6,4,1,1,0.0,0.0,1.0,0.0,0.999950002499875,1,1,0,0,0,0,0,1,0,0,0,1,0,0,0.024438128369347105
4,26.75,1,0.0,20,1029.25,0.0,0.0,1,1,1,2,0,25,1056.0,42.24,0.8,0.0,0.5321241679053388,0,1,0,0,0,0,0,0,1,0,0,1,0,0,0.10085296683782476
4,185.0,0,0.0,40,1694.75,0.0,0.0,2,2,6,1,0,44,1879.75,42.72159090909091,0.9090909090909091,0.0,0.6573235626164878,0,0,0,0,0,0,1,0,0,0,0,1,0,0,0.024385651554708697
15,572.5833333,2,37.5,318,13717.40205,45.15513521,0.0,2,2,1,2,0,335,14327.485383300002,42.768613084477614,0.9492537313432836,2884.7945499618977,0.2668421538167465,0,1,0,0,0,0,0,0,1,0,0,1,1,1,0.5587230371713842
5,318.2666667,0,0.0,23,1037.833333,0.0,0.0,2,2,5,1,0,28,1356.0999997,48.43214284642857,0.8214285714285714,0.0,0.4544297884497021,0,0,0,0,0,0,0,0,0,0,0,1,0,0,0.07608453149984565
1,42.5,1,12.83333333,104,4054.755952,141.4590538,0.0,2,2,1,2,0,106,4110.08928533,38.77442722009434,0.9811320754716981,13996.026134928888,0.3842348443226026,0,1,0,0,0,0,0,0,1,0,0,1,1,1,0.658294407576496
1,19.0,0,0.0,45,4018.45,0.0,0.0,2,2,3,1,1,46,4037.45,87.77065217391304,0.9782608695652174,0.0,0.41360483722773794,1,1,0,0,0,0,0,0,1,0,0,1,0,0,0.18080757872355477
10,268.0,2,7.0,24,551.6666667,0.0,0.0,2,2,1,2,0,36,826.6666667,22.962962963888888,0.6666666666666666,0.0,0.39980808251732103,0,1,0,0,0,0,0,1,0,0,0,1,0,0,0.025811145167664636
0,0.0,0,0.0,27,845.5,0.0,0.0,4,1,1,11,1,27,845.5,31.314814814814813,1.0,0.0,0.0,1,0,0,0,0,0,1,0,0,0,0,1,0,0,0.024385651554708697
0,0.0,0,0.0,7,87.0,0.0,0.0,8,13,9,20,0,7,87.0,12.428571428571429,1.0,0.0,0.0,0,1,1,0,0,0,0,0,0,0,0,0,0,0,0.03183788113276797
3,81.0,1,0.0,28,499.6666667,0.0,0.0,2,6,1,1,0,32,580.6666667,18.145833334375,0.875,0.0,0.0,0,0,0,0,0,0,1,0,0,0,0,1,0,0,0.024385651554708697
3,133.8666667,0,0.0,7,128.0,0.0,0.0,1,2,1,1,1,10,261.8666667,26.18666667,0.7,0.0,0.0,1,0,0,0,0,0,0,0,0,1,0,1,0,0,0.08664988265574693
0,0.0,0,0.0,40,974.0833333,0.0,0.0,2,2,1,3,0,40,974.0833333,24.3520833325,1.0,0.0,0.24233832999091834,0,1,0,0,0,0,0,0,1,0,0,1,0,0,0.09163358776200727
2,11.0,0,0.0,14,101.25,0.0,0.8,2,2,3,2,0,16,112.25,7.015625,0.875,0.0,0.0,0,1,0,0,0,0,0,1,0,0,0,1,0,0,0.024438128369347105
0,0.0,0,0.0,1,0.0,0.0,0.0,1,1,7,3,0,1,0.0,0.0,1.0,0.0,0.999950002499875,0,1,1,0,0,0,0,0,0,0,0,1,0,0,0.03183788113276797
5,142.5,1,56.0,29,1073.5,0.0,0.0,1,1,5,4,0,35,1272.0,36.34285714285714,0.8285714285714286,0.0,0.0,0,1,0,0,0,0,0,1,0,0,0,1,0,0,0.02579173006222376
3,52.75,0,0.0,69,909.1548701,8.086657063,0.0,2,2,1,7,0,72,961.9048701,13.359789862500001,0.9583333333333334,660.929734967134,0.23351686006240152,0,1,1,0,0,0,0,0,0,0,0,1,0,0,0.26354903957339787
0,0.0,0,0.0,1,12.0,0.0,0.0,1,1,4,1,1,1,12.0,12.0,1.0,0.0,0.0,1,1,0,0,0,0,0,1,0,0,0,1,0,0,0.024438128369347105
0,0.0,0,0.0,13,399.5,0.0,1.0,3,2,5,1,1,13,399.5,30.73076923076923,1.0,0.0,0.0,1,1,0,0,0,0,0,1,0,0,0,1,0,0,0.024438128369347105
0,0.0,0,0.0,8,201.0,0.0,0.0,2,4,2,1,0,8,201.0,25.125,1.0,0.0,0.0,0,0,0,0,0,0,1,0,0,0,0,1,0,0,0.024385651554708697
4,138.3333333,0,0.0,3,277.5,0.0,0.0,3,3,3,2,0,7,415.8333333,59.4047619,0.42857142857142855,0.0,0.0,0,1,0,0,0,0,0,1,0,0,0,0,0,0,0.025811145167664636
5,269.8,0,0.0,8,312.3333333,0.0,0.0,1,1,9,4,0,13,582.1333333,44.77948717692308,0.6153846153846154,0.0,0.0,0,1,0,0,0,0,0,0,1,0,0,1,0,0,0.08121823627195879
2,110.0,0,0.0,4,125.0,0.0,0.0,3,2,2,1,0,6,235.0,39.166666666666664,0.6666666666666666,0.0,0.0,0,0,0,0,0,0,1,0,0,0,0,1,0,0,0.027559445376056948
0,0.0,0,0.0,3,0.0,0.0,0.0,1,1,1,3,0,3,0.0,0.0,1.0,0.0,0.999950002499875,0,1,0,0,0,0,0,0,1,0,0,1,0,0,0.061158393045808314
2,99.2,0,0.0,7,106.9666667,0.0,0.0,3,2,1,2,1,9,206.1666667,22.907407411111112,0.7777777777777778,0.0,1.6655562958027983,1,0,0,0,0,0,0,0,0,1,0,1,0,0,0.07608453149984565
9,65.16666667,0,0.0,123,5969.573168,10.69237969,0.0,2,1,1,2,0,132,6034.73983467,45.717726020227275,0.9318181818181818,767.40978966814,0.11041796438790943,0,1,0,0,0,0,0,0,1,0,0,0,1,1,0.6107666692052603
1,19.0,0,0.0,40,1361.166667,0.0,0.0,4,1,2,3,1,41,1380.166667,33.66260163414634,0.975609756097561,0.0,0.22212350066637052,1,0,0,0,0,0,1,0,0,0,0,1,0,0,0.024385651554708697
0,0.0,0,0.0,63,1320.189881,0.0,0.0,2,6,1,2,0,63,1320.189881,20.955394936507936,1.0,0.0,0.0,0,1,0,0,0,0,0,0,1,0,0,1,0,0,0.11640662475710811
0,0.0,0,0.0,21,1535.0,0.0,0.0,2,2,7,3,0,21,1535.0,73.0952380952381,1.0,0.0,0.2068537558219248,0,1,0,0,0,0,0,0,1,0,0,1,0,0,0.09398063074455923
0,0.0,0,0.0,29,438.8666667,0.0,0.0,4,2,3,1,1,29,438.8666667,15.133333334482758,1.0,0.0,0.0,1,0,0,0,0,0,1,0,0,0,0,1,0,0,0.024385651554708697
0,0.0,0,0.0,4,741.4,0.0,0.0,2,2,7,1,0,4,741.4,185.35,1.0,0.0,0.6665777896280497,0,0,0,0,0,0,0,0,0,1,0,1,0,0,0.03373776773280304
1,18.2,0,0.0,6,32.2,0.0,0.0,1,1,1,3,0,7,50.400000000000006,7.200000000000001,0.8571428571428571,0.0,0.7825372458056559,0,0,0,0,0,1,0,0,0,0,0,1,0,0,0.09823793171578807
0,0.0,0,0.0,15,378.5,0.0,0.0,2,2,1,2,0,15,378.5,25.233333333333334,1.0,0.0,0.11761591274300383,0,1,0,0,0,0,0,0,1,0,0,1,0,0,0.08091811713940138
0,0.0,0,0.0,22,469.54,14.00979215,0.0,2,2,9,2,0,22,469.54,21.342727272727274,1.0,1609.275462653458,0.0,0,0,0,0,0,0,0,0,0,1,0,0,1,1,0.8182210788752401
9,137.3222222,1,418.5,41,1933.244444,0.0,0.0,2,2,1,2,0,51,2489.0666662,48.805228749019605,0.803921568627451,0.0,0.28630951593183634,0,1,1,0,0,0,0,0,0,0,0,1,0,0,0.07608453149984565
3,397.7,4,1093.3,66,4152.7631,6.282904602,0.0,3,2,8,4,1,73,5643.7631,77.31182328767123,0.9041095890410958,357.55329004955007,0.8524723424091104,1,0,0,0,0,0,0,0,0,0,1,1,0,0,0.31394789405760865
3,65.0,0,0.0,29,386.2621212,0.0,0.0,8,2,9,2,0,32,451.2621212,14.1019412875,0.90625,0.0,0.0,0,1,0,0,0,0,0,0,1,0,0,0,0,0,0.08798207255887469
0,0.0,0,0.0,11,751.5,0.0,0.0,2,2,1,13,0,11,751.5,68.31818181818181,1.0,0.0,0.7496907525614759,0,1,0,0,0,0,0,1,0,0,0,1,0,0,0.024438128369347105
0,0.0,0,0.0,20,1055.333333,0.0,0.0,3,2,4,13,0,20,1055.333333,52.766666650000005,1.0,0.0,1.0757645943065803,0,1,0,0,0,0,0,0,1,0,0,1,0,0,0.08670020823282905
7,199.8333333,0,0.0,27,669.9333333,0.0,0.0,2,5,1,2,1,34,869.7666666,25.581372547058823,0.7941176470588235,0.0,0.0,0,0,0,0,0,0,0,0,0,0,0,0,0,0,0.07608453149984565
0,0.0,0,0.0,5,168.9,0.0,0.0,3,2,1,2,0,5,168.9,33.78,1.0,0.0,0.0,0,1,1,0,0,0,0,0,0,0,0,0,0,0,0.03373776773280304
2,68.6,0,0.0,10,279.7666667,0.0,0.0,1,2,7,4,0,12,348.3666667,29.030555558333333,0.8333333333333334,0.0,0.0,0,0,0,0,0,0,0,0,0,1,0,0,0,0,0.07608453149984565
0,0.0,0,0.0,24,445.0,0.0,0.0,2,2,3,2,0,24,445.0,18.541666666666668,1.0,0.0,0.0,0,1,1,0,0,0,0,0,0,0,0,0,0,0,0.03373776773280304
8,134.3733333,3,256.75,40,1773.610152,13.49047237,0.0,1,1,8,2,1,51,2164.7334853,42.44575461372549,0.7843137254901961,1612.5550129161256,0.5086505347482679,1,1,0,0,0,0,0,0,1,0,0,1,1,1,0.5020682330089126
5,215.5,0,0.0,61,1238.066667,0.0,0.6,3,2,3,13,0,66,1453.566667,22.023737378787878,0.9242424242424242,0.0,0.22948120262307742,0,1,0,0,0,0,0,1,0,0,0,1,0,0,0.024438128369347105
0,0.0,0,0.0,96,2857.712454,0.0,0.0,3,2,1,6,1,96,2857.712454,29.7678380625,1.0,0.0,0.12117795516488002,1,1,0,0,0,0,0,0,1,0,0,1,0,0,0.2306732015758065
6,111.0,0,0.0,12,202.25,0.0,0.0,3,2,1,1,1,18,313.25,17.40277777777778,0.6666666666666666,0.0,0.856849070526116,1,0,0,0,0,0,1,0,0,0,0,1,0,0,0.027559445376056948
0,0.0,0,0.0,16,462.0,0.0,0.0,1,1,1,6,0,16,462.0,28.875,1.0,0.0,0.24995000999800038,0,1,0,0,0,0,0,1,0,0,0,1,0,0,0.024438128369347105
0,0.0,0,0.0,10,123.0,0.0,0.0,2,2,3,3,0,10,123.0,12.3,1.0,0.0,0.0,0,1,0,0,0,0,0,1,0,0,0,1,0,0,0.024438128369347105
0,0.0,0,0.0,2,17.0,0.0,0.6,1,1,5,2,0,2,17.0,8.5,1.0,0.0,0.6666222251849877,0,1,0,0,0,0,0,1,0,0,0,1,0,0,0.024438128369347105
2,62.5,0,0.0,43,1253.176407,41.53706414,0.0,3,2,9,2,0,45,1315.676407,29.237253488888886,0.9555555555555556,2827.085319488666,0.0,0,1,0,0,0,0,0,0,1,0,0,1,0,1,0.6198606130350507
0,0.0,0,0.0,5,82.0,0.0,0.0,1,1,3,1,0,5,82.0,16.4,1.0,0.0,0.6817716958348937,0,0,0,0,0,0,1,0,0,0,0,1,0,0,0.024385651554708697
3,84.5,0,0.0,6,53.375,0.0,0.0,1,1,3,10,1,9,137.875,15.319444444444445,0.6666666666666666,0.0,1.428163381890888,1,1,0,0,0,0,0,0,1,0,0,1,0,0,0.08379257414046683
0,0.0,0,0.0,5,256.5,0.0,0.0,2,2,3,3,0,5,256.5,51.3,1.0,0.0,0.0,0,1,1,0,0,0,0,0,0,0,0,1,0,0,0.03373776773280304
4,107.75,0,0.0,15,369.05,0.0,0.0,3,2,8,1,0,19,476.8,25.094736842105263,0.7894736842105263,0.0,0.18912480201329843,0,1,0,0,0,0,0,0,1,0,0,1,0,0,0.08892064844041458
0,0.0,0,0.0,13,244.1666667,0.0,0.0,2,5,3,3,0,13,244.1666667,18.782051284615385,1.0,0.0,0.0,0,0,0,0,0,0,1,0,0,0,0,1,0,0,0.024385651554708697
4,71.3,0,0.0,66,4415.333333,0.0,0.4,2,2,6,11,0,70,4486.633333,64.0947619,0.9428571428571428,0.0,0.40545095816462035,0,1,0,0,0,0,0,1,0,0,0,1,0,0,0.024438128369347105
0,0.0,0,0.0,15,1069.7,0.0,0.0,3,2,6,1,0,15,1069.7,71.31333333333333,1.0,0.0,0.0,0,0,0,0,1,0,0,0,0,0,0,1,0,0,0.03373776773280304
0,0.0,0,0.0,21,530.5833333,0.0,0.0,3,2,4,3,0,21,530.5833333,25.265873014285717,1.0,0.0,0.888474283104037,0,1,0,0,0,0,0,0,1,0,0,1,0,0,0.08670020823282905
0,0.0,1,226.0,19,797.1666667,0.0,0.0,3,3,6,4,1,20,1023.1666667,51.158333334999995,0.95,0.0,0.0,1,1,0,0,0,0,0,1,0,0,0,1,0,0,0.024438128369347105
7,106.8285714,0,0.0,181,6842.002513,11.29607044,0.0,4,1,3,4,1,188,6948.831084400001,36.961867470212766,0.9627659574468085,1562.6431080135728,0.0,1,1,0,0,0,0,0,1,0,0,0,1,0,0,0.4092546772036857
6,144.8333333,0,0.0,23,1007.233333,19.57059225,0.0,2,2,1,2,0,29,1152.0666663,39.72643676896551,0.7931034482758621,709.1768897805412,0.0,0,0,0,0,0,0,0,0,0,1,0,1,0,0,0.4037945567265447
0,0.0,0,0.0,12,329.2142857,0.0,0.0,3,2,1,2,0,12,329.2142857,27.434523808333335,1.0,0.0,0.5804429480780327,0,1,0,0,0,0,0,0,1,0,0,1,0,0,0.07108816330592016
0,0.0,0,0.0,5,103.5,0.0,0.0,1,1,4,2,1,5,103.5,20.7,1.0,0.0,0.0,1,1,1,0,0,0,0,0,0,0,0,1,0,0,0.03183788113276797
0,0.0,0,0.0,6,117.0,0.0,0.0,3,2,4,3,0,6,117.0,19.5,1.0,0.0,0.9373945381927101,0,1,0,0,0,0,0,1,0,0,0,1,0,0,0.024438128369347105
0,0.0,0,0.0,25,1157.452381,15.3956,0.0,1,1,3,2,0,25,1157.452381,46.29809524,1.0,567.661110933103,0.4424597502661303,0,1,0,0,0,0,0,1,0,0,0,1,0,0,0.43799764697209864
0,0.0,0,0.0,5,82.0,0.0,0.0,2,2,9,8,0,5,82.0,16.4,1.0,0.0,0.0,0,1,0,0,0,0,0,0,1,0,0,1,0,0,0.06723129767552383
5,158.7,0,0.0,51,1364.266667,0.0,0.0,3,2,3,2,1,56,1522.9666670000001,27.195833339285716,0.9107142857142857,0.0,0.6411763965512226,1,1,0,0,0,0,0,0,1,0,0,1,0,0,0.09897606186198703
3,73.5,3,171.0,76,2208.788095,3.200304878,0.0,4,1,7,2,1,82,2453.288095,29.9181475,0.926829268292683,671.4727389155657,0.0,1,1,0,0,0,0,0,1,0,0,0,1,0,0,0.2791086977634077
3,77.0,5,243.0,127,2573.875,0.0,0.0,2,2,4,3,0,135,2893.875,21.43611111111111,0.9407407407407408,0.0,0.02785072982033178,0,1,0,0,0,0,0,1,0,0,0,1,0,0,0.024438128369347105
3,53.5,0,0.0,26,1097.05,0.0,0.0,2,2,4,2,0,29,1150.55,39.67413793103448,0.896551724137931,0.0,0.0,0,1,0,0,0,0,0,1,0,0,0,1,0,0,0.024438128369347105
2,45.5,0,0.0,2,317.25,0.0,0.0,2,2,1,2,0,4,362.75,90.6875,0.5,0.0,0.0,0,1,1,0,0,0,0,0,0,0,0,1,0,0,0.11115818769226378
1,6.0,0,0.0,29,354.8333333,0.0,0.0,1,1,1,1,1,30,360.8333333,12.027777776666666,0.9666666666666667,0.0,0.0,1,1,0,0,0,0,0,1,0,0,0,1,0,0,0.024438128369347105
0,0.0,2,26.5,149,6001.171475,0.0,0.0,2,2,1,2,0,151,6027.671475,39.91835413907285,0.9867549668874173,0.0,0.1816454865001983,0,1,0,0,0,0,0,0,1,0,0,1,1,0,0.24693063066217893
0,0.0,0,0.0,7,459.6666667,0.0,0.0,2,2,1,3,0,7,459.6666667,65.66666667142857,1.0,0.0,0.49991252405807113,0,1,0,0,0,0,0,0,1,0,0,1,0,0,0.07108816330592016
0,0.0,0,0.0,6,254.5,0.0,0.0,2,2,1,2,0,6,254.5,42.416666666666664,1.0,0.0,0.0,0,1,0,0,0,0,0,0,1,0,0,0,1,0,0.07108816330592016
0,0.0,0,0.0,3,13.25,0.0,0.0,1,1,1,1,0,3,13.25,4.416666666666667,1.0,0.0,0.4999625065619141,0,1,0,0,0,0,0,0,1,0,0,1,0,0,0.061542804391521655
5,75.5,0,0.0,24,1009.95,0.0,0.0,2,4,6,3,0,29,1085.45,37.429310344827584,0.8275862068965517,0.0,0.3997840842001458,0,1,0,0,0,0,0,0,1,0,0,1,0,0,0.08932222455869944
0,0.0,0,0.0,23,255.6388889,0.0,0.0,3,2,4,2,0,23,255.6388889,11.1147343,1.0,0.0,0.0,0,1,0,0,0,0,0,1,0,0,0,1,0,0,0.024438128369347105
0,0.0,0,0.0,5,89.86666667,0.0,0.0,3,2,5,4,1,5,89.86666667,17.973333334,1.0,0.0,0.6665555740709882,1,0,0,0,1,0,0,0,0,0,0,1,0,0,0.03183788113276797
0,0.0,0,0.0,1,0.0,0.0,0.0,2,2,1,1,0,1,0.0,0.0,1.0,0.0,0.999950002499875,0,1,0,0,0,0,0,0,1,0,0,1,0,0,0.061158393045808314
10,197.1666667,0,0.0,35,1078.727778,39.75577236,0.0,2,2,3,3,0,45,1275.8944447,28.35320988222222,0.7777777777777778,3799.6670885357325,0.0,0,1,0,0,0,0,0,1,0,0,0,1,0,1,0.6153274621155781
2,167.4,0,0.0,8,191.15,0.0,0.0,1,1,6,2,0,10,358.55,35.855000000000004,0.8,0.0,0.0,0,0,0,0,0,0,0,0,0,1,0,0,0,0,0.07608453149984565
3,223.3333333,2,19.75,37,1118.987027,0.0,0.0,2,2,1,2,1,42,1362.0703603,32.43024667380952,0.8809523809523809,0.0,0.1714400081775843,1,1,0,0,0,0,0,0,1,0,0,1,0,0,0.09428660719435936
0,0.0,0,0.0,1,0.0,0.0,0.0,2,2,2,13,0,1,0.0,0.0,1.0,0.0,0.999950002499875,0,1,0,0,0,0,0,1,0,0,0,1,0,0,0.024438128369347105
0,0.0,0,0.0,51,742.9603175,0.0,0.0,1,1,3,2,1,51,742.9603175,14.567849362745097,1.0,0.0,0.32326275396061005,1,1,0,0,0,0,0,0,1,0,0,1,0,0,0.09194397314557545
0,0.0,0,0.0,5,47.5,0.0,0.0,2,2,1,3,0,5,47.5,9.5,1.0,0.0,0.666611115740355,0,1,1,0,0,0,0,0,0,0,0,1,0,0,0.03183788113276797
3,206.6666667,0,0.0,15,936.1666667,0.0,0.0,2,4,3,1,0,18,1142.8333334,63.49074074444444,0.8333333333333334,0.0,0.19997866894197952,0,0,0,0,0,0,1,0,0,0,0,1,0,0,0.02682579378132341
0,0.0,0,0.0,4,149.0,0.0,0.0,2,2,1,2,0,4,149.0,37.25,1.0,0.0,0.0,0,0,0,0,0,0,1,0,0,0,0,1,0,0,0.024385651554708697
0,0.0,0,0.0,79,1562.866667,0.0,0.8,3,2,1,13,0,79,1562.866667,19.78312236708861,1.0,0.0,0.8336501904718,0,1,0,0,0,0,0,1,0,0,0,1,0,0,0.024438128369347105
0,0.0,0,0.0,4,44.5,0.0,0.0,2,2,8,2,0,4,44.5,11.125,1.0,0.0,0.0,0,1,1,0,0,0,0,0,0,0,0,1,0,0,0.03183788113276797
2,90.0,0,0.0,22,650.6666667,0.0,0.0,2,2,4,1,0,24,740.6666667,30.861111112499998,0.9166666666666666,0.0,0.5767955308321897,0,1,0,0,0,0,0,1,0,0,0,1,0,0,0.024438128369347105
1,43.0,0,0.0,36,2362.5,0.0,0.6,2,5,1,4,0,37,2405.5,65.01351351351352,0.972972972972973,0.0,0.0,0,1,0,0,0,0,0,1,0,0,0,1,0,0,0.024438128369347105
6,145.0,0,0.0,13,644.0,0.0,0.0,2,2,1,2,0,19,789.0,41.526315789473685,0.6842105263157895,0.0,0.0,0,0,0,0,0,0,1,0,0,0,0,0,0,0,0.027559445376056948
7,235.75,4,66.5,37,729.7916667,60.42298474,0.0,2,2,1,2,0,48,1032.0416667,21.50086805625,0.7708333333333334,3321.4374033425356,0.24986260306693925,0,1,0,0,0,0,0,0,1,0,0,1,1,1,0.5571475452633199
0,0.0,0,0.0,22,987.6,0.0,0.0,2,2,1,4,1,22,987.6,44.89090909090909,1.0,0.0,0.5996042611836614,1,0,0,0,0,0,0,0,0,1,0,1,0,0,0.03373776773280304
12,331.3,0,0.0,206,9997.728571,26.02377063,0.0,2,2,1,1,0,218,10329.028570999999,47.38086500458715,0.944954128440367,2420.504021574895,0.1339117704370181,0,1,0,0,0,0,0,1,0,0,0,1,0,0,0.4161701535162363
4,81.6,0,0.0,45,1096.42,0.0,0.0,3,2,6,13,0,49,1178.02,24.04122448979592,0.9183673469387755,0.0,0.5772056541847899,0,0,0,0,1,0,0,0,0,0,0,1,0,0,0.0377923968970553
1,29.2,0,0.0,66,1364.873333,16.1347001,0.0,1,1,8,1,1,67,1394.073333,20.807064671641793,0.9850746268656716,442.06965048449786,0.470914988850788,1,0,0,0,1,0,0,0,0,0,0,1,0,0,0.31159157698009315
0,0.0,0,0.0,14,502.9166667,0.0,0.0,1,1,2,1,0,14,502.9166667,35.92261905,1.0,0.0,0.0,0,1,1,0,0,0,0,0,0,0,0,1,0,0,0.03373776773280304
0,0.0,0,0.0,90,601.7901961,0.0,0.8,2,2,3,1,0,90,601.7901961,6.6865577344444445,1.0,0.0,0.17397081919309246,0,1,0,0,0,0,0,1,0,0,0,1,0,0,0.024438128369347105
1,4.0,1,10.0,274,5876.459165,0.0,0.0,2,2,9,2,0,276,5890.459165,21.342243351449277,0.9927536231884058,0.0,0.1834763424590657,0,0,0,0,0,0,0,0,0,1,0,1,0,0,0.03569273553151064
7,122.875,0,0.0,22,250.0357143,0.0,0.0,2,2,1,2,0,29,372.9107143,12.858990148275861,0.7586206896551724,0.0,0.0,0,1,1,0,0,0,0,0,0,0,0,0,0,0,0.07608453149984565
0,0.0,0,0.0,70,1473.701515,0.0,0.0,1,1,1,2,0,70,1473.701515,21.052878785714285,1.0,0.0,0.26854571364617646,0,1,0,0,0,0,0,0,1,0,0,1,0,0,0.11640662475710811
1,17.0,0,0.0,21,602.9166667,0.0,0.0,3,2,1,13,0,22,619.9166667,28.17803030454545,0.9545454545454546,0.0,0.6273033874382498,0,1,0,0,0,0,0,0,1,0,0,1,0,0,0.09855893286135513
3,15.0,0,0.0,12,1138.25,0.0,0.0,1,1,1,3,0,15,1153.25,76.88333333333334,0.8,0.0,0.6314493351649173,0,1,1,0,0,0,0,0,0,0,0,1,0,0,0.08536498998756806
0,0.0,0,0.0,9,444.0,0.0,0.0,2,2,6,13,0,9,444.0,49.333333333333336,1.0,0.0,0.0,0,1,0,0,0,0,0,0,1,0,0,1,0,0,0.07108816330592016
0,0.0,0,0.0,17,532.75,0.0,0.0,1,1,3,1,1,17,532.75,31.33823529411765,1.0,0.0,0.28565306515994376,1,1,1,0,0,0,0,0,0,0,0,1,0,0,0.03373776773280304
0,0.0,0,0.0,5,17.0,0.0,0.0,4,2,3,1,0,5,17.0,3.4,1.0,0.0,0.0,0,1,0,0,0,0,0,1,0,0,0,1,0,0,0.024438128369347105
2,227.6,0,0.0,115,5284.816825,0.0,0.0,2,2,4,4,0,117,5512.416825,47.11467371794872,0.9829059829059829,0.0,0.0,0,0,0,0,0,0,0,0,0,1,0,1,0,0,0.039972594679212124
0,0.0,6,97.16666667,81,3466.794048,0.0,0.0,3,2,1,13,1,87,3563.96071467,40.96506568586207,0.9310344827586207,0.0,0.8354988200081577,1,1,0,0,0,0,0,0,1,0,0,1,0,0,0.22555432650597204
6,175.0,1,10.0,25,2877.5,0.0,0.0,2,2,7,1,0,32,3062.5,95.703125,0.78125,0.0,0.2054245889743274,0,1,0,0,0,0,0,1,0,0,0,1,0,0,0.02579173006222376
1,45.0,0,0.0,22,2905.5,0.0,0.0,2,2,1,2,1,23,2950.5,128.2826086956522,0.9565217391304348,0.0,0.2499375156210947,1,1,0,0,0,0,0,1,0,0,0,1,0,0,0.024438128369347105
0,0.0,1,0.0,14,101.0,0.0,0.6,3,2,1,13,0,15,101.0,6.733333333333333,0.9333333333333333,0.0,0.7777316899739274,0,1,0,0,0,0,0,1,0,0,0,1,0,0,0.024438128369347105
4,462.0,0,0.0,51,1873.216667,0.0,0.6,2,2,9,3,0,55,2335.2166669999997,42.458484854545446,0.9272727272727272,0.0,0.0,0,0,0,1,0,0,0,0,0,0,0,1,0,0,0.0377923968970553
0,0.0,0,0.0,4,0.0,0.0,0.0,2,2,3,1,0,4,0.0,0.0,1.0,0.0,0.999950002499875,0,0,0,0,0,0,1,0,0,0,0,1,0,0,0.024385651554708697
8,224.0,0,0.0,16,315.25,0.0,0.0,3,2,1,5,0,24,539.25,22.46875,0.6666666666666666,0.0,0.0,0,1,0,0,0,0,0,1,0,0,0,0,0,0,0.025811145167664636
5,69.5,4,116.0,84,2839.75,6.281494505,0.0,2,4,9,2,0,93,3025.25,32.52956989247312,0.9032258064516129,951.250544605232,0.0,0,1,0,0,0,0,0,1,0,0,0,0,0,0,0.3561530782283575
1,20.0,0,0.0,20,219.5,0.0,0.8,3,2,1,13,0,21,239.5,11.404761904761905,0.9523809523809523,0.0,0.924699379268571,0,1,0,0,0,0,0,1,0,0,0,1,0,0,0.024438128369347105
0,0.0,0,0.0,15,411.0833333,0.0,0.0,2,2,3,3,0,15,411.0833333,27.405555553333333,1.0,0.0,0.3998800299898033,0,1,0,0,0,0,0,0,1,0,0,1,0,0,0.08091811713940138
0,0.0,0,0.0,44,1112.0,0.0,0.0,4,1,4,3,1,44,1112.0,25.272727272727273,1.0,0.0,0.0,1,0,0,0,0,0,1,0,0,0,0,1,0,0,0.024385651554708697
2,25.0,0,0.0,20,667.9166667,18.5847619,0.0,4,1,1,3,0,22,692.9166667,31.49621212272727,0.9090909090909091,1949.353081296984,0.0,0,0,0,0,0,0,1,0,0,0,0,1,0,1,0.7062616662101222
0,0.0,0,0.0,4,562.0,0.0,0.0,3,2,3,13,0,4,562.0,140.5,1.0,0.0,0.7499250074992501,0,1,1,0,0,0,0,0,0,0,0,1,0,0,0.03373776773280304
6,283.0166667,1,235.75,21,1338.933333,0.0,0.0,2,2,7,1,0,28,1857.6999996999998,66.34642856071427,0.75,0.0,0.0,0,1,1,0,0,0,0,0,0,0,0,1,0,0,0.07608453149984565
0,0.0,0,0.0,20,1066.166667,0.0,0.8,2,4,4,2,0,20,1066.166667,53.30833335,1.0,0.0,0.7765698320326048,0,1,0,0,0,0,0,1,0,0,0,1,0,0,0.024438128369347105
7,271.3333333,0,0.0,54,3510.416667,9.865125,0.0,2,2,4,6,0,61,3781.7500003,61.9959016442623,0.8852459016393442,919.8864148158676,0.33302254341221416,0,1,0,0,0,0,0,1,0,0,0,1,1,0,0.20773815773410884
1,26.2,0,0.0,13,245.1666667,58.9241766,0.0,2,5,3,4,0,14,271.3666667,19.383333335714287,0.9285714285714286,5892417.66,0.0,0,0,0,0,0,0,0,0,0,0,0,0,1,1,0.8358648589758966
0,0.0,0,0.0,8,349.5,25.188,0.0,1,2,1,8,0,8,349.5,43.6875,1.0,881.2715417413174,0.0,0,0,0,0,0,0,1,0,0,0,0,0,1,1,0.7628281279712651
1,4.0,0,0.0,18,631.6666667,56.32466667,0.0,2,2,1,3,0,19,635.6666667,33.45614035263158,0.9473684210526315,2026.9582789239212,0.0,0,1,0,0,0,0,0,1,0,0,0,1,1,1,0.7910967279354122
5,218.8,0,0.0,5,71.4,11.21330466,0.0,2,4,7,2,0,10,290.20000000000005,29.020000000000003,0.5,560.3850404797602,0.0,0,0,0,0,0,0,0,0,0,1,0,0,1,0,0.4598931024234838
0,0.0,0,0.0,4,206.5,0.0,0.0,3,2,1,4,0,4,206.5,51.625,1.0,0.0,0.0,0,1,0,0,0,0,0,1,0,0,0,1,0,0,0.024438128369347105
2,95.0,0,0.0,15,449.5,0.0,0.0,2,2,4,1,0,17,544.5,32.029411764705884,0.8823529411764706,0.0,0.2856489945155393,0,0,0,0,0,0,1,0,0,0,0,1,0,0,0.024385651554708697
0,0.0,0,0.0,7,59.0,0.0,0.0,2,2,2,3,0,7,59.0,8.428571428571429,1.0,0.0,0.0,0,1,0,0,0,0,0,1,0,0,0,1,0,0,0.024438128369347105
1,38.5,0,0.0,6,197.75,0.0,0.0,1,1,2,8,1,7,236.25,33.75,0.8571428571428571,0.0,0.0,0,1,1,0,0,0,0,0,0,0,0,0,0,0,0.08536498998756806
5,249.1666667,0,0.0,22,1165.583333,0.0,0.0,2,2,8,2,0,27,1414.7499997,52.39814813703703,0.8148148148148148,0.0,0.0,0,0,0,0,0,0,1,0,0,0,0,0,0,0,0.02682579378132341
8,440.1041667,7,315.0,63,2162.224767,12.08192262,0.2,1,1,1,2,0,78,2917.3289337,37.40165299615385,0.8076923076923077,537.1728538791114,0.4104080685817892,0,1,0,0,0,0,0,1,0,0,0,1,0,0,0.20334896416765694
2,12.1,0,0.0,4,38.3,0.0,0.0,1,2,1,5,0,6,50.4,8.4,0.6666666666666666,0.0,0.14283572392723232,0,1,0,0,0,0,0,0,1,0,0,1,0,0,0.08712331176735406
0,0.0,0,0.0,2,22.0,0.0,0.0,1,1,3,15,1,2,22.0,11.0,1.0,0.0,0.0,1,0,0,0,0,0,1,0,0,0,0,1,0,0,0.024385651554708697
1,0.0,0,0.0,23,440.5833333,0.0,0.0,1,1,8,2,1,24,440.5833333,18.3576388875,0.9583333333333334,0.0,0.6816322759099129,1,1,1,0,0,0,0,0,0,0,0,1,0,0,0.04261759467701968
0,0.0,1,41.0,21,459.6666667,18.27428571,0.0,2,2,1,4,0,22,500.6666667,22.75757575909091,0.9545454545454546,1916.787277069713,0.0,0,1,0,0,0,0,0,1,0,0,0,1,1,1,0.7891260670264273
0,0.0,0,0.0,3,181.5,0.0,0.0,4,1,1,6,1,3,181.5,60.5,1.0,0.0,0.0,1,1,1,0,0,0,0,0,0,0,0,1,0,0,0.03373776773280304
8,143.1666667,1,22.0,87,2531.060479,0.860484729,0.0,1,1,1,1,0,96,2696.2271457,28.085699434375,0.90625,48.57336172634541,0.389302335847207,0,1,0,0,0,0,0,1,0,0,0,1,0,0,0.11867459256799184
1,41.0,0,0.0,30,1018.0,54.21806897,0.0,2,2,1,2,0,31,1059.0,34.16129032258065,0.967741935483871,15677.773830081807,0.0,0,1,0,0,0,0,0,1,0,0,0,1,1,1,0.7675431186582562
0,0.0,2,499.0,12,755.0,71.488,0.0,2,5,2,2,0,14,1254.0,89.57142857142857,0.8571428571428571,4643.701709981055,0.0,0,1,0,0,0,0,0,1,0,0,0,0,1,1,0.8337986723303352
4,54.5,0,0.0,3,21.0,0.0,0.0,1,1,2,2,0,7,75.5,10.785714285714286,0.42857142857142855,0.0,0.0,0,1,0,0,0,0,0,0,1,0,0,0,0,0,0.21574559015887612
0,0.0,0,0.0,2,4.0,0.0,0.0,2,2,2,2,0,2,4.0,2.0,1.0,0.0,0.0,0,1,0,0,0,0,0,0,1,0,0,1,0,0,0.061542804391521655
0,0.0,0,0.0,12,640.375,0.0,0.0,1,1,5,1,1,12,640.375,53.364583333333336,1.0,0.0,0.5554218348684001,1,1,1,0,0,0,0,0,0,0,0,1,0,0,0.03373776773280304
0,0.0,0,0.0,4,43.2,0.0,0.0,3,2,4,3,0,4,43.2,10.8,1.0,0.0,0.0,0,0,0,0,1,0,0,0,0,0,0,1,0,0,0.03183788113276797
0,0.0,0,0.0,30,1029.583333,0.0,0.0,3,2,1,2,0,30,1029.583333,34.31944443333334,1.0,0.0,0.38918585582325266,0,1,1,0,0,0,0,0,0,0,0,1,0,0,0.03373776773280304
1,108.8,0,0.0,15,387.4,0.0,0.0,2,2,1,2,0,16,496.2,31.0125,0.9375,0.0,0.0,0,0,0,0,0,1,0,0,0,0,0,0,0,0,0.0377923968970553
1,112.8,0,0.0,8,543.7333333,28.69843548,0.0,1,1,6,2,1,9,656.5333333,72.94814814444445,0.8888888888888888,2580.536735943019,0.0,0,0,0,0,0,0,0,0,0,1,0,0,1,1,0.8079838541460838
8,246.5333333,0,0.0,79,2150.433333,17.35448787,0.0,1,1,1,3,0,87,2396.9666663,27.55134099195402,0.9080459770114943,830.6152453672988,0.34598818945612553,0,1,0,0,0,0,0,0,1,0,0,1,0,1,0.531831776036979
0,0.0,0,0.0,11,1712.416667,0.0,0.0,3,2,1,10,1,11,1712.416667,155.67424245454546,1.0,0.0,0.49986253780073014,1,1,0,0,0,0,0,0,1,0,0,1,0,0,0.07660774221828856
0,0.0,0,0.0,18,191.0,0.0,0.0,4,1,3,1,0,18,191.0,10.61111111111111,1.0,0.0,0.0,0,1,0,0,0,0,0,0,1,0,0,1,0,0,0.08723024627843734
4,209.0625,0,0.0,71,3401.050687,0.0,0.0,2,2,2,2,0,75,3610.113187,48.13484249333333,0.9466666666666667,0.0,0.19537078887631848,0,1,0,0,0,0,0,0,1,0,0,1,0,0,0.19059579097225038
0,0.0,0,0.0,24,648.0678571,0.0,0.4,2,2,3,1,0,24,648.0678571,27.002827379166664,1.0,0.0,0.4674013636378423,0,1,0,0,0,0,0,1,0,0,0,1,0,0,0.024438128369347105
2,17.2,0,0.0,18,168.5285714,0.0,0.0,1,1,3,2,0,20,185.7285714,9.28642857,0.9,0.0,0.4283970097923587,0,0,0,0,0,0,0,0,0,1,0,1,0,0,0.04261759467701968
0,0.0,0,0.0,14,253.1666667,0.0,0.6,3,2,8,13,0,14,253.1666667,18.083333335714286,1.0,0.0,0.3528539978693969,0,1,0,0,0,0,0,1,0,0,0,1,0,0,0.024438128369347105
6,228.0,5,89.33333333,18,513.4666667,0.0,0.0,1,1,3,3,0,29,830.8000000300001,28.64827586310345,0.6206896551724138,0.0,0.0,0,0,0,0,0,0,1,0,0,0,0,0,0,0,0.027559445376056948
0,0.0,0,0.0,6,143.5,0.0,0.0,1,1,8,10,0,6,143.5,23.916666666666668,1.0,0.0,0.0,0,1,1,0,0,0,0,0,0,0,0,1,0,0,0.03183788113276797
0,0.0,0,0.0,15,383.4583333,0.0,0.0,2,2,2,2,0,15,383.4583333,25.563888886666668,1.0,0.0,0.0,0,1,1,0,0,0,0,0,0,0,0,1,0,0,0.03373776773280304
0,0.0,0,0.0,5,116.0,0.0,0.0,2,5,1,1,0,5,116.0,23.2,1.0,0.0,0.0,0,0,0,0,0,0,1,0,0,0,0,1,0,0,0.024385651554708697
0,0.0,0,0.0,3,5.0,0.0,0.0,1,1,3,6,0,3,5.0,1.6666666666666667,1.0,0.0,0.5999640009600145,0,1,0,0,0,0,0,1,0,0,0,1,0,0,0.024438128369347105
1,55.0,2,18.0,9,548.0,17.2704,0.0,2,4,3,4,0,12,621.0,51.75,0.75,431.65208697825534,0.0,0,1,0,0,0,0,0,1,0,0,0,1,1,1,0.5559217327620157
6,253.0,0,0.0,21,686.4,0.0,0.0,1,1,3,3,0,27,939.4,34.79259259259259,0.7777777777777778,0.0,0.31553042388084096,0,0,0,0,0,0,1,0,0,0,0,1,0,0,0.02682579378132341
0,0.0,1,8.0,38,2370.729167,0.0,0.0,2,10,2,2,0,39,2378.729167,60.99305556410256,0.9743589743589743,0.0,0.5053426915222002,0,1,0,0,0,0,0,0,1,0,0,1,0,0,0.1667738392166989
5,216.25,2,107.0,39,1056.511364,0.0,0.0,3,2,1,1,1,46,1379.761364,29.994812260869566,0.8478260869565217,0.0,0.631379557704098,1,1,1,0,0,0,0,0,0,0,0,1,0,0,0.07608453149984565
0,0.0,0,0.0,23,1516.966667,0.0,0.2,1,1,8,1,0,23,1516.966667,65.95507247826086,1.0,0.0,0.0,0,1,0,0,0,0,0,1,0,0,0,1,0,0,0.024438128369347105
5,20.0,0,0.0,72,3220.887143,0.975803268,0.0,4,1,2,1,0,77,3240.887143,42.08944341558441,0.935064935064935,15.815647863364669,0.40418007242822834,0,0,0,0,0,0,0,0,0,1,0,1,0,0,0.09889631473290937
0,0.0,1,44.0,14,549.5,43.252,0.2,2,4,1,2,0,15,593.5,39.56666666666667,0.9333333333333333,3241.468979302248,0.0,0,1,0,0,0,0,0,1,0,0,0,0,1,1,0.8500877519763554
3,9.0,0,0.0,17,372.25,0.0,0.0,4,1,3,1,0,20,381.25,19.0625,0.85,0.0,0.0,0,1,0,0,0,0,0,0,1,0,0,1,0,0,0.10040526618688729
6,31.0,0,0.0,17,1494.25,0.0,0.0,1,1,3,7,0,23,1525.25,66.31521739130434,0.7391304347826086,0.0,0.644956217204624,0,1,0,0,0,0,0,0,1,0,0,1,0,0,0.11098679987897239
